[2026-08-05 12:37:26] [INFO] Uruchomiono aplikację Network File Manager.
[2026-08-05 12:37:55] [INFO] ZARCHIWIZOWANO: Plik 'FREZ D6 Z2+2 L15x50.tom' z maszyny 'MX7_ULTRA' do katalogu 'WYKONANIE MX7_ULTRA 17_06_26 15_00'.
[2026-08-05 12:38:20] [INFO] ZARCHIWIZOWANO: Plik 'FREZ D10 L70 Z4.tom' z maszyny 'MX7_ULTRA' do katalogu 'WYKONANIE MX7_ULTRA 21_05_26 20_07'.
[2026-08-05 12:38:29] [INFO] ZARCHIWIZOWANO: Plik 'FREZ D10 Z1 L30 F1-ALU.tom' z maszyny 'MX7_ULTRA' do katalogu 'WYKONANIE MX7_ULTRA 14_07_26 19_11'.
[2026-08-05 12:38:38] [INFO] ZARCHIWIZOWANO: Plik 'FREZ D10 Z1 A1-1040.tom' z maszyny 'MX7_ULTRA' do katalogu 'WYKONANIE MX7_ULTRA 07_07_26 14_10'.
[2026-08-05 12:38:44] [INFO] ZARCHIWIZOWANO: Plik 'FREZ D10-L27-Z4-HW S4-ST.tom' z maszyny 'MX7_ULTRA' do katalogu 'WYKONANIE MX7_ULTRA 16_07_26 11_49'.
[2026-08-05 12:38:55] [INFO] ZARCHIWIZOWANO: Plik 'FREZ D18 Z2 A2-1835 LEWE.tom' z maszyny 'MX7_ULTRA' do katalogu 'WYKONANIE MX7_ULTRA 23_06_26 07_20'.
[2026-08-05 12:39:06] [INFO] ZARCHIWIZOWANO: Plik 'FREZ D3 Z1 L12 PRAWE F1-ALU.tom' z maszyny 'MX7_ULTRA' do katalogu 'WYKONANIE MX7_ULTRA 14_07_26 10_04'.
[2026-08-05 13:15:34] [INFO] Uruchomiono aplikację Network File Manager.
[2026-08-05 13:17:21] [INFO] Uruchomiono aplikację Network File Manager.
[2026-08-05 13:18:52] [INFO] Uruchomiono aplikację Network File Manager.
[2026-08-05 13:18:52] [INFO] SKANOWANIE OK: Maszyna 'MX7_ULTRA', Ścieżka: '\\192.168.1.67\c$\Program Files (x86)\ANCA\RN34.1\toolroom\user\tools', Znaleziono elementów: 23
[2026-08-05 13:18:53] [INFO] SKANOWANIE OK: Maszyna 'MX7_ULTRA', Ścieżka: '\\192.168.1.67\c$\Program Files (x86)\ANCA\RN34.1\toolroom\user\tools', Znaleziono elementów: 23
[2026-08-05 13:18:54] [INFO] SKANOWANIE OK: Maszyna 'FX7_LINEAR', Ścieżka: '\\192.168.1.55\c$\Program Files (x86)\ANCA\RN34.1\toolroom\user\tools', Znaleziono elementów: 19
[2026-08-05 13:18:54] [INFO] SKANOWANIE OK: Maszyna 'MX7_ULTRA', Ścieżka: '\\192.168.1.67\c$\Program Files (x86)\ANCA\RN34.1\toolroom\user\tools', Znaleziono elementów: 23
[2026-08-05 13:20:14] [INFO] Uruchomiono aplikację Network File Manager.
[2026-08-05 13:21:15] [INFO] Uruchomiono aplikację Network File Manager.
[2026-08-05 13:36:05] [INFO] Uruchomiono aplikację Network File Manager.
[2026-08-05 13:36:43] [INFO] ZARCHIWIZOWANO: Plik 'FREZ D22 Z2 L80 PROSTY PRZESTAWIONY.tom' z maszyny 'MX7_ULTRA' do katalogu 'WYKONANIE MX7_ULTRA 27_07_26 09_40'.
[2026-08-05 13:36:51] [INFO] ZARCHIWIZOWANO: Plik 'VALEO AW900 Rolka MR1.ST6.02.05_1V2.tom' z maszyny 'MX7_ULTRA' do katalogu 'WYKONANIE MX7_ULTRA 22_05_26 22_25'.
[2026-08-05 13:36:57] [INFO] ZARCHIWIZOWANO: Plik 'POL-SKONE D13 Z2 R12.6 R0.5.tom' z maszyny 'MX7_ULTRA' do katalogu 'WYKONANIE MX7_ULTRA 09_06_26 08_32'.
[2026-08-05 13:37:19] [INFO] USUNIĘTO FOLDER Z ZAWARTOŚCIĄ (1 elem.): '\\192.168.1.67\c$\Program Files (x86)\ANCA\RN34.1\toolroom\user\tools\WYKONANE\2026\109'
[2026-08-05 13:37:22] [INFO] USUNIĘTO PUSTY FOLDER: '\\192.168.1.67\c$\Program Files (x86)\ANCA\RN34.1\toolroom\user\tools\WYKONANE\2026\38'
[2026-08-05 13:37:25] [INFO] USUNIĘTO PUSTY FOLDER: '\\192.168.1.67\c$\Program Files (x86)\ANCA\RN34.1\toolroom\user\tools\WYKONANE\2026\55'
[2026-08-05 13:37:28] [INFO] USUNIĘTO PUSTY FOLDER: '\\192.168.1.67\c$\Program Files (x86)\ANCA\RN34.1\toolroom\user\tools\WYKONANE\2026\84 POL-SKONE'
[2026-08-05 13:37:34] [INFO] ZARCHIWIZOWANO: Plik 'WIERTLO D12x6 PRAWE K120 NACINAKI.tom' z maszyny 'MX7_ULTRA' do katalogu 'WYKONANIE MX7_ULTRA 24_07_26 22_26'.
[2026-08-05 13:37:38] [INFO] USUNIĘTO PUSTY FOLDER: '\\192.168.1.67\c$\Program Files (x86)\ANCA\RN34.1\toolroom\user\tools\WYKONANE\2026\134'
[2026-08-05 13:38:03] [INFO] ZARCHIWIZOWANO: Plik 'FREZ D12 Z2 KULKA LOLIPOP.tom' z maszyny 'MX7_ULTRA' do katalogu 'WYKONANIE MX7_ULTRA 29_07_26 13_44'.
[2026-08-05 13:38:06] [INFO] ZARCHIWIZOWANO: Plik 'FREZ D20 Z2 KULKA LOLIPOP.tom' z maszyny 'MX7_ULTRA' do katalogu 'WYKONANIE MX7_ULTRA 29_07_26 11_59'.
[2026-08-05 13:38:12] [INFO] USUNIĘTO PUSTY FOLDER: '\\192.168.1.67\c$\Program Files (x86)\ANCA\RN34.1\toolroom\user\tools\WYKONANE\2026\136'
[2026-08-05 13:38:19] [INFO] ZARCHIWIZOWANO: Plik 'WIERTLO D12-LEWE-LAMACZ NA CZOLE.tom' z maszyny 'MX7_ULTRA' do katalogu 'WYKONANIE MX7_ULTRA 25_06_26 11_31'.
[2026-08-05 13:38:21] [INFO] ZARCHIWIZOWANO: Plik 'WIERTLO D12-PRAWE-LAMACZ NA CZOLE.tom' z maszyny 'MX7_ULTRA' do katalogu 'WYKONANIE MX7_ULTRA 24_06_26 12_54'.
[2026-08-05 13:38:28] [INFO] USUNIĘTO PUSTY FOLDER: '\\192.168.1.67\c$\Program Files (x86)\ANCA\RN34.1\toolroom\user\tools\WYKONANE\2026\140'
[2026-08-05 13:38:43] [INFO] ZARCHIWIZOWANO: Plik 'WIERTLO D14 L120 K90 PRZELOTOWE.tom' z maszyny 'MX7_ULTRA' do katalogu 'WYKONANIE MX7_ULTRA 27_04_26 10_49'.
[2026-08-05 13:38:48] [INFO] USUNIĘTO PUSTY FOLDER: '\\192.168.1.67\c$\Program Files (x86)\ANCA\RN34.1\toolroom\user\tools\WYKONANE\2026\155'
[2026-08-05 14:50:15] [ERROR] SKANOWANIE: Brak dostępu do maszyny MX7_ULTRA lub ścieżka nie istnieje. Ścieżka: '\\192.168.1.67\c$\Program Files (x86)\ANCA\RN34.1\toolroom\user\tools'
[2026-08-05 14:50:49] [INFO] ZARCHIWIZOWANO: Plik 'FREZ D8 L40 Z1 HW F1-ALU NEGATYW.tom' z maszyny 'MX7_BORK' do katalogu 'WYKONANIE MX7_BORK 24_06_26 19_24'.
[2026-08-05 14:51:08] [INFO] ZARCHIWIZOWANO: Plik 'MTEHNIK D5 L25 PRAWE JWn.tom' z maszyny 'MX7_BORK' do katalogu 'WYKONANIE MX7_BORK 18_05_26 07_25'.
[2026-08-05 14:51:13] [INFO] ZARCHIWIZOWANO: Plik 'MTEHNIK D5 L25 Z1 STHW.tom' z maszyny 'MX7_BORK' do katalogu 'WYKONANIE MX7_BORK 16_05_26 20_16'.
[2026-08-05 14:51:20] [INFO] ZARCHIWIZOWANO: Plik 'MTEHNIK D5 Z1 L40 Prawo-lewy szpic.tom' z maszyny 'MX7_BORK' do katalogu 'WYKONANIE MX7_BORK 14_05_26 21_16'.
[2026-08-05 14:51:30] [INFO] ZARCHIWIZOWANO: Plik 'FREZ D5 L30 Z3 HSS.tom' z maszyny 'MX7_BORK' do katalogu 'WYKONANIE MX7_BORK 13_07_26 13_05'.
[2026-08-05 14:51:51] [INFO] ZARCHIWIZOWANO: Plik 'D8 Z3 L1,5 CZYSZCZARKA.tom' z maszyny 'MX7_BORK' do katalogu 'WYKONANIE MX7_BORK 02_06_26 12_13'.
[2026-08-05 14:51:58] [INFO] USUNIĘTO PUSTY FOLDER: '\\192.168.1.74\c$\Program Files (x86)\ANCA\RN34.1\toolroom\user\tools\WYKONANE\2026\ZS-927 OKNOPLAST'
[2026-08-05 14:52:10] [INFO] ZARCHIWIZOWANO: Plik 'FREZ D4 Z1 L20 DR-420.tom' z maszyny 'MX7_BORK' do katalogu 'WYKONANIE MX7_BORK 19_04_26 20_16'.
[2026-08-05 14:52:18] [INFO] USUNIĘTO PUSTY FOLDER: '\\192.168.1.74\c$\Program Files (x86)\ANCA\RN34.1\toolroom\user\tools\WYKONANE\2026\1001'
[2026-08-05 14:52:36] [INFO] ZARCHIWIZOWANO: Plik 'WIERTLO D6.5 L25 K60 PRZELOTOWE.tom' z maszyny 'MX7_BORK' do katalogu 'WYKONANIE MX7_BORK 20_07_26 12_30'.
[2026-08-05 14:52:40] [INFO] USUNIĘTO PUSTY FOLDER: '\\192.168.1.74\c$\Program Files (x86)\ANCA\RN34.1\toolroom\user\tools\WYKONANE\2026\103 DREWCO'
[2026-08-05 14:52:50] [INFO] ZARCHIWIZOWANO: Plik 'WOOD GLASS D12 Z2 R1 R5.tom' z maszyny 'MX7_BORK' do katalogu 'WYKONANIE MX7_BORK 12_06_26 11_21'.
[2026-08-05 14:52:55] [INFO] USUNIĘTO PUSTY FOLDER: '\\192.168.1.74\c$\Program Files (x86)\ANCA\RN34.1\toolroom\user\tools\WYKONANE\2026\136 WOOD GLASS'
[2026-08-05 14:53:02] [INFO] ZARCHIWIZOWANO: Plik 'WIERTLO D5 Z4 L10 HS.tom' z maszyny 'MX7_BORK' do katalogu 'WYKONANIE MX7_BORK 31_07_26 07_57'.
[2026-08-05 14:53:03] [INFO] ZARCHIWIZOWANO: Plik 'FREZ D21 L50 Z4 K120 HSS.tom' z maszyny 'MX7_BORK' do katalogu 'WYKONANIE MX7_BORK 28_07_26 14_57'.
[2026-08-05 14:53:11] [INFO] USUNIĘTO PUSTY FOLDER: '\\192.168.1.74\c$\Program Files (x86)\ANCA\RN34.1\toolroom\user\tools\WYKONANE\2026\143 PROFINE FRANCE'
[2026-08-05 14:53:29] [INFO] ZARCHIWIZOWANO: Plik 'PRO-TECH WIERTLO D4.2X3 K120.tom' z maszyny 'MX7_BORK' do katalogu 'WYKONANIE MX7_BORK 16_07_26 16_15'.
[2026-08-05 14:53:32] [INFO] USUNIĘTO PUSTY FOLDER: '\\192.168.1.74\c$\Program Files (x86)\ANCA\RN34.1\toolroom\user\tools\WYKONANE\2026\144 PRO-TECH'
[2026-08-05 14:54:56] [INFO] ZARCHIWIZOWANO: Plik 'WIERTLO KLAMKA D14x6 L6 PRAWE 60x100.tom' z maszyny 'MX7_BORK' do katalogu 'WYKONANIE MX7_BORK 15_07_26 11_27'.
[2026-08-05 14:54:58] [INFO] ZARCHIWIZOWANO: Plik 'WIERTLO KLAMKA D14x6 L6 PRAWE.tom' z maszyny 'MX7_BORK' do katalogu 'WYKONANIE MX7_BORK 14_07_26 10_21'.
[2026-08-05 14:55:02] [INFO] USUNIĘTO PUSTY FOLDER: '\\192.168.1.74\c$\Program Files (x86)\ANCA\RN34.1\toolroom\user\tools\WYKONANE\2026\173 BRUNO'
[2026-08-05 14:55:11] [INFO] ZARCHIWIZOWANO: Plik 'FREZ D8 Z3 L30 HW LAMACZ .tom' z maszyny 'MX7_BORK' do katalogu 'WYKONANIE MX7_BORK 24_06_26 18_39'.
[2026-08-05 14:55:15] [INFO] ZARCHIWIZOWANO: Plik 'FREZ D10 Z3 L40 HW LAMACZ .tom' z maszyny 'MX7_BORK' do katalogu 'WYKONANIE MX7_BORK 24_06_26 16_06'.
[2026-08-05 14:55:16] [INFO] ZARCHIWIZOWANO: Plik 'FREZ D12 Z3 L45 HW LAMACZ .tom' z maszyny 'MX7_BORK' do katalogu 'WYKONANIE MX7_BORK 24_06_26 17_58'.
[2026-08-05 14:55:19] [INFO] ZARCHIWIZOWANO: Plik 'FREZ D15 Z3 L90 HW LAMACZ .tom' z maszyny 'MX7_BORK' do katalogu 'WYKONANIE MX7_BORK 25_06_26 17_58'.
[2026-08-05 14:55:20] [INFO] ZARCHIWIZOWANO: Plik 'FREZ D16 Z3 L80 HW LAMACZ .tom' z maszyny 'MX7_BORK' do katalogu 'WYKONANIE MX7_BORK 11_06_26 11_34'.
[2026-08-05 14:55:23] [INFO] ZARCHIWIZOWANO: Plik 'FREZ D20 Z3 L80 HW LAMACZ .tom' z maszyny 'MX7_BORK' do katalogu 'WYKONANIE MX7_BORK 11_06_26 11_37'.
[2026-08-05 14:55:29] [INFO] USUNIĘTO PUSTY FOLDER: '\\192.168.1.74\c$\Program Files (x86)\ANCA\RN34.1\toolroom\user\tools\WYKONANE\2026\188 Q-WINDOWS'
[2026-08-05 14:55:39] [INFO] ZARCHIWIZOWANO: Plik 'FREZ D12 Z4 L25 LAMACZ HSS.tom' z maszyny 'MX7_BORK' do katalogu 'WYKONANIE MX7_BORK 15_06_26 06_59'.
[2026-08-05 14:55:43] [INFO] USUNIĘTO PUSTY FOLDER: '\\192.168.1.74\c$\Program Files (x86)\ANCA\RN34.1\toolroom\user\tools\WYKONANE\2026\133 WALDEMARO'
[2026-08-05 14:55:52] [INFO] ZARCHIWIZOWANO: Plik 'WIERTLO POD KLAMKE D-12_PILOT6-6_PRAWE-LAMACZ.tom' z maszyny 'MX7_BORK' do katalogu 'WYKONANIE MX7_BORK 10_07_26 17_19'.
[2026-08-05 14:55:54] [INFO] ZARCHIWIZOWANO: Plik 'WIERTLO POD KLAMKE-D10_PILOT 6-6-LEWE-LAMACZ.tom' z maszyny 'MX7_BORK' do katalogu 'WYKONANIE MX7_BORK 16_06_26 11_29'.
[2026-08-05 14:55:59] [INFO] USUNIĘTO PUSTY FOLDER: '\\192.168.1.74\c$\Program Files (x86)\ANCA\RN34.1\toolroom\user\tools\WYKONANE\2026\222 DRUTEX'
[2026-08-05 14:56:07] [INFO] ZARCHIWIZOWANO: Plik 'D4 Z1 A1-425.tom' z maszyny 'MX7_BORK' do katalogu 'WYKONANIE MX7_BORK 18_04_26 10_02'.
[2026-08-05 14:56:10] [INFO] USUNIĘTO PUSTY FOLDER: '\\192.168.1.74\c$\Program Files (x86)\ANCA\RN34.1\toolroom\user\tools\WYKONANE\2026\221'
[2026-08-05 14:56:56] [INFO] ZARCHIWIZOWANO: Plik 'D6-L29-NOZYK DO PAPIERU.tom' z maszyny 'MX7_BORK' do katalogu 'WYKONANIE MX7_BORK 12_06_26 07_14'.
[2026-08-05 14:56:59] [INFO] ZARCHIWIZOWANO: Plik 'D10 L72 NOZYK DO GUMY.tom' z maszyny 'MX7_BORK' do katalogu 'WYKONANIE MX7_BORK 18_06_26 08_35'.
[2026-08-05 14:57:05] [INFO] USUNIĘTO PUSTY FOLDER: '\\192.168.1.74\c$\Program Files (x86)\ANCA\RN34.1\toolroom\user\tools\WYKONANE\2026\242 PLOTCOMPLEX'
[2026-08-05 14:57:41] [INFO] ZARCHIWIZOWANO: Plik 'FREZ D6 Z2+2 L15x50.tom' z maszyny 'MX7_BORK' do katalogu 'WYKONANIE MX7_BORK 15_06_26 10_06'.
[2026-08-05 14:57:45] [INFO] ZARCHIWIZOWANO: Plik 'FREZ STOZKOWY D8 Z3 K30.tom' z maszyny 'MX7_BORK' do katalogu 'WYKONANIE MX7_BORK 17_06_26 10_52'.
[2026-08-05 14:57:54] [INFO] USUNIĘTO PUSTY FOLDER: '\\192.168.1.74\c$\Program Files (x86)\ANCA\RN34.1\toolroom\user\tools\WYKONANE\2026\274 URZEDOWSKI'
[2026-08-05 14:58:03] [INFO] ZARCHIWIZOWANO: Plik 'FREZ D16 Z3-LAMACZ-HSS.tom' z maszyny 'MX7_BORK' do katalogu 'WYKONANIE MX7_BORK 10_06_26 13_52'.
[2026-08-05 14:58:06] [INFO] ZARCHIWIZOWANO: Plik 'FREZ D16 Z3-LAMACZ-HW.tom' z maszyny 'MX7_BORK' do katalogu 'WYKONANIE MX7_BORK 09_06_26 09_46'.
[2026-08-05 14:58:23] [INFO] USUNIĘTO PUSTY FOLDER: '\\192.168.1.74\c$\Program Files (x86)\ANCA\RN34.1\toolroom\user\tools\WYKONANE\2026\299 CERAMIC'
[2026-08-05 14:58:52] [INFO] ZARCHIWIZOWANO: Plik 'FREZ D16 Z3-LAMACZ-HW.tom' z maszyny 'MX7_BORK' do katalogu 'WYKONANIE MX7_BORK 17_05_26 18_09'.
[2026-08-05 14:58:57] [INFO] USUNIĘTO PUSTY FOLDER: '\\192.168.1.74\c$\Program Files (x86)\ANCA\RN34.1\toolroom\user\tools\WYKONANE\2026\299'
[2026-08-05 14:59:07] [INFO] ZARCHIWIZOWANO: Plik 'ARLANGA WIERTLO POD KLAMKE D6x10 L6 LEWE.tom' z maszyny 'MX7_BORK' do katalogu 'WYKONANIE MX7_BORK 18_05_26 11_06'.
[2026-08-05 14:59:09] [INFO] ZARCHIWIZOWANO: Plik 'FREZ D5 L30 Z2 K90.tom' z maszyny 'MX7_BORK' do katalogu 'WYKONANIE MX7_BORK 18_05_26 10_07'.
[2026-08-05 14:59:18] [INFO] ZARCHIWIZOWANO: Plik 'FREZ D10 L40 Z1 HW O1-ALU.tom' z maszyny 'MX7_BORK' do katalogu 'WYKONANIE MX7_BORK 14_07_26 13_13'.
[2026-08-05 14:59:34] [INFO] USUNIĘTO PUSTY FOLDER: '\\192.168.1.74\c$\Program Files (x86)\ANCA\RN34.1\toolroom\user\tools\WYKONANE\2026\226 DRUTEX'
[2026-08-05 14:59:40] [INFO] ZARCHIWIZOWANO: Plik 'D5 L30 Z1 PRAWO-LEWY HW POLER O1-ALU.tom' z maszyny 'MX7_BORK' do katalogu 'WYKONANIE MX7_BORK 19_06_26 05_57'.
[2026-08-05 14:59:44] [INFO] USUNIĘTO PUSTY FOLDER: '\\192.168.1.74\c$\Program Files (x86)\ANCA\RN34.1\toolroom\user\tools\WYKONANE\2026\86 KNS'
[2026-08-05 14:59:52] [INFO] ZARCHIWIZOWANO: Plik 'KOCZY Z2 D38 PROFIL R5.tom' z maszyny 'MX7_BORK' do katalogu 'WYKONANIE MX7_BORK 02_07_26 18_01'.
[2026-08-05 14:59:57] [INFO] USUNIĘTO PUSTY FOLDER: '\\192.168.1.74\c$\Program Files (x86)\ANCA\RN34.1\toolroom\user\tools\WYKONANE\2026\40 KOCZY'
[2026-08-05 15:00:06] [INFO] ZARCHIWIZOWANO: Plik 'AKCES D13 L25 PRAWE NIEPRZELOTOWE.tom' z maszyny 'MX7_BORK' do katalogu 'WYKONANIE MX7_BORK 22_05_26 21_01'.
[2026-08-06 10:29:15] [INFO] Uruchomiono aplikację Network File Manager.
[2026-08-06 10:30:17] [INFO] Uruchomiono aplikację Network File Manager.
[2026-08-06 10:30:48] [INFO] Uruchomiono aplikację Network File Manager.
[2026-08-06 10:30:51] [INFO] SYMULACJA POMINIĘCIE: 'D16 L35.tom' (Brak folderu w bazie)
[2026-08-06 10:30:51] [INFO] SYMULACJA POMINIĘCIE: 'FREZ DO GWINTU TRAPEZOWEGO WEWNTERZNEGO-D14-Z3.tom' (Brak folderu w bazie)
[2026-08-06 10:30:51] [INFO] SYMULACJA POMINIĘCIE: 'lolipop pakiet lolipop.tom' (Brak folderu w bazie)
[2026-08-06 10:30:51] [INFO] SYMULACJA POMINIĘCIE: 'readtest.tom' (Brak folderu w bazie)
[2026-08-06 10:30:51] [INFO] SYMULACJA POMINIĘCIE: 'SZLIF NA OKRAGLO.tom' (Brak folderu w bazie)
[2026-08-06 10:30:51] [INFO] SYMULACJA POMINIĘCIE: 't.tom' (Dwuznaczność (4 folderów))
[2026-08-06 10:30:51] [INFO] SYMULACJA POMINIĘCIE: 'testowe cos.tom' (Brak folderu w bazie)
[2026-08-06 10:30:51] [INFO] SYMULACJA POMINIĘCIE: 'ABAKUS D5 L30 Z1  HW POLER LEWE.tom' (Brak folderu w bazie)
[2026-08-06 10:30:51] [INFO] SYMULACJA POMINIĘCIE: 'actual kunststofftechnik D13 Z1 L45.tom' (Brak folderu w bazie)
[2026-08-06 10:30:51] [INFO] SYMULACJA POMINIĘCIE: 'actual kunststofftechnik D5 Z1 L40 JW.tom' (Brak folderu w bazie)
[2026-08-06 10:30:51] [INFO] SYMULACJA POMINIĘCIE: 'actual kunststofftechnik D6 Z1 L65 JW.tom' (Brak folderu w bazie)
[2026-08-06 10:30:51] [INFO] SYMULACJA POMINIĘCIE: 'actual kunststofftechnik D8 Z1 L40.tom' (Brak folderu w bazie)
[2026-08-06 10:30:51] [INFO] SYMULACJA POMINIĘCIE: 'AJRAM FREZ KULA D25 Z2 L35.tom' (Brak folderu w bazie)
[2026-08-06 10:30:51] [INFO] SYMULACJA POMINIĘCIE: 'AJram v1.tom' (Brak folderu w bazie)
[2026-08-06 10:30:51] [INFO] SYMULACJA POMINIĘCIE: 'AJram v2 - kulowo.tom' (Brak folderu w bazie)
[2026-08-06 10:30:51] [INFO] SYMULACJA POMINIĘCIE: 'ALBUD D5 L30 Z1 HW.tom' (Brak folderu w bazie)
[2026-08-06 10:30:51] [INFO] SYMULACJA POMINIĘCIE: 'ALL WINDOWS GROUP FREZ D10 Z6 LEWE.tom' (Brak folderu w bazie)
[2026-08-06 10:30:51] [INFO] SYMULACJA POMINIĘCIE: 'ALL WINDOWS GROUP FREZ D10 Z6 Prawe.tom' (Brak folderu w bazie)
[2026-08-06 10:30:51] [INFO] SYMULACJA POMINIĘCIE: 'ALL WINDOWS WIERTLO Z4 6x10 KLAMKA LEWE TEST v2.tom' (Brak folderu w bazie)
[2026-08-06 10:30:51] [INFO] SYMULACJA POMINIĘCIE: 'ALL WINDOWS WIERTLO Z4 6x12 KLAMKA PRAWE v3.tom' (Brak folderu w bazie)
[2026-08-06 10:30:51] [INFO] SYMULACJA POMINIĘCIE: 'ALL WINDOWS WIERTLO Z4 6x12 KLAMKA TEST v2.tom' (Brak folderu w bazie)
[2026-08-06 10:30:51] [INFO] SYMULACJA POMINIĘCIE: 'ALUDOR D5 L50 Z1 HW O1-ALU.tom' (Brak folderu w bazie)
[2026-08-06 10:30:51] [INFO] SYMULACJA POMINIĘCIE: 'Aludor D5 Z1 A1-518 NG.tom' (Brak folderu w bazie)
[2026-08-06 10:30:51] [INFO] SYMULACJA OK: 'ALUDOR D7 Z1 A1-740.tom' zakwalifikowany do '241 ALUDOR'
[2026-08-06 10:30:51] [INFO] SYMULACJA OK: 'ALUDOR FREZ D7 Z2 L40.tom' zakwalifikowany do '241 ALUDOR'
[2026-08-06 10:30:51] [INFO] SYMULACJA POMINIĘCIE: 'BAROCKA WIERTLO D12.9x7.1 PRAWE NIEPRZELOTOWE.tom' (Brak folderu w bazie)
[2026-08-06 10:30:51] [INFO] SYMULACJA POMINIĘCIE: 'BARTYN FREZ D25 L22 WSTECZNY K40.tom' (Brak folderu w bazie)
[2026-08-06 10:30:51] [INFO] SYMULACJA POMINIĘCIE: 'BRON SCHODY D16,2 Z3 L30 LEWO PRAWY.tom' (Brak folderu w bazie)
[2026-08-06 10:30:51] [INFO] SYMULACJA OK: 'CARRIS REELS FREZ D63.5 KULA L96.5 HSS.tom' zakwalifikowany do '729 CARRIS REELS'
[2026-08-06 10:30:51] [INFO] SYMULACJA POMINIĘCIE: 'DAKO D5 Z1 A1-525 NOWE.tom' (Brak folderu w bazie)
[2026-08-06 10:30:51] [INFO] SYMULACJA POMINIĘCIE: 'DIAM-TOOLS FREZ D53 Z10 R21.tom' (Dwuznaczność (3 folderów))
[2026-08-06 10:30:51] [INFO] SYMULACJA POMINIĘCIE: 'DRUTEX D5 L25 Z1 HW O1-ALU SPIRALA 25.tom' (Brak folderu w bazie)
[2026-08-06 10:30:51] [INFO] SYMULACJA POMINIĘCIE: 'DUDEK NASADKA FAZUJACA D12.tom' (Brak folderu w bazie)
[2026-08-06 10:30:51] [INFO] SYMULACJA POMINIĘCIE: 'DUDEK NASADKA FAZUJACA D14,5.tom' (Brak folderu w bazie)
[2026-08-06 10:30:51] [INFO] SYMULACJA OK: 'EMPOL WIERTLO Z4 6x10 KLAMKA LEWE .tom' zakwalifikowany do '74 EMPOL'
[2026-08-06 10:30:51] [INFO] SYMULACJA OK: 'EMPOL WIERTLO Z4 6x12 KLAMKA PRAWE .tom' zakwalifikowany do '74 EMPOL'
[2026-08-06 10:30:51] [INFO] SYMULACJA POMINIĘCIE: 'FARO D10 Z2 MLOTECZEK.tom' (Brak folderu w bazie)
[2026-08-06 10:30:51] [INFO] SYMULACJA POMINIĘCIE: 'FARO D10x5.5 L40x20 NIEPRZELOTOWE prawe.tom' (Brak folderu w bazie)
[2026-08-06 10:30:51] [INFO] SYMULACJA POMINIĘCIE: 'FARO D11xD5.5 PRAWE-60st.tom' (Brak folderu w bazie)
[2026-08-06 10:30:51] [INFO] SYMULACJA POMINIĘCIE: 'FARO D12 L70 NIEPRZELOTOWE.tom' (Brak folderu w bazie)
[2026-08-06 10:30:51] [INFO] SYMULACJA POMINIĘCIE: 'FARO D13 Z4 L20 HSS.tom' (Brak folderu w bazie)
[2026-08-06 10:30:51] [INFO] SYMULACJA POMINIĘCIE: 'FARO D5 Z1 A1-516 NG.tom' (Brak folderu w bazie)
[2026-08-06 10:30:51] [INFO] SYMULACJA POMINIĘCIE: 'FARO D8x6 L10x14 NIEPRZELOTOWE lewe.tom' (Brak folderu w bazie)
[2026-08-06 10:30:51] [INFO] SYMULACJA POMINIĘCIE: 'FARO D8x6 L10x14 NIEPRZELOTOWE prawe.tom' (Brak folderu w bazie)
[2026-08-06 10:30:51] [INFO] SYMULACJA POMINIĘCIE: 'FARO D8x6 L10x29 NIEPRZELOTOWE lewe.tom' (Brak folderu w bazie)
[2026-08-06 10:30:51] [INFO] SYMULACJA POMINIĘCIE: 'FARO D8x6 L10x29 NIEPRZELOTOWE prawe.tom' (Brak folderu w bazie)
[2026-08-06 10:30:51] [INFO] SYMULACJA POMINIĘCIE: 'FREZWID D8-L13-Z4-HW S4-813 STOZEK 14.8 ST.tom' (Brak folderu w bazie)
[2026-08-06 10:30:51] [INFO] SYMULACJA POMINIĘCIE: 'FREZWID MAGAZYN D8 Z1 A1-835 .tom' (Brak folderu w bazie)
[2026-08-06 10:30:51] [INFO] SYMULACJA POMINIĘCIE: 'GALANTERIA LINETTY WIERTLO D11 L60 NIEPRZELOTOWE.tom' (Brak folderu w bazie)
[2026-08-06 10:30:51] [INFO] SYMULACJA POMINIĘCIE: 'GN KNIT D4 Z1 L30 pseb.tom' (Brak folderu w bazie)
[2026-08-06 10:30:51] [INFO] SYMULACJA POMINIĘCIE: 'GN KNIT D5 Z1 L20 pseb.tom' (Brak folderu w bazie)
[2026-08-06 10:30:51] [INFO] SYMULACJA POMINIĘCIE: 'GOLD DOOR WIERTLO- D7.8-L40,3-D7-L25-HW-LEWE.tom' (Brak folderu w bazie)
[2026-08-06 10:30:51] [INFO] SYMULACJA POMINIĘCIE: 'GOLD DOOR WIERTLO- D7.8-L40,3-D7-L25-HW-PRAWE.tom' (Brak folderu w bazie)
[2026-08-06 10:30:51] [INFO] SYMULACJA POMINIĘCIE: 'GORAN D12 Z3 L100.tom' (Brak folderu w bazie)
[2026-08-06 10:30:51] [INFO] SYMULACJA POMINIĘCIE: 'GT-TOOLS FREZ Poglebiacz D40 Z4 .tom' (Brak folderu w bazie)
[2026-08-06 10:30:51] [INFO] SYMULACJA OK: 'HANNECARD D5.5x6 R3xR2 L5.1 K10.tom' zakwalifikowany do '318 HANNECARD'
[2026-08-06 10:30:51] [INFO] SYMULACJA POMINIĘCIE: 'INSTYTUT MASZYN OSTRZENIE D58 Z8 K9.tom' (Brak folderu w bazie)
[2026-08-06 10:30:51] [INFO] SYMULACJA POMINIĘCIE: 'INSTYTUT MASZYN OSTRZENIE D73 Z16 K9.tom' (Brak folderu w bazie)
[2026-08-06 10:30:51] [INFO] SYMULACJA POMINIĘCIE: 'INVADO D16 Z3 L55 LEWO PRAWY.tom' (Brak folderu w bazie)
[2026-08-06 10:30:51] [INFO] SYMULACJA POMINIĘCIE: 'INVADO WIERTLO D10.1 L65 NIEPRZELOTOWE LEWE V2.tom' (Brak folderu w bazie)
[2026-08-06 10:30:51] [INFO] SYMULACJA POMINIĘCIE: 'INVADO WIERTLO D10.1 L65 NIEPRZELOTOWE LEWE.tom' (Brak folderu w bazie)
[2026-08-06 10:30:51] [INFO] SYMULACJA POMINIĘCIE: 'INVADO WIERTLO D10.1 L65 NIEPRZELOTOWE PRAWE.tom' (Brak folderu w bazie)
[2026-08-06 10:30:51] [INFO] SYMULACJA OK: 'IZO-PLAST D6 Z1 A1-640.tom' zakwalifikowany do '453 IZO - PLAST'
[2026-08-06 10:30:51] [INFO] SYMULACJA POMINIĘCIE: 'JUSTA BIS D5 Z1 L30 JW.tom' (Brak folderu w bazie)
[2026-08-06 10:30:51] [INFO] SYMULACJA POMINIĘCIE: 'KEYLITE FREZ D5 L35 K70 POLER.tom' (Brak folderu w bazie)
[2026-08-06 10:30:51] [INFO] SYMULACJA POMINIĘCIE: 'KEYLITE FREZ D5 L35 K70.tom' (Brak folderu w bazie)
[2026-08-06 10:30:51] [INFO] SYMULACJA POMINIĘCIE: 'KEYLITE RW POLSKA D9 Z3 L40 LEWO PRAWY.tom' (Brak folderu w bazie)
[2026-08-06 10:30:51] [INFO] SYMULACJA POMINIĘCIE: 'KEYLITE RW POLSKA D9 Z3 L40 PRAWO LEWY.tom' (Brak folderu w bazie)
[2026-08-06 10:30:51] [INFO] SYMULACJA POMINIĘCIE: 'KEYLITE WIERTLO PRAWE-D5-L30-60-STOPNI.tom' (Brak folderu w bazie)
[2026-08-06 10:30:51] [INFO] SYMULACJA POMINIĘCIE: 'KEYLITE WIERTLO PRAWE-D7.5-L30-60-STOPNI.tom' (Brak folderu w bazie)
[2026-08-06 10:30:51] [INFO] SYMULACJA POMINIĘCIE: 'KEYLITE WIERTLO PRAWE-D8.5-L30-60-STOPNI.tom' (Brak folderu w bazie)
[2026-08-06 10:30:51] [INFO] SYMULACJA POMINIĘCIE: 'KRONPLAST D8 L20 Z3 HS.tom' (Brak folderu w bazie)
[2026-08-06 10:30:51] [INFO] SYMULACJA POMINIĘCIE: 'KULA D6 KP.tom' (Brak folderu w bazie)
[2026-08-06 10:30:51] [INFO] SYMULACJA POMINIĘCIE: 'LISSY FREZ D12x8 L10x10 Z2.tom' (Brak folderu w bazie)
[2026-08-06 10:30:51] [INFO] SYMULACJA POMINIĘCIE: 'LUMBER ECO-TEC LTD D12 Z3+3 L10 X 30 vTom.tom' (Brak folderu w bazie)
[2026-08-06 10:30:51] [INFO] SYMULACJA POMINIĘCIE: 'LUMBER ECO-TEC LTD D12 Z3+3 L10 X 30.tom' (Brak folderu w bazie)
[2026-08-06 10:30:51] [INFO] SYMULACJA OK: 'MASLACH D13 Z2 90st PRZELOTOWE HSS.tom' zakwalifikowany do '698 MASLACH'
[2026-08-06 10:30:51] [INFO] SYMULACJA POMINIĘCIE: 'MASLACH D18 Z2 90st PRZELOTOWE HSS.tom' (Brak folderu w bazie)
[2026-08-06 10:30:51] [INFO] SYMULACJA POMINIĘCIE: 'MEJZA D20 Z2 PROFIL R2 R9.tom' (Brak folderu w bazie)
[2026-08-06 10:30:51] [INFO] SYMULACJA POMINIĘCIE: 'MIKINKA D12 Z2 L13 PROFIL PROSTY.tom' (Brak folderu w bazie)
[2026-08-06 10:30:51] [INFO] SYMULACJA POMINIĘCIE: 'MULTIDREW D6X20 R10 NIEPRZELOTOWE PROFIL.tom' (Brak folderu w bazie)
[2026-08-06 10:30:51] [INFO] SYMULACJA POMINIĘCIE: 'NADWOZIA PARTNER D8 Z1 L12 O1-ALU POLER.tom' (Brak folderu w bazie)
[2026-08-06 10:30:51] [INFO] SYMULACJA POMINIĘCIE: 'OKLAND D25 Z4 PILKA.tom' (Brak folderu w bazie)
[2026-08-06 10:30:51] [INFO] SYMULACJA POMINIĘCIE: 'OKNA POL D5 Z1 A1-518 NG.tom' (Brak folderu w bazie)
[2026-08-06 10:30:51] [INFO] SYMULACJA POMINIĘCIE: 'OKNOPLUS FREZ PILKOWY D24 L12 Z3+3.tom' (Brak folderu w bazie)
[2026-08-06 10:30:51] [INFO] SYMULACJA POMINIĘCIE: 'PALETA TRANS DREW D12 Z2 90st PRZELOTOWE.tom' (Brak folderu w bazie)
[2026-08-06 10:30:51] [INFO] SYMULACJA POMINIĘCIE: 'PALETA TRANS DREW D14 Z2 90st PRZELOTOWE.tom' (Brak folderu w bazie)
[2026-08-06 10:30:51] [INFO] SYMULACJA POMINIĘCIE: 'PILCH D10 Z2 L21 LEWO PRAWY.tom' (Brak folderu w bazie)
[2026-08-06 10:30:51] [INFO] SYMULACJA POMINIĘCIE: 'PILCH D10 Z2 L42 LEWO PRAWY.tom' (Brak folderu w bazie)
[2026-08-06 10:30:51] [INFO] SYMULACJA POMINIĘCIE: 'PILCH D4 Z2 L12 LEWO PRAWY.tom' (Brak folderu w bazie)
[2026-08-06 10:30:51] [INFO] SYMULACJA POMINIĘCIE: 'PILCH D6 Z2 L12 LEWO PRAWY.tom' (Brak folderu w bazie)
[2026-08-06 10:30:51] [INFO] SYMULACJA POMINIĘCIE: 'PILCH D8 Z2 L21 LEWO PRAWY.tom' (Brak folderu w bazie)
[2026-08-06 10:30:51] [INFO] SYMULACJA POMINIĘCIE: 'PILCH D8 Z2 L32 LEWO PRAWY.tom' (Brak folderu w bazie)
[2026-08-06 10:30:51] [INFO] SYMULACJA POMINIĘCIE: 'PILCH D8 Z2 L32 PRAWY.tom' (Brak folderu w bazie)
[2026-08-06 10:30:51] [INFO] SYMULACJA POMINIĘCIE: 'PLAS-BUD D6 L25 Z1 .tom' (Brak folderu w bazie)
[2026-08-06 10:30:51] [INFO] SYMULACJA POMINIĘCIE: 'PLAS-BUD D6 L30 Z1 .tom' (Brak folderu w bazie)
[2026-08-06 10:30:51] [INFO] SYMULACJA POMINIĘCIE: 'PLASTBUD D5 Z1 A1-545.tom' (Brak folderu w bazie)
[2026-08-06 10:30:51] [INFO] SYMULACJA POMINIĘCIE: 'POL-SKONE D8 L65 NIEPRZELOTOWE.tom' (Brak folderu w bazie)
[2026-08-06 10:30:51] [INFO] SYMULACJA POMINIĘCIE: 'POTPOL D10 Z2 A2-1040.tom' (Brak folderu w bazie)
[2026-08-06 10:30:51] [INFO] SYMULACJA POMINIĘCIE: 'PRESTIGE D16 PROFIL R3,8 R2,63 PROFIL.tom' (Brak folderu w bazie)
[2026-08-06 10:30:51] [INFO] SYMULACJA POMINIĘCIE: 'PRESTIGE D4,9 L40 NIEPRZELOTOWE.tom' (Brak folderu w bazie)
[2026-08-06 10:30:51] [INFO] SYMULACJA POMINIĘCIE: 'PREZMET D5 L25 Z3 hss.tom' (Brak folderu w bazie)
[2026-08-06 10:30:51] [INFO] SYMULACJA POMINIĘCIE: 'PRO TECH D25,3x8 L35x70 PRZELOTOWE 60 ST.tom' (Brak folderu w bazie)
[2026-08-06 10:30:51] [INFO] SYMULACJA POMINIĘCIE: 'PRO TECH D8,5x18,3 L35x70 PRZELOTOWE HSS.tom' (Brak folderu w bazie)
[2026-08-06 10:30:51] [INFO] SYMULACJA POMINIĘCIE: 'PRO TECH WIERTŁO D25 L13 x D11 L62 Reklamacja.tom' (Brak folderu w bazie)
[2026-08-06 10:30:51] [INFO] SYMULACJA POMINIĘCIE: 'PRO-TECH D5x10 L5x40 PRZELOTOWE GASH 135ST.tom' (Brak folderu w bazie)
[2026-08-06 10:30:51] [INFO] SYMULACJA POMINIĘCIE: 'REDCOM D5 Z1 A1-525 NOWE.tom' (Brak folderu w bazie)
[2026-08-06 10:30:51] [INFO] SYMULACJA POMINIĘCIE: 'SIA WIERTLO Z4 6x10 KLAMKA PRAWE TEST.tom' (Brak folderu w bazie)
[2026-08-06 10:30:51] [INFO] SYMULACJA POMINIĘCIE: 'TECHNOCAM D10.5 Z3 KULKA LOLIPOP Szyjka d6x25.tom' (Brak folderu w bazie)
[2026-08-06 10:30:51] [INFO] SYMULACJA POMINIĘCIE: 'TECHNOCAM D10.5 Z3 KULKA LOLIPOP.tom' (Brak folderu w bazie)
[2026-08-06 10:30:51] [INFO] SYMULACJA POMINIĘCIE: 'TECHNOCAM D11 Z3 KULKA LOLIPOP.tom' (Brak folderu w bazie)
[2026-08-06 10:30:51] [INFO] SYMULACJA POMINIĘCIE: 'TECHNOCAM D12 Z3 KULKA LOLIPOP.tom' (Dwuznaczność (2 folderów))
[2026-08-06 10:30:51] [INFO] SYMULACJA POMINIĘCIE: 'TECHNOCAM FREZ D8 Z3 lolipop.tom' (Brak folderu w bazie)
[2026-08-06 10:30:51] [INFO] SYMULACJA POMINIĘCIE: 'TERAZ TWOJ DOM D10 Z3 L35.tom' (Brak folderu w bazie)
[2026-08-06 10:30:51] [INFO] SYMULACJA POMINIĘCIE: 'test 17 stopni.tom' (Brak folderu w bazie)
[2026-08-06 10:30:51] [INFO] SYMULACJA OK: 'TEST.tom' zakwalifikowany do '0 TECHNOCAM'
[2026-08-06 10:30:51] [INFO] SYMULACJA POMINIĘCIE: 'TOMBIG D10 Z2 A2-1025.tom' (Brak folderu w bazie)
[2026-08-06 10:30:51] [INFO] SYMULACJA POMINIĘCIE: 'VISTILO D6x17 L20.tom' (Brak folderu w bazie)
[2026-08-06 10:30:51] [INFO] SYMULACJA POMINIĘCIE: 'WALDEMAR BRZEZINSKI FREZ D35 Z3 L90 Lamacz.tom' (Brak folderu w bazie)
[2026-08-06 10:30:51] [INFO] SYMULACJA POMINIĘCIE: 'WALDEMARO D10 Z2 A2-1095.tom' (Brak folderu w bazie)
[2026-08-06 10:30:51] [INFO] SYMULACJA POMINIĘCIE: 'WALDEMARO D4,5 Z2 A2-45 30 .tom' (Brak folderu w bazie)
[2026-08-06 10:30:51] [INFO] SYMULACJA OK: 'WIERTLO D5.5x6.8 L5x29 K120.tom' zakwalifikowany do '830 AST JP PRZYSTAŁ'
[2026-08-06 10:30:51] [INFO] SYMULACJA POMINIĘCIE: 'WIERTLO POD KLAMKE-D12-L50-D6-L6-LEWE.tom' (Brak folderu w bazie)
[2026-08-06 10:30:51] [INFO] SYMULACJA POMINIĘCIE: 'WISNIOWSKI WIERTLOFREZ D5x8 L12x35.tom' (Brak folderu w bazie)
[2026-08-06 10:30:51] [INFO] SYMULACJA OK: 'WISNIOWSKI WIERTLOFREZ D6x8 L12x25.tom' zakwalifikowany do '268 WISNIOWSKI'
[2026-08-06 10:30:51] [INFO] SYMULACJA POMINIĘCIE: 'WOOD GLASS D12 Z2 R1 R5.tom' (Dwuznaczność (2 folderów))
[2026-08-06 10:30:51] [INFO] SYMULACJA POMINIĘCIE: 'WOOD GLASS D8 Z2 R1 R5.tom' (Brak folderu w bazie)
[2026-08-06 10:30:51] [INFO] SYMULACJA OK: 'AST JP FREZ PROFILOWY D7.8 Z3 K60 1.5mm.tom' zakwalifikowany do '367 AST JP PRZYSTAL'
[2026-08-06 10:30:51] [INFO] SYMULACJA POMINIĘCIE: 'FREZ D12 Z2 KULKA LOLIPOP.tom' (Dwuznaczność (2 folderów))
[2026-08-06 10:30:51] [INFO] SYMULACJA POMINIĘCIE: 'FREZ D20 Z2 KULKA LOLIPOP.tom' (Dwuznaczność (2 folderów))
[2026-08-06 10:30:51] [INFO] SYMULACJA OK: 'FREZ D5 L30 Z1 HW LEWE O1-ALU.tom' zakwalifikowany do '354 FASTRAL'
[2026-08-06 10:30:51] [INFO] SYMULACJA OK: 'FREZ D5 Z1 L34 JW ST-HW.tom' zakwalifikowany do '354 FASTRAL'
[2026-08-06 10:30:51] [INFO] SYMULACJA OK: 'FREZ LUTOWANY D100 Z18 L4 R2.tom' zakwalifikowany do '897 TMS'
[2026-08-06 10:30:51] [INFO] SYMULACJA POMINIĘCIE: 'MB TRADING Noz Oscylacyjny D6 D0,5 L15 MIECZ.tom' (Dwuznaczność (2 folderów))
[2026-08-06 10:30:51] [INFO] SYMULACJA POMINIĘCIE: 'SMA MAGNET D10x5-HW.tom' (Dwuznaczność (4 folderów))
[2026-08-06 10:30:51] [INFO] SYMULACJA OK: 'WIERTLO D8 L78 NIEPRZELOTOWE LEWE CHWYT D10.tom' zakwalifikowany do '645 KOLODZIEJCZYK'
[2026-08-06 10:30:51] [INFO] SYMULACJA POMINIĘCIE: 'WIERTLO D8 L78 NIEPRZELOTOWE.tom' (Dwuznaczność (2 folderów))
[2026-08-06 10:30:51] [INFO] SYMULACJA OK: 'WIERTLO POD KLAMKE D6x12 L6 LEWE 60x90.tom' zakwalifikowany do '220 KM-PLAST'
[2026-08-06 10:30:51] [INFO] SYMULACJA POMINIĘCIE: '46.tom' (Brak folderu w bazie)
[2026-08-06 10:30:51] [INFO] SYMULACJA OK: '56.tom' zakwalifikowany do '109 PLOTCOMPLEX'
[2026-08-06 10:30:51] [INFO] SYMULACJA POMINIĘCIE: 'AGAT PLUS D8 Z4 L45.tom' (Brak folderu w bazie)
[2026-08-06 10:30:51] [INFO] SYMULACJA POMINIĘCIE: 'ALL WINDOWS D6 Z4 L L30 F1.0 CIETY.tom' (Brak folderu w bazie)
[2026-08-06 10:30:51] [INFO] SYMULACJA POMINIĘCIE: 'ALL WINDOWS D6 Z4 P L30 F1.0 CIETY.tom' (Brak folderu w bazie)
[2026-08-06 10:30:51] [INFO] SYMULACJA OK: 'ALUMNI SRL D10 L22 Z4 LAMACZ HW.tom' zakwalifikowany do '817 ALUMNI SRL'
[2026-08-06 10:30:51] [INFO] SYMULACJA OK: 'ALUMNI SRL D10 Z4+2 K118 ZGRUBNY.tom' zakwalifikowany do '817 ALUMNI SRL'
[2026-08-06 10:30:51] [INFO] SYMULACJA OK: 'ALUMNI SRL D12 Z4+2 K90 ZGRUBNY.tom' zakwalifikowany do '817 ALUMNI SRL'
[2026-08-06 10:30:51] [INFO] SYMULACJA OK: 'ALUMNI SRL D8 Z4+2 K118 ZGRUBNY.tom' zakwalifikowany do '817 ALUMNI SRL'
[2026-08-06 10:30:51] [INFO] SYMULACJA POMINIĘCIE: 'ALUMNI TEHNO Z4 D12x6 LAMACZ NG.tom' (Dwuznaczność (2 folderów))
[2026-08-06 10:30:51] [INFO] SYMULACJA OK: 'ALUMNI TEHNO Z4 D12x6 LAMACZ.tom' zakwalifikowany do '51 TEHNO ROM TOOLS'
[2026-08-06 10:30:51] [INFO] SYMULACJA OK: 'ALUMNI TEHNO Z4 D14x7 LAMACZ NG.tom' zakwalifikowany do '565 TEHNO ROM TOOLS'
[2026-08-06 10:30:51] [INFO] SYMULACJA POMINIĘCIE: 'D10-L70-Z4-LAMACZ-WIERTŁO-HW.tom' (Brak folderu w bazie)
[2026-08-06 10:30:51] [INFO] SYMULACJA POMINIĘCIE: 'D16 Z4 RYFEL.tom' (Brak folderu w bazie)
[2026-08-06 10:30:51] [INFO] SYMULACJA POMINIĘCIE: 'D5 L30 Z1 PRAWO-LEWY HW POLER JW.tom' (Brak folderu w bazie)
[2026-08-06 10:30:51] [INFO] SYMULACJA POMINIĘCIE: 'D5 L30 Z1 PRAWO-LEWY HW POLER.tom' (Brak folderu w bazie)
[2026-08-06 10:30:51] [INFO] SYMULACJA POMINIĘCIE: 'D5 L35 Z3 HSS.tom' (Dwuznaczność (2 folderów))
[2026-08-06 10:30:51] [INFO] SYMULACJA OK: 'D5-Z1-15-DRUTEX.tom' zakwalifikowany do 'ZP-42 FREZWID(SKLEP)'
[2026-08-06 10:30:51] [INFO] SYMULACJA OK: 'D6 Z4 P L30 F0.5 CIETY.tom' zakwalifikowany do '711 DRUTEX'
[2026-08-06 10:30:51] [INFO] SYMULACJA OK: 'D8 L22 A3-822 LAMACZ.tom' zakwalifikowany do '817 ALUMNI SRL'
[2026-08-06 10:30:51] [INFO] SYMULACJA POMINIĘCIE: 'D8_Z4_L38_LAMACZ_Hss_CZOŁO JAK  WIERTŁO.tom' (Brak folderu w bazie)
[2026-08-06 10:30:51] [INFO] SYMULACJA POMINIĘCIE: 'DIAM-TOOLS FREZ D53 Z10 R21.tom' (Dwuznaczność (3 folderów))
[2026-08-06 10:30:51] [INFO] SYMULACJA OK: 'DRUTEX D5 Z1 L20.tom' zakwalifikowany do '621 DRUTEX'
[2026-08-06 10:30:51] [INFO] SYMULACJA POMINIĘCIE: 'EMPOL WIERTLO Z4 6x12 KLAMKA PRAWE stara geometria .tom' (Dwuznaczność (2 folderów))
[2026-08-06 10:30:51] [INFO] SYMULACJA POMINIĘCIE: 'Fazownik D10 k35.tom' (Brak folderu w bazie)
[2026-08-06 10:30:51] [INFO] SYMULACJA POMINIĘCIE: 'Fazownik d12 k60 d6.4.tom' (Brak folderu w bazie)
[2026-08-06 10:30:51] [INFO] SYMULACJA POMINIĘCIE: 'Fazownik D12 k60.tom' (Brak folderu w bazie)
[2026-08-06 10:30:51] [INFO] SYMULACJA POMINIĘCIE: 'FLORAD Frez D25x18 Z3 .tom' (Dwuznaczność (3 folderów))
[2026-08-06 10:30:51] [INFO] SYMULACJA OK: 'FREZ D12 R7.2 Z4.tom' zakwalifikowany do '0'
[2026-08-06 10:30:51] [INFO] SYMULACJA OK: 'FREZ D12 Z2+2 L37+23 K130.tom' zakwalifikowany do '503 DRUTEX'
[2026-08-06 10:30:51] [INFO] SYMULACJA POMINIĘCIE: 'FREZ D14 L20 Z4.tom' (Brak folderu w bazie)
[2026-08-06 10:30:51] [INFO] SYMULACJA OK: 'FREZ D18 Z2 A2-1835.tom' zakwalifikowany do '712 CDN'
[2026-08-06 10:30:51] [INFO] SYMULACJA POMINIĘCIE: 'FREZ D22 Z2 L80 PROSTY PRZESTAWIONY.tom' (Dwuznaczność (2 folderów))
[2026-08-06 10:30:51] [INFO] SYMULACJA OK: 'FREZ D22 Z4 L20 HSS.tom' zakwalifikowany do '801 DAKO'
[2026-08-06 10:30:51] [INFO] SYMULACJA OK: 'FREZ D32 Z2 L150 PROSTY PRZESTAWIONY.tom' zakwalifikowany do '38 HEKAL'
[2026-08-06 10:30:51] [INFO] SYMULACJA OK: 'FREZ D32 Z2+2 L20 HSS POPRAWKA.tom' zakwalifikowany do '928 MAR-TOM'
[2026-08-06 10:30:51] [INFO] SYMULACJA OK: 'FREZ D32 Z2+2 L20 HSS.tom' zakwalifikowany do '928 MAR-TOM'
[2026-08-06 10:30:51] [INFO] SYMULACJA POMINIĘCIE: 'FREZ D40 Z18 HW.tom' (Dwuznaczność (2 folderów))
[2026-08-06 10:30:51] [INFO] SYMULACJA POMINIĘCIE: 'FREZ D6 Z2+2 L15x50 v2.tom' (Brak folderu w bazie)
[2026-08-06 10:30:51] [INFO] SYMULACJA POMINIĘCIE: 'Frez d85 z8 ostrzenie.tom' (Brak folderu w bazie)
[2026-08-06 10:30:51] [INFO] SYMULACJA OK: 'FREZ HS D16.7 Z2 R0.5 K-30.tom' zakwalifikowany do '568 PROFINE POLSKA'
[2026-08-06 10:30:51] [INFO] SYMULACJA POMINIĘCIE: 'FREZ K40 Z3 L1.6.tom' (Brak folderu w bazie)
[2026-08-06 10:30:51] [INFO] SYMULACJA POMINIĘCIE: 'Frez promieniowy R2 D5.2 K2.tom' (Brak folderu w bazie)
[2026-08-06 10:30:51] [INFO] SYMULACJA POMINIĘCIE: 'FREZ STOZKOWY D10 L52 K1.19.tom' (Dwuznaczność (2 folderów))
[2026-08-06 10:30:51] [INFO] SYMULACJA POMINIĘCIE: 'FREZ TEOWY D19.5 PRAWA pilka 4+4.tom' (Brak folderu w bazie)
[2026-08-06 10:30:51] [INFO] SYMULACJA OK: 'FREZWID D5 L30 PRAWE JW K120 POLER.tom' zakwalifikowany do 'BST-1 FREZWID'
[2026-08-06 10:30:51] [INFO] SYMULACJA POMINIĘCIE: 'FREZWID NAWIERTAK D10 90st.tom' (Brak folderu w bazie)
[2026-08-06 10:30:51] [INFO] SYMULACJA POMINIĘCIE: 'FREZWID NAWIERTAK D12 90st.tom' (Brak folderu w bazie)
[2026-08-06 10:30:51] [INFO] SYMULACJA POMINIĘCIE: 'FREZWID NAWIERTAK D6 90st.tom' (Brak folderu w bazie)
[2026-08-06 10:30:51] [INFO] SYMULACJA POMINIĘCIE: 'GOLD DOOR D16 L45 Z3 WYKANCZAJACO-ZGRUBNY.tom' (Dwuznaczność (3 folderów))
[2026-08-06 10:30:51] [INFO] SYMULACJA POMINIĘCIE: 'KOCZY Z2 D38 PROFIL R5.tom' (Dwuznaczność (3 folderów))
[2026-08-06 10:30:51] [INFO] SYMULACJA POMINIĘCIE: 'KONCOWKI D12.tom' (Brak folderu w bazie)
[2026-08-06 10:30:51] [INFO] SYMULACJA POMINIĘCIE: 'KP czyszczarka.D10 45st ostra Z4.tom' (Brak folderu w bazie)
[2026-08-06 10:30:51] [INFO] SYMULACJA POMINIĘCIE: 'KP czyszczarka.D10 45st ostra.tom' (Brak folderu w bazie)
[2026-08-06 10:30:51] [INFO] SYMULACJA POMINIĘCIE: 'KP FREZ D3 Z3.tom' (Brak folderu w bazie)
[2026-08-06 10:30:51] [INFO] SYMULACJA POMINIĘCIE: 'KULA D10 KP.tom' (Brak folderu w bazie)
[2026-08-06 10:30:51] [INFO] SYMULACJA POMINIĘCIE: 'KULA D12 KP.tom' (Brak folderu w bazie)
[2026-08-06 10:30:51] [INFO] SYMULACJA POMINIĘCIE: 'KULA D16 KP.tom' (Brak folderu w bazie)
[2026-08-06 10:30:51] [INFO] SYMULACJA POMINIĘCIE: 'KULA D4 KP.tom' (Brak folderu w bazie)
[2026-08-06 10:30:51] [INFO] SYMULACJA POMINIĘCIE: 'KULA D5,3 KP.tom' (Brak folderu w bazie)
[2026-08-06 10:30:51] [INFO] SYMULACJA POMINIĘCIE: 'KULA D6 KP.tom' (Brak folderu w bazie)
[2026-08-06 10:30:51] [INFO] SYMULACJA OK: 'LUC BEKAERT WIERTLO D8,3 PILOT D5 L6.tom' zakwalifikowany do '922 LUC BEKAERT MASHINENSERVICE'
[2026-08-06 10:30:51] [INFO] SYMULACJA OK: 'MADEX D10-L40-Z4-HW.tom' zakwalifikowany do '345 MADEX'
[2026-08-06 10:30:51] [INFO] SYMULACJA POMINIĘCIE: 'MAR-TOM PRZEROBKA NA PRZELOTOWE 60st.tom' (Brak folderu w bazie)
[2026-08-06 10:30:51] [INFO] SYMULACJA OK: 'MASLACH D13 Z2 90st PRZELOTOWE HSS.tom' zakwalifikowany do '698 MASLACH'
[2026-08-06 10:30:51] [INFO] SYMULACJA POMINIĘCIE: 'MB TRADING Noz Oscylacyjny D6 D0,5 L15 MIECZ.tom' (Dwuznaczność (2 folderów))
[2026-08-06 10:30:51] [INFO] SYMULACJA OK: 'MIKAR D5-L35-Z2-HW R1 K90.tom' zakwalifikowany do 'RLS-23 MIKAR'
[2026-08-06 10:30:51] [INFO] SYMULACJA POMINIĘCIE: 'MULTI OKNA FREZ A1-518.tom' (Brak folderu w bazie)
[2026-08-06 10:30:51] [INFO] SYMULACJA POMINIĘCIE: 'nawiertak 90st D10.tom' (Brak folderu w bazie)
[2026-08-06 10:30:51] [INFO] SYMULACJA POMINIĘCIE: 'nawiertak 90st D12 testy v2.tom' (Brak folderu w bazie)
[2026-08-06 10:30:51] [INFO] SYMULACJA POMINIĘCIE: 'nawiertak 90st D12 testy v3.tom' (Brak folderu w bazie)
[2026-08-06 10:30:51] [INFO] SYMULACJA POMINIĘCIE: 'nawiertak 90st D12 testy.tom' (Brak folderu w bazie)
[2026-08-06 10:30:51] [INFO] SYMULACJA POMINIĘCIE: 'nawiertak 90st D12.tom' (Brak folderu w bazie)
[2026-08-06 10:30:51] [INFO] SYMULACJA POMINIĘCIE: 'nawiertak 90st D6.tom' (Brak folderu w bazie)
[2026-08-06 10:30:51] [INFO] SYMULACJA OK: 'O1-ALU D10 L15 POLER.tom' zakwalifikowany do '488 EXTHERM-2'
[2026-08-06 10:30:51] [INFO] SYMULACJA OK: 'O1-ALU D12 L15 POLER.tom' zakwalifikowany do '488 EXTHERM-2'
[2026-08-06 10:30:51] [INFO] SYMULACJA OK: 'O1-ALU D7 L15 POLER.tom' zakwalifikowany do '488 EXTHERM-2'
[2026-08-06 10:30:51] [INFO] SYMULACJA OK: 'OPTIMA D11 SZLIF PRAWO-LEWY DO GWINTU.tom' zakwalifikowany do '711 OPTIMA PIOTR MROZ'
[2026-08-06 10:30:51] [INFO] SYMULACJA OK: 'OSTRZENIE ROZWIERTAK STOZKOWY D46.6 Z9.tom' zakwalifikowany do 'ZS-50 GALJA'
[2026-08-06 10:30:51] [INFO] SYMULACJA OK: 'OSTRZENIE WIERTLO D10.8x9.5.tom' zakwalifikowany do 'ZS-497 SOLTYS-DREW'
[2026-08-06 10:30:51] [INFO] SYMULACJA OK: 'OSTRZENIE WIERTLO D12.3x10.8.tom' zakwalifikowany do 'ZS-497 SOLTYS-DREW'
[2026-08-06 10:30:51] [INFO] SYMULACJA OK: 'PAMO WIERTLO D6 L10 HS.tom' zakwalifikowany do '619 PAMO'
[2026-08-06 10:30:51] [INFO] SYMULACJA OK: 'PH KONTRA WIERTLO D26 L165 Z2 K90.tom' zakwalifikowany do '655 PH KONTRA'
[2026-08-06 10:30:51] [INFO] SYMULACJA OK: 'PLASTBUD D20 LEWA pilka 6+6.tom' zakwalifikowany do '354 PLASTBUD'
[2026-08-06 10:30:51] [INFO] SYMULACJA OK: 'PLASTBUD D20 PRAWA pilka 6+6.tom' zakwalifikowany do '354 PLASTBUD'
[2026-08-06 10:30:51] [INFO] SYMULACJA POMINIĘCIE: 'PREZMET D20 LEWA pilka 6+6.tom' (Dwuznaczność (3 folderów))
[2026-08-06 10:30:51] [INFO] SYMULACJA POMINIĘCIE: 'PREZMET D20 PRAWA pilka 6+6 koncowka.tom' (Brak folderu w bazie)
[2026-08-06 10:30:51] [INFO] SYMULACJA POMINIĘCIE: 'PREZMET D20 PRAWA pilka 6+6.tom' (Dwuznaczność (3 folderów))
[2026-08-06 10:30:51] [INFO] SYMULACJA OK: 'PRO-TECH WIERTLO D30x21 L40 K120.tom' zakwalifikowany do '458 PRO-TECH'
[2026-08-06 10:30:51] [INFO] SYMULACJA POMINIĘCIE: 'promien r1.5 maciej syrzistie.tom' (Brak folderu w bazie)
[2026-08-06 10:30:51] [INFO] SYMULACJA OK: 'PRZEROBKA PILOT D22x20 L15 k90.tom' zakwalifikowany do 'ZS-609 WALDEMAR SZWEC ALTUS'
[2026-08-06 10:30:51] [INFO] SYMULACJA POMINIĘCIE: 'Rozwiertak 22.5 Ap.tom' (Brak folderu w bazie)
[2026-08-06 10:30:51] [INFO] SYMULACJA POMINIĘCIE: 'Rozwiertak 6.06.tom' (Brak folderu w bazie)
[2026-08-06 10:30:51] [INFO] SYMULACJA OK: 'S3-ST FREZ D12 Z3 L28.tom' zakwalifikowany do 'ZP-859 FREZWID'
[2026-08-06 10:30:51] [INFO] SYMULACJA OK: 'S3-ST FREZ D4 Z3 L13.tom' zakwalifikowany do 'ZP-856 FREZWID'
[2026-08-06 10:30:51] [INFO] SYMULACJA OK: 'SCHODY TRABCZYNSKI D16 L150 NIEPRZELOTOWE.tom' zakwalifikowany do '567 SCHODY TRABCZYNSKI'
[2026-08-06 10:30:51] [INFO] SYMULACJA OK: 'SEKO FREZ D12 Z4 L25 HW.tom' zakwalifikowany do '865 SEKO'
[2026-08-06 10:30:51] [INFO] SYMULACJA OK: 'SIA WIERTLO Z4 6x10 KLAMKA LEWE .tom' zakwalifikowany do '174 SIA MJ IOGI'
[2026-08-06 10:30:51] [INFO] SYMULACJA OK: 'SIA WIERTLO Z4 6x12 KLAMKA PRAWE.tom' zakwalifikowany do '174 SIA MJ IOGI'
[2026-08-06 10:30:51] [INFO] SYMULACJA POMINIĘCIE: 'Splaszczenia pod klucz.tom' (Brak folderu w bazie)
[2026-08-06 10:30:51] [INFO] SYMULACJA OK: 'STURTZ D6 L65 PRAWE V1-ALU.tom' zakwalifikowany do '445 STURTZ'
[2026-08-06 10:30:51] [INFO] SYMULACJA POMINIĘCIE: 'SZLIF NA OKRAGLO R300.tom' (Brak folderu w bazie)
[2026-08-06 10:30:51] [INFO] SYMULACJA OK: 'TECH-MED Wiertlo D10x5.5 K90.tom' zakwalifikowany do '430 TECH-MED'
[2026-08-06 10:30:51] [INFO] SYMULACJA POMINIĘCIE: 'TECHNOCAM D10 Z3 KULKA LOLIPOP.tom' (Dwuznaczność (2 folderów))
[2026-08-06 10:30:51] [INFO] SYMULACJA POMINIĘCIE: 'TECHNOCAM D12 Z3 KULKA LOLIPOP.tom' (Dwuznaczność (2 folderów))
[2026-08-06 10:30:51] [INFO] SYMULACJA POMINIĘCIE: 'TECHNOCAM D14 Z3 KULKA LOLIPOP.tom' (Dwuznaczność (2 folderów))
[2026-08-06 10:30:51] [INFO] SYMULACJA POMINIĘCIE: 'TECHNOCAM D16 Z3 KULKA LOLIPOP.tom' (Dwuznaczność (2 folderów))
[2026-08-06 10:30:51] [INFO] SYMULACJA POMINIĘCIE: 'TECHNOCAM D18 Z3 KULKA LOLIPOP.tom' (Dwuznaczność (2 folderów))
[2026-08-06 10:30:51] [INFO] SYMULACJA OK: 'TECHNOCAM D8.5 Z3 KULKA LOLIPOP.tom' zakwalifikowany do '586 TECHNOCAM'
[2026-08-06 10:30:51] [INFO] SYMULACJA OK: 'TECHNOCAM D9 Z3 KULKA LOLIPOP HSS TEST.tom' zakwalifikowany do '0 TECHNOCAM'
[2026-08-06 10:30:51] [INFO] SYMULACJA OK: 'TECHNOCAM D9 Z3 KULKA LOLIPOP.tom' zakwalifikowany do '586 TECHNOCAM'
[2026-08-06 10:30:51] [INFO] SYMULACJA OK: 'TERAZ TWOJ DOM D16 R8.tom' zakwalifikowany do '403 TERAZ TWOJ DOM'
[2026-08-06 10:30:51] [INFO] SYMULACJA OK: 'TREKO FREZ D12 Z4 K20 R0.5 HW.tom' zakwalifikowany do '571 TREKO LASER'
[2026-08-06 10:30:51] [INFO] SYMULACJA POMINIĘCIE: 'VALEO AW900 Rolka MR1.ST6.02.05_1V2.tom' (Dwuznaczność (2 folderów))
[2026-08-06 10:30:51] [INFO] SYMULACJA OK: 'VALEO SPIRAL ze wzoru HS.tom' zakwalifikowany do '0 VALEO TEST'
[2026-08-06 10:30:51] [INFO] SYMULACJA POMINIĘCIE: 'W1-ST D5.9.tom' (Brak folderu w bazie)
[2026-08-06 10:30:51] [INFO] SYMULACJA POMINIĘCIE: 'W1-ST D6.3.tom' (Brak folderu w bazie)
[2026-08-06 10:30:51] [INFO] SYMULACJA OK: 'WALDEMARO FREZ D14 L3 TEOWY Z6.tom' zakwalifikowany do '508 WALDEMARO'
[2026-08-06 10:30:51] [INFO] SYMULACJA OK: 'WERTLO D16 L105 LEWE NIEPRZELOTOWE HSS.tom' zakwalifikowany do '944 PLATEK ALBERT'
[2026-08-06 10:30:51] [INFO] SYMULACJA OK: 'WERTLO D16 L105 PRAWE NIEPRZELOTOWE HSS.tom' zakwalifikowany do '944 PLATEK ALBERT'
[2026-08-06 10:30:51] [INFO] SYMULACJA OK: 'WIERTLO 6.8x8.2x12 .tom' zakwalifikowany do '0 CZERWIEC'
[2026-08-06 10:30:51] [INFO] SYMULACJA OK: 'WIERTLO D10 Z2 L100 K60 PRAWE PRZELOTOWE.tom' zakwalifikowany do '221 ROJEK OKNA I DRZWI'
[2026-08-06 10:30:51] [INFO] SYMULACJA POMINIĘCIE: 'WIERTLO D12-LEWE-LAMACZ NA CZOLE.tom' (Dwuznaczność (2 folderów))
[2026-08-06 10:30:51] [INFO] SYMULACJA POMINIĘCIE: 'WIERTLO D12-PRAWE-LAMACZ NA CZOLE.tom' (Dwuznaczność (2 folderów))
[2026-08-06 10:30:51] [INFO] SYMULACJA POMINIĘCIE: 'WIERTLO D12x6 PRAWE K120 NACINAKI.tom' (Dwuznaczność (2 folderów))
[2026-08-06 10:30:51] [INFO] SYMULACJA POMINIĘCIE: 'WIERTLO D14 L120 K90 PRZELOTOWE.tom' (Dwuznaczność (2 folderów))
[2026-08-06 10:30:51] [INFO] SYMULACJA OK: 'WIERTLO D15.9 L77.5 LEWE-NIEPRZELOTOWE.tom' zakwalifikowany do '722 POL-SKONE'
[2026-08-06 10:30:51] [INFO] SYMULACJA OK: 'WIERTLO D16 L110 NIEPRZELOTOWE.tom' zakwalifikowany do '278 GOTYK'
[2026-08-06 10:30:51] [INFO] SYMULACJA POMINIĘCIE: 'WIERTLO D35.3 L35 MORSE.tom' (Dwuznaczność (2 folderów))
[2026-08-06 10:30:51] [INFO] SYMULACJA OK: 'WIERTLO D5 K60 SZLIF CZOLA.tom' zakwalifikowany do '609 MAR-TOM'
[2026-08-06 10:30:51] [INFO] SYMULACJA OK: 'WIERTLO D5X10 L11x43.tom' zakwalifikowany do '584 FIEGA MACHINES'
[2026-08-06 10:30:51] [INFO] SYMULACJA POMINIĘCIE: 'wiertlo d6.3.tom' (Brak folderu w bazie)
[2026-08-06 10:30:51] [INFO] SYMULACJA OK: 'WIERTLO KLAMKA D14x6 L6 LEWE 45x84.tom' zakwalifikowany do '564 PROFINE'
[2026-08-06 10:30:51] [INFO] SYMULACJA OK: 'WIERTLO NIEPRZELOTOWE D4x9 .tom' zakwalifikowany do '452 SOLIDER'
[2026-08-06 10:30:51] [INFO] SYMULACJA OK: 'WIERTLO POD KLAMKE D6x12 L6 L50 LEWE.tom' zakwalifikowany do 'BST-1 FREZWID'
[2026-08-06 10:30:51] [INFO] SYMULACJA OK: 'WIERTLO POD KLAMKE D6x12 L6 L60 PRAWE.tom' zakwalifikowany do 'BST-1 FREZWID'
[2026-08-06 10:30:51] [INFO] SYMULACJA POMINIĘCIE: 'WIERTLO POD KLAMKE D6x12 L6 PRAWE.tom' (Dwuznaczność (3 folderów))
[2026-08-06 10:30:51] [INFO] SYMULACJA OK: 'WIERTLO Z2 D12 L90 K90 PRAWE.tom' zakwalifikowany do '832 PH KONTRA'
[2026-08-06 10:30:51] [INFO] SYMULACJA POMINIĘCIE: 'WIERTLO- D12 L200 Z1 PRAWE-ROWEK 45STOPNI profil.tom' (Brak folderu w bazie)
[2026-08-06 10:30:51] [INFO] SYMULACJA OK: 'WIERTLO- D12 L200 Z1 PRAWE-ROWEK 45STOPNI.tom' zakwalifikowany do '197 ANTKOWIAK DANUTA'
[2026-08-06 10:30:51] [INFO] SYMULACJA POMINIĘCIE: 'WiertloGwintujace 4.2 M5 L5.tom' (Brak folderu w bazie)
[2026-08-06 10:30:51] [INFO] SYMULACJA POMINIĘCIE: 'WiertloGwintujace M5.tom' (Brak folderu w bazie)
[2026-08-06 10:30:51] [INFO] SYMULACJA POMINIĘCIE: 'WIERTŁO-D18-L34.5-D15-L5.5-D12-L34.5-D6-L5.5-PRAWE-HS.tom' (Brak folderu w bazie)
[2026-08-06 10:30:51] [INFO] SYMULACJA OK: 'Wytaczak K60 D9.5 LEWE.tom' zakwalifikowany do '0'
[2026-08-06 10:30:51] [INFO] SYMULACJA POMINIĘCIE: 'ALUPLAST FREZ R5 R2 K45PP1AMNO_000037 .tom' (Brak folderu w bazie)
[2026-08-06 10:30:51] [INFO] SYMULACJA POMINIĘCIE: 'D16 L65 Z3 A3-2050 KP.tom' (Brak folderu w bazie)
[2026-08-06 10:30:51] [INFO] SYMULACJA POMINIĘCIE: 'D16-Z2-VEKA OPORY-3,2x105st.tom' (Brak folderu w bazie)
[2026-08-06 10:30:51] [INFO] SYMULACJA POMINIĘCIE: 'D20 L65 Z3 A3-2050 KP.tom' (Brak folderu w bazie)
[2026-08-06 10:30:51] [INFO] SYMULACJA POMINIĘCIE: 'D3-L15-Z4 S4-3.tom' (Brak folderu w bazie)
[2026-08-06 10:30:51] [INFO] SYMULACJA POMINIĘCIE: 'D4-L11-Z4 S4-418.tom' (Brak folderu w bazie)
[2026-08-06 10:30:51] [INFO] SYMULACJA POMINIĘCIE: 'D5 L22 Z3 A3-522 kacperek.tom' (Brak folderu w bazie)
[2026-08-06 10:30:51] [INFO] SYMULACJA POMINIĘCIE: 'DECEUNINCK FREZWID PROFIL R3-R3 Z3.tom' (Brak folderu w bazie)
[2026-08-06 10:30:51] [INFO] SYMULACJA POMINIĘCIE: 'DLA KACPRA D1.4 Z3 47 STOPNI.tom' (Brak folderu w bazie)
[2026-08-06 10:30:51] [INFO] SYMULACJA POMINIĘCIE: 'do Pro-Assem D16 z6 100stopni r0.5 .tom' (Brak folderu w bazie)
[2026-08-06 10:30:51] [INFO] SYMULACJA POMINIĘCIE: 'fazownik D10 60stopni.tom' (Brak folderu w bazie)
[2026-08-06 10:30:51] [INFO] SYMULACJA POMINIĘCIE: 'fazownik D12 150stopni.tom' (Brak folderu w bazie)
[2026-08-06 10:30:51] [INFO] SYMULACJA POMINIĘCIE: 'fazownik D12 60stopni.tom' (Brak folderu w bazie)
[2026-08-06 10:30:51] [INFO] SYMULACJA POMINIĘCIE: 'fazownik D12 80stopni.tom' (Brak folderu w bazie)
[2026-08-06 10:30:51] [INFO] SYMULACJA POMINIĘCIE: 'fazownik D12 R1,7 KP.tom' (Brak folderu w bazie)
[2026-08-06 10:30:51] [INFO] SYMULACJA POMINIĘCIE: 'fazownik D12 R1.2 KP.tom' (Brak folderu w bazie)
[2026-08-06 10:30:51] [INFO] SYMULACJA POMINIĘCIE: 'fazownik D16 45st.tom' (Brak folderu w bazie)
[2026-08-06 10:30:51] [INFO] SYMULACJA POMINIĘCIE: 'fazownik D16 R3.5 KP.tom' (Brak folderu w bazie)
[2026-08-06 10:30:51] [INFO] SYMULACJA POMINIĘCIE: 'fazownik D16 R4.5 KP.tom' (Brak folderu w bazie)
[2026-08-06 10:30:51] [INFO] SYMULACJA POMINIĘCIE: 'fazownik D20 80stopni.tom' (Brak folderu w bazie)
[2026-08-06 10:30:51] [INFO] SYMULACJA POMINIĘCIE: 'fazownik D22 50stopni.tom' (Brak folderu w bazie)
[2026-08-06 10:30:51] [INFO] SYMULACJA POMINIĘCIE: 'fazownik D22 60stopni.tom' (Brak folderu w bazie)
[2026-08-06 10:30:51] [INFO] SYMULACJA POMINIĘCIE: 'fazownik D6 45st.tom' (Brak folderu w bazie)
[2026-08-06 10:30:51] [INFO] SYMULACJA POMINIĘCIE: 'fazownik D6 60stopni.tom' (Brak folderu w bazie)
[2026-08-06 10:30:51] [INFO] SYMULACJA POMINIĘCIE: 'fazownik D8 40stopni.tom' (Brak folderu w bazie)
[2026-08-06 10:30:51] [INFO] SYMULACJA POMINIĘCIE: 'fazownik D8 R3.tom' (Brak folderu w bazie)
[2026-08-06 10:30:51] [INFO] SYMULACJA POMINIĘCIE: 'FER-PLAST FREZWID PROFIL R2-R2 Z3.tom' (Brak folderu w bazie)
[2026-08-06 10:30:51] [INFO] SYMULACJA POMINIĘCIE: 'frez 3st KP.tom' (Brak folderu w bazie)
[2026-08-06 10:30:51] [INFO] SYMULACJA POMINIĘCIE: 'frez D1.5 K35 KP.tom' (Brak folderu w bazie)
[2026-08-06 10:30:51] [INFO] SYMULACJA POMINIĘCIE: 'FREZ D10 X d3 Z2 K5.tom' (Brak folderu w bazie)
[2026-08-06 10:30:51] [INFO] SYMULACJA POMINIĘCIE: 'FREZ D13 KULA KP.tom' (Brak folderu w bazie)
[2026-08-06 10:30:51] [INFO] SYMULACJA POMINIĘCIE: 'FREZ D14 Z2 modyfikacja.tom' (Brak folderu w bazie)
[2026-08-06 10:30:51] [INFO] SYMULACJA POMINIĘCIE: 'FREZ D2 Z2 HW KP.tom' (Brak folderu w bazie)
[2026-08-06 10:30:51] [INFO] SYMULACJA POMINIĘCIE: 'FREZ D2.2 Z3 KP.tom' (Brak folderu w bazie)
[2026-08-06 10:30:51] [INFO] SYMULACJA POMINIĘCIE: 'FREZ D25 Frezwid.tom' (Brak folderu w bazie)
[2026-08-06 10:30:51] [INFO] SYMULACJA POMINIĘCIE: 'FREZ D3 Z2 K1 KP.tom' (Brak folderu w bazie)
[2026-08-06 10:30:51] [INFO] SYMULACJA POMINIĘCIE: 'FREZ D3 Z2 L23 KP.tom' (Brak folderu w bazie)
[2026-08-06 10:30:51] [INFO] SYMULACJA POMINIĘCIE: 'FREZ D3 Z3 L12 KP.tom' (Brak folderu w bazie)
[2026-08-06 10:30:51] [INFO] SYMULACJA POMINIĘCIE: 'FREZ D3.5 Z3 L12 KP.tom' (Brak folderu w bazie)
[2026-08-06 10:30:51] [INFO] SYMULACJA POMINIĘCIE: 'FREZ D4 Z2 KP.tom' (Brak folderu w bazie)
[2026-08-06 10:30:51] [INFO] SYMULACJA POMINIĘCIE: 'FREZ D4 Z2 L20 KP.tom' (Brak folderu w bazie)
[2026-08-06 10:30:51] [INFO] SYMULACJA POMINIĘCIE: 'FREZ D4 Z3 KP.tom' (Brak folderu w bazie)
[2026-08-06 10:30:51] [INFO] SYMULACJA POMINIĘCIE: 'FREZ D5 Z3 KP.tom' (Brak folderu w bazie)
[2026-08-06 10:30:51] [INFO] SYMULACJA POMINIĘCIE: 'FREZ D5.7 Z4 L30 v2.tom' (Brak folderu w bazie)
[2026-08-06 10:30:51] [INFO] SYMULACJA POMINIĘCIE: 'FREZ D5.7 Z4 L30.tom' (Brak folderu w bazie)
[2026-08-06 10:30:51] [INFO] SYMULACJA POMINIĘCIE: 'FREZ D6 Z3 KP.tom' (Brak folderu w bazie)
[2026-08-06 10:30:51] [INFO] SYMULACJA POMINIĘCIE: 'FREZ D8 KULA KP.tom' (Brak folderu w bazie)
[2026-08-06 10:30:51] [INFO] SYMULACJA POMINIĘCIE: 'FREZ D8,8 KULA KP.tom' (Brak folderu w bazie)
[2026-08-06 10:30:51] [INFO] SYMULACJA POMINIĘCIE: 'FREZ D8.5 Z2 L25.tom' (Brak folderu w bazie)
[2026-08-06 10:30:51] [INFO] SYMULACJA POMINIĘCIE: 'FREZ D9 KULA KP.tom' (Brak folderu w bazie)
[2026-08-06 10:30:51] [INFO] SYMULACJA POMINIĘCIE: 'FREZ RS D12 prof Rkat.tom' (Brak folderu w bazie)
[2026-08-06 10:30:51] [INFO] SYMULACJA POMINIĘCIE: 'FREZ SPEC R0.3 R0.3 D6 do listwy zebatej.tom' (Brak folderu w bazie)
[2026-08-06 10:30:51] [INFO] SYMULACJA POMINIĘCIE: 'FREZ STOZKOWY K6.tom' (Brak folderu w bazie)
[2026-08-06 10:30:51] [INFO] SYMULACJA POMINIĘCIE: 'Frez TEowy D10 T1.2 Z6.tom' (Brak folderu w bazie)
[2026-08-06 10:30:51] [INFO] SYMULACJA POMINIĘCIE: 'Frez TEowy D10 T1.2 Z8.tom' (Brak folderu w bazie)
[2026-08-06 10:30:51] [INFO] SYMULACJA POMINIĘCIE: 'Frez teowy D18 K8 stozek Z4.tom' (Brak folderu w bazie)
[2026-08-06 10:30:51] [INFO] SYMULACJA POMINIĘCIE: 'frez testspirala.tom' (Brak folderu w bazie)
[2026-08-06 10:30:51] [INFO] SYMULACJA POMINIĘCIE: 'Frez Valeo DT2147 02 03 01 001 KP.tom' (Brak folderu w bazie)
[2026-08-06 10:30:51] [INFO] SYMULACJA POMINIĘCIE: 'frez z2 26,56st KP testspirala.tom' (Brak folderu w bazie)
[2026-08-06 10:30:51] [INFO] SYMULACJA POMINIĘCIE: 'frez z2 26,56st KP.tom' (Brak folderu w bazie)
[2026-08-06 10:30:51] [INFO] SYMULACJA POMINIĘCIE: 'frez z3 15st KP.tom' (Brak folderu w bazie)
[2026-08-06 10:30:51] [INFO] SYMULACJA POMINIĘCIE: 'frez z3 26,56st KP 22.11.tom' (Brak folderu w bazie)
[2026-08-06 10:30:51] [INFO] SYMULACJA POMINIĘCIE: 'frez z3 26,56st KP.tom' (Brak folderu w bazie)
[2026-08-06 10:30:51] [INFO] SYMULACJA POMINIĘCIE: 'frez z3 26,56st KspiralatestP.tom' (Brak folderu w bazie)
[2026-08-06 10:30:51] [INFO] SYMULACJA POMINIĘCIE: 'Frez z3 60st KP d1.3 L4.07 v2.tom' (Brak folderu w bazie)
[2026-08-06 10:30:51] [INFO] SYMULACJA POMINIĘCIE: 'Frez z3 60st KP d1.3 L4.07.tom' (Brak folderu w bazie)
[2026-08-06 10:30:51] [INFO] SYMULACJA POMINIĘCIE: 'Frezwid czyszczarka.D10 45st ostra.tom' (Brak folderu w bazie)
[2026-08-06 10:30:51] [INFO] SYMULACJA POMINIĘCIE: 'Frezwid czyszczarka.D16 55st ostra.tom' (Brak folderu w bazie)
[2026-08-06 10:30:51] [INFO] SYMULACJA POMINIĘCIE: 'Frezwid czyszczarka.D20 55st ostra.tom' (Brak folderu w bazie)
[2026-08-06 10:30:51] [INFO] SYMULACJA POMINIĘCIE: 'Frezwid czyszczarka.D25 55st ostra.tom' (Brak folderu w bazie)
[2026-08-06 10:30:51] [INFO] SYMULACJA POMINIĘCIE: 'Frezwid czyszczarka.D5 45st ostra.tom' (Brak folderu w bazie)
[2026-08-06 10:30:51] [INFO] SYMULACJA POMINIĘCIE: 'FREZWID D10X12 APTIV PROFIL1.tom' (Brak folderu w bazie)
[2026-08-06 10:30:51] [INFO] SYMULACJA POMINIĘCIE: 'FREZWID D11.5 Z3 GNIAZDO R1.5 pppr.tom' (Brak folderu w bazie)
[2026-08-06 10:30:51] [INFO] SYMULACJA POMINIĘCIE: 'FREZWID D11.5 Z3 GNIAZDO R1.5.tom' (Brak folderu w bazie)
[2026-08-06 10:30:51] [INFO] SYMULACJA POMINIĘCIE: 'FREZWID D12 Z3 5st wstecz.tom' (Brak folderu w bazie)
[2026-08-06 10:30:51] [INFO] SYMULACJA POMINIĘCIE: 'Frezwid D2.51 R0.5 R1 D12 .tom' (Brak folderu w bazie)
[2026-08-06 10:30:51] [INFO] SYMULACJA POMINIĘCIE: 'Frezwid D6 Z4 L v2 poprawa.tom' (Brak folderu w bazie)
[2026-08-06 10:30:51] [INFO] SYMULACJA POMINIĘCIE: 'Frezwid D6 Z4 L v2.tom' (Brak folderu w bazie)
[2026-08-06 10:30:51] [INFO] SYMULACJA POMINIĘCIE: 'Frezwid D6 Z4 P v2.tom' (Brak folderu w bazie)
[2026-08-06 10:30:51] [INFO] SYMULACJA POMINIĘCIE: 'FREZWID PROFINE GMBH D25 59242786.tom' (Brak folderu w bazie)
[2026-08-06 10:30:51] [INFO] SYMULACJA POMINIĘCIE: 'FREZWID(SKLEP) D5 L35 PRAWE JW.tom' (Brak folderu w bazie)
[2026-08-06 10:30:51] [INFO] SYMULACJA POMINIĘCIE: 'GNIAZDO TESTOWE D16x9.2 skosny.tom' (Brak folderu w bazie)
[2026-08-06 10:30:51] [INFO] SYMULACJA POMINIĘCIE: 'GNIAZDO TESTOWE D16x9.2 test spiralny.tom' (Brak folderu w bazie)
[2026-08-06 10:30:51] [INFO] SYMULACJA POMINIĘCIE: 'KP D13.8 KULA Z4 lamacz v2.tom' (Brak folderu w bazie)
[2026-08-06 10:30:51] [INFO] SYMULACJA POMINIĘCIE: 'KP D13.8 KULA Z4 lamacz.tom' (Brak folderu w bazie)
[2026-08-06 10:30:51] [INFO] SYMULACJA POMINIĘCIE: 'KP D14 KULA Z4 .tom' (Brak folderu w bazie)
[2026-08-06 10:30:51] [INFO] SYMULACJA POMINIĘCIE: 'KP D3.5 L12 Z3 A3.tom' (Brak folderu w bazie)
[2026-08-06 10:30:51] [INFO] SYMULACJA POMINIĘCIE: 'KP FREZ D2 Z2.tom' (Brak folderu w bazie)
[2026-08-06 10:30:51] [INFO] SYMULACJA POMINIĘCIE: 'KP Frez D20 Z3 L55.tom' (Brak folderu w bazie)
[2026-08-06 10:30:51] [INFO] SYMULACJA POMINIĘCIE: 'KP FREZ D3 Z2 l23.tom' (Brak folderu w bazie)
[2026-08-06 10:30:51] [INFO] SYMULACJA POMINIĘCIE: 'KP FREZ D3 Z2.tom' (Brak folderu w bazie)
[2026-08-06 10:30:51] [INFO] SYMULACJA POMINIĘCIE: 'kp koncowka d12 frez.tom' (Brak folderu w bazie)
[2026-08-06 10:30:51] [INFO] SYMULACJA POMINIĘCIE: 'KP KULA D13.8 Z3 lamacz.tom' (Brak folderu w bazie)
[2026-08-06 10:30:51] [INFO] SYMULACJA POMINIĘCIE: 'KULA D11 Z3 KP.tom' (Brak folderu w bazie)
[2026-08-06 10:30:51] [INFO] SYMULACJA POMINIĘCIE: 'KULA D7.tom' (Brak folderu w bazie)
[2026-08-06 10:30:51] [INFO] SYMULACJA POMINIĘCIE: 'PROFINE GMBH D16 R14.2 R1.2 D12.48.tom' (Brak folderu w bazie)
[2026-08-06 10:30:51] [INFO] SYMULACJA POMINIĘCIE: 'R6.425 z3.tom' (Brak folderu w bazie)
[2026-08-06 10:30:51] [INFO] SYMULACJA POMINIĘCIE: 'REHAU FREZWID PROFIL R4-R2 Z3.tom' (Brak folderu w bazie)
[2026-08-06 10:30:51] [INFO] SYMULACJA POMINIĘCIE: 'Rozwiertak 8.1.tom' (Brak folderu w bazie)
[2026-08-06 10:30:51] [INFO] SYMULACJA POMINIĘCIE: 'Wierlo 16x7.5 AP.tom' (Brak folderu w bazie)
[2026-08-06 10:30:51] [INFO] SYMULACJA POMINIĘCIE: 'WIERTLO 2.8.tom' (Brak folderu w bazie)
[2026-08-06 10:30:51] [INFO] SYMULACJA POMINIĘCIE: 'WIERTLO-FREZ- D20-Z4-CZOLO KAT120.tom' (Brak folderu w bazie)
[2026-08-06 10:30:51] [INFO] SYMULACJA POMINIĘCIE: 'plytki.tom' (Brak folderu w bazie)
[2026-08-06 10:30:51] [INFO] SYMULACJA POMINIĘCIE: 'R075 MK.tom' (Brak folderu w bazie)
[2026-08-06 10:30:51] [INFO] SYMULACJA POMINIĘCIE: 'E-FREEDOM D2 L10 Z1.tom' (Brak folderu w bazie)
[2026-08-06 10:30:51] [INFO] SYMULACJA POMINIĘCIE: 'KACPER D1,3 Z2 60 STOPNI.tom' (Brak folderu w bazie)
[2026-08-06 10:30:51] [INFO] SYMULACJA POMINIĘCIE: 'SWIAT OKUC BUDOWLANYCH FREZ D2.5 Z2 .tom' (Brak folderu w bazie)
[2026-08-06 10:30:51] [INFO] SYMULACJA POMINIĘCIE: 'AIRON PRO-TECH D10 Z4 LAMACZ 2+4.tom' (Brak folderu w bazie)
[2026-08-06 10:30:51] [INFO] SYMULACJA POMINIĘCIE: 'ALBUD RSA D10 L15 Z1 HW POLER.tom' (Brak folderu w bazie)
[2026-08-06 10:30:51] [INFO] SYMULACJA POMINIĘCIE: 'ALBUD RSA D10 Z1 L22 HW POLER.tom' (Brak folderu w bazie)
[2026-08-06 10:30:51] [INFO] SYMULACJA POMINIĘCIE: 'ALU-MET D10 L20 Z2-PROSTY PRZESTAWIONY.tom' (Brak folderu w bazie)
[2026-08-06 10:30:51] [INFO] SYMULACJA POMINIĘCIE: 'ALUKO D10 Z1 L24 POLER.tom' (Brak folderu w bazie)
[2026-08-06 10:30:51] [INFO] SYMULACJA POMINIĘCIE: 'ARKADA KOD A1-1022 NG.tom' (Brak folderu w bazie)
[2026-08-06 10:30:51] [INFO] SYMULACJA POMINIĘCIE: 'AWILUX D10 L50 Z2-PROSTY PRZESTAWIONY.tom' (Brak folderu w bazie)
[2026-08-06 10:30:51] [INFO] SYMULACJA POMINIĘCIE: 'BERTSCH D10 Z3 LAMACZ.tom' (Brak folderu w bazie)
[2026-08-06 10:30:51] [INFO] SYMULACJA POMINIĘCIE: 'BEWI D10 L30 Z1 POLER.tom' (Brak folderu w bazie)
[2026-08-06 10:30:51] [INFO] SYMULACJA POMINIĘCIE: 'BEWI D10 Z1 L50 PRAWE POLER n.tom' (Brak folderu w bazie)
[2026-08-06 10:30:51] [INFO] SYMULACJA POMINIĘCIE: 'BEWI D10 Z1 L50 PRAWE.tom' (Brak folderu w bazie)
[2026-08-06 10:30:51] [INFO] SYMULACJA POMINIĘCIE: 'BOGDANSKI D10 Z1 A1-1035 NG.tom' (Brak folderu w bazie)
[2026-08-06 10:30:51] [INFO] SYMULACJA POMINIĘCIE: 'BOGDANSKI D10 Z1 L35.tom' (Brak folderu w bazie)
[2026-08-06 10:30:51] [INFO] SYMULACJA POMINIĘCIE: 'BOGMAR BB A1-1014 NG.tom' (Brak folderu w bazie)
[2026-08-06 10:30:51] [INFO] SYMULACJA POMINIĘCIE: 'BRASSCO D10 Z2 L11,4 v2.tom' (Brak folderu w bazie)
[2026-08-06 10:30:51] [INFO] SYMULACJA POMINIĘCIE: 'BRASSCO D10 Z2 L11,4.tom' (Brak folderu w bazie)
[2026-08-06 10:30:51] [INFO] SYMULACJA POMINIĘCIE: 'BUDMONT D10 Z1 A1-1035.tom' (Brak folderu w bazie)
[2026-08-06 10:30:51] [INFO] SYMULACJA POMINIĘCIE: 'D10--Z1-HW-CZOLO POPRAWA.tom' (Brak folderu w bazie)
[2026-08-06 10:30:51] [INFO] SYMULACJA POMINIĘCIE: 'D10-D3-NASADKA FAZUJACA.tom' (Brak folderu w bazie)
[2026-08-06 10:30:51] [INFO] SYMULACJA POMINIĘCIE: 'D10-L4-KAT65-Z4-HW.tom' (Brak folderu w bazie)
[2026-08-06 10:30:51] [INFO] SYMULACJA POMINIĘCIE: 'DAL TECH FREZ D10x8.4-Z2-HW.tom' (Brak folderu w bazie)
[2026-08-06 10:30:51] [INFO] SYMULACJA OK: 'DAL TECH FREZ D10x8.5-Z2-HW.tom' zakwalifikowany do '52 DAL-TECH'
[2026-08-06 10:30:51] [INFO] SYMULACJA POMINIĘCIE: 'DREWCO FREZ STOP  D6x10.2 Z2.tom' (Brak folderu w bazie)
[2026-08-06 10:30:51] [INFO] SYMULACJA POMINIĘCIE: 'DREWNOSTYL D10 Z3 L22 LEWO PRAWY.tom' (Brak folderu w bazie)
[2026-08-06 10:30:51] [INFO] SYMULACJA POMINIĘCIE: 'DREWNOSTYL FREZ FAZOWNIK D10 Z2.tom' (Brak folderu w bazie)
[2026-08-06 10:30:51] [INFO] SYMULACJA POMINIĘCIE: 'DRUTEX D10 L27 Z4.tom' (Brak folderu w bazie)
[2026-08-06 10:30:51] [INFO] SYMULACJA POMINIĘCIE: 'DRUTEX D10 Z4 L27 COMET 9.tom' (Brak folderu w bazie)
[2026-08-06 10:30:51] [INFO] SYMULACJA POMINIĘCIE: 'DRUTEX FREZ D10-Z2+2.tom' (Brak folderu w bazie)
[2026-08-06 10:30:51] [INFO] SYMULACJA POMINIĘCIE: 'ECO DREW D10 Z3 L 65.tom' (Brak folderu w bazie)
[2026-08-06 10:30:51] [INFO] SYMULACJA POMINIĘCIE: 'EUROLEDLIGHTING A1-1014.tom' (Brak folderu w bazie)
[2026-08-06 10:30:51] [INFO] SYMULACJA POMINIĘCIE: 'EUROLEDLIGHTNING D10 Z2 A2-1025.tom' (Brak folderu w bazie)
[2026-08-06 10:30:51] [INFO] SYMULACJA POMINIĘCIE: 'EXPRESS PCV D10 Z2 L40 PROSTY PRZESTAWIONY.tom' (Brak folderu w bazie)
[2026-08-06 10:30:51] [INFO] SYMULACJA POMINIĘCIE: 'EXTHERM-2 D10 Z1 L40 PRAWE n.tom' (Brak folderu w bazie)
[2026-08-06 10:30:51] [INFO] SYMULACJA POMINIĘCIE: 'FAKRO NASADKA D10 LEWE.tom' (Brak folderu w bazie)
[2026-08-06 10:30:51] [INFO] SYMULACJA POMINIĘCIE: 'FAKRO NASADKA D10.tom' (Brak folderu w bazie)
[2026-08-06 10:30:51] [INFO] SYMULACJA POMINIĘCIE: 'FARO D10 L25 Z2.tom' (Brak folderu w bazie)
[2026-08-06 10:30:51] [INFO] SYMULACJA POMINIĘCIE: 'FARO D10 L80 Z3.tom' (Brak folderu w bazie)
[2026-08-06 10:30:51] [INFO] SYMULACJA POMINIĘCIE: 'FARO D10 Z1 A1-1025 NG.tom' (Brak folderu w bazie)
[2026-08-06 10:30:51] [INFO] SYMULACJA POMINIĘCIE: 'FARO KULA D10 Z2 L15.tom' (Brak folderu w bazie)
[2026-08-06 10:30:51] [INFO] SYMULACJA POMINIĘCIE: 'FOREST D10 L40 Z1-HW .tom' (Brak folderu w bazie)
[2026-08-06 10:30:51] [INFO] SYMULACJA POMINIĘCIE: 'FREZ D10 X d3 Z2 K5.tom' (Brak folderu w bazie)
[2026-08-06 10:30:51] [INFO] SYMULACJA POMINIĘCIE: 'Frez TEowy D10 T1.2 Z8.tom' (Brak folderu w bazie)
[2026-08-06 10:30:51] [INFO] SYMULACJA POMINIĘCIE: 'FREZWID(PSEB) FREZ D10 L22 Z2.tom' (Brak folderu w bazie)
[2026-08-06 10:30:51] [INFO] SYMULACJA POMINIĘCIE: 'FUDMEN D10x4.5 Z3-HW.tom' (Brak folderu w bazie)
[2026-08-06 10:30:51] [INFO] SYMULACJA POMINIĘCIE: 'GAŁAT FREZ D10 Z1 A1-1040.tom' (Brak folderu w bazie)
[2026-08-06 10:30:51] [INFO] SYMULACJA POMINIĘCIE: 'GLASS SPACE D10 Z2 A2-1030.tom' (Brak folderu w bazie)
[2026-08-06 10:30:51] [INFO] SYMULACJA POMINIĘCIE: 'GOLD DOOR FREZ D10-Z2+2 L15x50.tom' (Brak folderu w bazie)
[2026-08-06 10:30:51] [INFO] SYMULACJA POMINIĘCIE: 'GOLD DOOR FREZ D10-Z2+2 L20x50.tom' (Brak folderu w bazie)
[2026-08-06 10:30:51] [INFO] SYMULACJA POMINIĘCIE: 'HANNECARD D10.2 Z2 R4x3st.tom' (Brak folderu w bazie)
[2026-08-06 10:30:51] [INFO] SYMULACJA POMINIĘCIE: 'HANNECARD D10.5 Z2 R4x6st.tom' (Brak folderu w bazie)
[2026-08-06 10:30:51] [INFO] SYMULACJA POMINIĘCIE: 'HENSFORD D10 L22 Z1-HSS .tom' (Brak folderu w bazie)
[2026-08-06 10:30:51] [INFO] SYMULACJA POMINIĘCIE: 'HL SCHODY D10 L50 Z3 HW.tom' (Brak folderu w bazie)
[2026-08-06 10:30:51] [INFO] SYMULACJA POMINIĘCIE: 'INTEGRAL D10 Z3 PROSTY.tom' (Brak folderu w bazie)
[2026-08-06 10:30:51] [INFO] SYMULACJA POMINIĘCIE: 'INTER-BUD D10 Z2 L45 PROSTY PRZESTAWIONY.tom' (Brak folderu w bazie)
[2026-08-06 10:30:51] [INFO] SYMULACJA POMINIĘCIE: 'INVADO D10 Z3 L55 LEWO PRAWY.tom' (Brak folderu w bazie)
[2026-08-06 10:30:51] [INFO] SYMULACJA POMINIĘCIE: 'JTECH D10 Z2-PROSTY PRZESTAWIONY.tom' (Brak folderu w bazie)
[2026-08-06 10:30:51] [INFO] SYMULACJA POMINIĘCIE: 'JUSTA BIS D10 L47 Z1 HSS .tom' (Brak folderu w bazie)
[2026-08-06 10:30:51] [INFO] SYMULACJA POMINIĘCIE: 'KARO D10 Z1 L40 PRAWE POLER n.tom' (Brak folderu w bazie)
[2026-08-06 10:30:51] [INFO] SYMULACJA POMINIĘCIE: 'KOLOR MAZUR D10 L75 Z2.tom' (Brak folderu w bazie)
[2026-08-06 10:30:51] [INFO] SYMULACJA POMINIĘCIE: 'KRISHOME D10 L25 Z2 POLER.tom' (Brak folderu w bazie)
[2026-08-06 10:30:51] [INFO] SYMULACJA POMINIĘCIE: 'KTLC EUROPE FREZ D10 Z4 R3.0.tom' (Brak folderu w bazie)
[2026-08-06 10:30:51] [INFO] SYMULACJA POMINIĘCIE: 'LS BEDDING D10 L30 Z3 HW.tom' (Brak folderu w bazie)
[2026-08-06 10:30:51] [INFO] SYMULACJA POMINIĘCIE: 'LUC BEKAERT D10 Z3 L59 szyjka.tom' (Brak folderu w bazie)
[2026-08-06 10:30:51] [INFO] SYMULACJA POMINIĘCIE: 'LUC BEKAERT MASCHINEN D10 Z3 L70.tom' (Brak folderu w bazie)
[2026-08-06 10:30:51] [INFO] SYMULACJA OK: 'MADEX D10-L40-Z4-HW.tom' zakwalifikowany do '345 MADEX'
[2026-08-06 10:30:51] [INFO] SYMULACJA POMINIĘCIE: 'MANUFAKTURA MAJDOSZ D10x6 R1 wew.tom' (Brak folderu w bazie)
[2026-08-06 10:30:51] [INFO] SYMULACJA POMINIĘCIE: 'MARCIN OSTROGORSKI FREZ 10-Z2+2 L10X40.tom' (Brak folderu w bazie)
[2026-08-06 10:30:51] [INFO] SYMULACJA POMINIĘCIE: 'MB TRADING D10x60 NOZYK DO GUMY bez lamacza v1.tom' (Brak folderu w bazie)
[2026-08-06 10:30:51] [INFO] SYMULACJA POMINIĘCIE: 'MITBAU D10 Z1 L24.tom' (Brak folderu w bazie)
[2026-08-06 10:30:51] [INFO] SYMULACJA POMINIĘCIE: 'MULTISERW D10 L35 STOZEK 2 STOPNIE.tom' (Brak folderu w bazie)
[2026-08-06 10:30:51] [INFO] SYMULACJA POMINIĘCIE: 'NADWOZIA PARTNER A1-1014 NG.tom' (Brak folderu w bazie)
[2026-08-06 10:30:51] [INFO] SYMULACJA POMINIĘCIE: 'NAUMAL D10 Z1 L35 PRAWE POLER n.tom' (Brak folderu w bazie)
[2026-08-06 10:30:51] [INFO] SYMULACJA POMINIĘCIE: 'NITUS D10 Z2 L45 PROSTY PRZESTAWIONY.tom' (Brak folderu w bazie)
[2026-08-06 10:30:51] [INFO] SYMULACJA POMINIĘCIE: 'OKLAND A1-1035 NG.tom' (Brak folderu w bazie)
[2026-08-06 10:30:51] [INFO] SYMULACJA POMINIĘCIE: 'OKNOPLAST NASADKA D10 X 3.tom' (Brak folderu w bazie)
[2026-08-06 10:30:51] [INFO] SYMULACJA POMINIĘCIE: 'OPTIMA FREZ D10 R5 LEWY PROSTY.tom' (Brak folderu w bazie)
[2026-08-06 10:30:51] [INFO] SYMULACJA POMINIĘCIE: 'PAGEN D10 Z1 L45 PRAWE POLER n.tom' (Brak folderu w bazie)
[2026-08-06 10:30:51] [INFO] SYMULACJA POMINIĘCIE: 'PAMO D10 L35 Z3.tom' (Brak folderu w bazie)
[2026-08-06 10:30:51] [INFO] SYMULACJA POMINIĘCIE: 'PAWEL GARA D10 Z4 LAMACZ 2+4.tom' (Brak folderu w bazie)
[2026-08-06 10:30:51] [INFO] SYMULACJA POMINIĘCIE: 'PLAST-BUD D10 Z1 L27 HSS.tom' (Brak folderu w bazie)
[2026-08-06 10:30:51] [INFO] SYMULACJA POMINIĘCIE: 'POL-SKONE D10 L100 Z3 LAMACZ.tom' (Brak folderu w bazie)
[2026-08-06 10:30:51] [INFO] SYMULACJA POMINIĘCIE: 'PORTA ELK D10 L50 Z1-HW .tom' (Brak folderu w bazie)
[2026-08-06 10:30:51] [INFO] SYMULACJA POMINIĘCIE: 'PORTA KMI D10 Z1 L50 PRAWE POLER n.tom' (Brak folderu w bazie)
[2026-08-06 10:30:51] [INFO] SYMULACJA POMINIĘCIE: 'PRESTIGE D10 Z3 KULA LEWO PRAWY.tom' (Brak folderu w bazie)
[2026-08-06 10:30:51] [INFO] SYMULACJA POMINIĘCIE: 'PREZMET D10 LEWA pilka 4+4.tom' (Brak folderu w bazie)
[2026-08-06 10:30:51] [INFO] SYMULACJA POMINIĘCIE: 'PREZMET D10 PRAWA pilka 4+4.tom' (Brak folderu w bazie)
[2026-08-06 10:30:51] [INFO] SYMULACJA POMINIĘCIE: 'PROFIMER D10 L22 Z1 .tom' (Brak folderu w bazie)
[2026-08-06 10:30:51] [INFO] SYMULACJA POMINIĘCIE: 'PROFIMER D10 L24 Z1 .tom' (Brak folderu w bazie)
[2026-08-06 10:30:51] [INFO] SYMULACJA POMINIĘCIE: 'REDAN D10 Z1 L35.tom' (Brak folderu w bazie)
[2026-08-06 10:30:51] [INFO] SYMULACJA POMINIĘCIE: 'REDBUD D10 Z1 A1-1050 NOWE.tom' (Brak folderu w bazie)
[2026-08-06 10:30:51] [INFO] SYMULACJA POMINIĘCIE: 'RP-BUD D10 Z4 LAMACZ 2+4.tom' (Brak folderu w bazie)
[2026-08-06 10:30:51] [INFO] SYMULACJA POMINIĘCIE: 'SARANA D10 Z4 LAMACZ-HW.tom' (Brak folderu w bazie)
[2026-08-06 10:30:51] [INFO] SYMULACJA POMINIĘCIE: 'SCHWARZ D10 Z1 A1-1020.tom' (Brak folderu w bazie)
[2026-08-06 10:30:51] [INFO] SYMULACJA POMINIĘCIE: 'SEKO D10 Z1 L20 PRAWE POLER.tom' (Brak folderu w bazie)
[2026-08-06 10:30:51] [INFO] SYMULACJA POMINIĘCIE: 'SMA MAGNET D10x5-HW.tom' (Dwuznaczność (4 folderów))
[2026-08-06 10:30:51] [INFO] SYMULACJA POMINIĘCIE: 'SPOT-LIGHT D10 L30 Z3.tom' (Brak folderu w bazie)
[2026-08-06 10:30:51] [INFO] SYMULACJA POMINIĘCIE: 'STOLBAR D10 Z2 R3 L6.tom' (Brak folderu w bazie)
[2026-08-06 10:30:51] [INFO] SYMULACJA POMINIĘCIE: 'SUPERDREW Z2+2 D10 L52.tom' (Brak folderu w bazie)
[2026-08-06 10:30:51] [INFO] SYMULACJA POMINIĘCIE: 'TECH-ZAK D10 L4 TEOWY.tom' (Brak folderu w bazie)
[2026-08-06 10:30:51] [INFO] SYMULACJA POMINIĘCIE: 'TECHNOCAM D10.5 Z2 KULKA LOLIPOP.tom' (Brak folderu w bazie)
[2026-08-06 10:30:51] [INFO] SYMULACJA POMINIĘCIE: 'TECHNOCAM D10.5 Z3 KULKA LOLIPOP inna szyjka.tom' (Brak folderu w bazie)
[2026-08-06 10:30:51] [INFO] SYMULACJA POMINIĘCIE: 'TEXCOR D10 Z1 L30 PRAWE n.tom' (Brak folderu w bazie)
[2026-08-06 10:30:51] [INFO] SYMULACJA POMINIĘCIE: 'TEXCOR D10 Z1 L30 PRAWE POLER n.tom' (Brak folderu w bazie)
[2026-08-06 10:30:51] [INFO] SYMULACJA POMINIĘCIE: 'TEXOR D10 Z1 L22 PRAWE POLER.tom' (Brak folderu w bazie)
[2026-08-06 10:30:51] [INFO] SYMULACJA POMINIĘCIE: 'TRI-SPACE D10 Z2 A2-1014.tom' (Brak folderu w bazie)
[2026-08-06 10:30:51] [INFO] SYMULACJA POMINIĘCIE: 'TRYUMF D10 Z1-HW POLER.tom' (Brak folderu w bazie)
[2026-08-06 10:30:51] [INFO] SYMULACJA POMINIĘCIE: 'UAB BALTIJOS A1-1020.tom' (Brak folderu w bazie)
[2026-08-06 10:30:51] [INFO] SYMULACJA POMINIĘCIE: 'UAB BALTIJOS D10 Z1 A1-1022 NOWE.tom' (Brak folderu w bazie)
[2026-08-06 10:30:51] [INFO] SYMULACJA POMINIĘCIE: 'UNITEC D10 L15 Z1 HW POLER.tom' (Brak folderu w bazie)
[2026-08-06 10:30:51] [INFO] SYMULACJA POMINIĘCIE: 'UNITEC POLSKA D10 Z1 L15.tom' (Brak folderu w bazie)
[2026-08-06 10:30:51] [INFO] SYMULACJA POMINIĘCIE: 'WALDEMARO D10 L50 Z2-PROSTY PRZESTAWIONY.tom' (Brak folderu w bazie)
[2026-08-06 10:30:51] [INFO] SYMULACJA POMINIĘCIE: 'WALDEMARO D10 Z2 A2-1050.tom' (Brak folderu w bazie)
[2026-08-06 10:30:51] [INFO] SYMULACJA POMINIĘCIE: 'WALKO D10 L30 Z1 POLER.tom' (Brak folderu w bazie)
[2026-08-06 10:30:51] [INFO] SYMULACJA POMINIĘCIE: 'WEKTOR D10 L30 Z3 HSS.tom' (Brak folderu w bazie)
[2026-08-06 10:30:51] [INFO] SYMULACJA POMINIĘCIE: 'WINTECH D8 L40 Z2-PROSTY PRZESTAWIONY.tom' (Brak folderu w bazie)
[2026-08-06 10:30:51] [INFO] SYMULACJA POMINIĘCIE: 'ZEGPOL D10 Z1 L35.tom' (Brak folderu w bazie)
[2026-08-06 10:30:51] [INFO] SYMULACJA POMINIĘCIE: 'ZSK METKAM FREZ D10 Z2 R 6.5 PROF.tom' (Brak folderu w bazie)
[2026-08-06 10:30:51] [INFO] SYMULACJA POMINIĘCIE: 'CELMOL D11 z tylem.tom' (Brak folderu w bazie)
[2026-08-06 10:30:51] [INFO] SYMULACJA POMINIĘCIE: 'FREZWID D11 Z2 profil.tom' (Brak folderu w bazie)
[2026-08-06 10:30:51] [INFO] SYMULACJA POMINIĘCIE: 'FREZWID D11.5 Z3 GNIAZDO R1.5.tom' (Brak folderu w bazie)
[2026-08-06 10:30:51] [INFO] SYMULACJA POMINIĘCIE: 'KEYLITE D11-Z3-LAMACZ LEWY-HW.tom' (Brak folderu w bazie)
[2026-08-06 10:30:51] [INFO] SYMULACJA OK: 'OPTIMA D11 SZLIF PRAWO-LEWY DO GWINTU.tom' zakwalifikowany do '711 OPTIMA PIOTR MROZ'
[2026-08-06 10:30:51] [INFO] SYMULACJA POMINIĘCIE: 'ALUMNI SRL PLETWA CHWYT.tom' (Brak folderu w bazie)
[2026-08-06 10:30:51] [INFO] SYMULACJA POMINIĘCIE: 'ALUMNI SRL Z4 D12x6 LAMACZ.tom' (Brak folderu w bazie)
[2026-08-06 10:30:51] [INFO] SYMULACJA POMINIĘCIE: 'AMEX BACZEK D12 L20 PROSTY PRZESTAWIONY.tom' (Brak folderu w bazie)
[2026-08-06 10:30:51] [INFO] SYMULACJA POMINIĘCIE: 'CRYSTAL D12 LAMACZ.tom' (Brak folderu w bazie)
[2026-08-06 10:30:51] [INFO] SYMULACJA POMINIĘCIE: 'D12 L28 Z3 A3-1236 DLA KACPKRA.tom' (Brak folderu w bazie)
[2026-08-06 10:30:51] [INFO] SYMULACJA POMINIĘCIE: 'D12-Z4-NASADKA.tom' (Brak folderu w bazie)
[2026-08-06 10:30:51] [INFO] SYMULACJA POMINIĘCIE: 'DREWNOSTYL D12 Z3 L22 LEWO PRAWY.tom' (Brak folderu w bazie)
[2026-08-06 10:30:51] [INFO] SYMULACJA POMINIĘCIE: 'DREWNOSTYL FREZ D12-Z2+2 L15X60.tom' (Brak folderu w bazie)
[2026-08-06 10:30:51] [INFO] SYMULACJA POMINIĘCIE: 'DRUTEX D12 Z1 L15 SKLEP.tom' (Brak folderu w bazie)
[2026-08-06 10:30:51] [INFO] SYMULACJA POMINIĘCIE: 'DRUTEX D12 Z2 PRAWO-LEWY.tom' (Brak folderu w bazie)
[2026-08-06 10:30:51] [INFO] SYMULACJA POMINIĘCIE: 'DRUTEX WG5FTHSM08- D12 Z2 PROSTY PRZES.tom' (Brak folderu w bazie)
[2026-08-06 10:30:51] [INFO] SYMULACJA POMINIĘCIE: 'ERKADO D12 Z1 L45 POLER.tom' (Brak folderu w bazie)
[2026-08-06 10:30:51] [INFO] SYMULACJA POMINIĘCIE: 'EUROPROFIL-B D12x1 R5.tom' (Brak folderu w bazie)
[2026-08-06 10:30:51] [INFO] SYMULACJA POMINIĘCIE: 'FARO D12 Z3 LAMACZ.tom' (Brak folderu w bazie)
[2026-08-06 10:30:51] [INFO] SYMULACJA POMINIĘCIE: 'FREZ D12-Z2+2.tom' (Brak folderu w bazie)
[2026-08-06 10:30:51] [INFO] SYMULACJA POMINIĘCIE: 'FREZWID DO STALI D12-L26-Z4 S4-1235.tom' (Brak folderu w bazie)
[2026-08-06 10:30:51] [INFO] SYMULACJA POMINIĘCIE: 'GORAN FREZ FAZOWNIK D12 Z2.tom' (Brak folderu w bazie)
[2026-08-06 10:30:51] [INFO] SYMULACJA POMINIĘCIE: 'HENSFORD D12 Z2 PROSTY PRZES.tom' (Brak folderu w bazie)
[2026-08-06 10:30:51] [INFO] SYMULACJA POMINIĘCIE: 'JANECZEK ZS D12 Z2 poprawa.tom' (Brak folderu w bazie)
[2026-08-06 10:30:51] [INFO] SYMULACJA POMINIĘCIE: 'JOCZ D12 Z1 L45.tom' (Brak folderu w bazie)
[2026-08-06 10:30:51] [INFO] SYMULACJA POMINIĘCIE: 'JOCZ D12 Z1.tom' (Brak folderu w bazie)
[2026-08-06 10:30:51] [INFO] SYMULACJA POMINIĘCIE: 'KOBAX D12  R0.5_KAT22.5.tom' (Brak folderu w bazie)
[2026-08-06 10:30:51] [INFO] SYMULACJA POMINIĘCIE: 'KOBAX D12  R0.5_KAT31.2.tom' (Brak folderu w bazie)
[2026-08-06 10:30:51] [INFO] SYMULACJA POMINIĘCIE: 'KONKOL D12 Z3 L80 WYK.tom' (Brak folderu w bazie)
[2026-08-06 10:30:51] [INFO] SYMULACJA POMINIĘCIE: 'KREPEL D12 Z2 profil.tom' (Brak folderu w bazie)
[2026-08-06 10:30:51] [INFO] SYMULACJA POMINIĘCIE: 'Lasek D12 profil R3 R1.5.tom' (Brak folderu w bazie)
[2026-08-06 10:30:51] [INFO] SYMULACJA POMINIĘCIE: 'LEPSY D12 Z3 LAMACZ.tom' (Brak folderu w bazie)
[2026-08-06 10:30:51] [INFO] SYMULACJA POMINIĘCIE: 'LESTOL D12 Z3 L80 WYK.tom' (Brak folderu w bazie)
[2026-08-06 10:30:51] [INFO] SYMULACJA POMINIĘCIE: 'MB TRADING FREZ D5.1x12 K34.63 Z2.tom' (Brak folderu w bazie)
[2026-08-06 10:30:51] [INFO] SYMULACJA POMINIĘCIE: 'MEJZA D12 R2 R2.5 Z2.tom' (Brak folderu w bazie)
[2026-08-06 10:30:51] [INFO] SYMULACJA POMINIĘCIE: 'METAL PROJECT PL D12 Z2 A2-1230.tom' (Brak folderu w bazie)
[2026-08-06 10:30:51] [INFO] SYMULACJA POMINIĘCIE: 'NM POLSKA FREZ D12 74.72st z2 LEWY.tom' (Brak folderu w bazie)
[2026-08-06 10:30:51] [INFO] SYMULACJA POMINIĘCIE: 'NM POLSKA FREZ D12 74.72st z2 PRAWY.tom' (Brak folderu w bazie)
[2026-08-06 10:30:51] [INFO] SYMULACJA POMINIĘCIE: 'OKLAND D12 Z2 A2-1235.tom' (Brak folderu w bazie)
[2026-08-06 10:30:51] [INFO] SYMULACJA POMINIĘCIE: 'PAGEN D12 Z2 A2-1230.tom' (Brak folderu w bazie)
[2026-08-06 10:30:51] [INFO] SYMULACJA POMINIĘCIE: 'PAMO D12 Z4 L90.tom' (Brak folderu w bazie)
[2026-08-06 10:30:51] [INFO] SYMULACJA POMINIĘCIE: 'PAMO D12.5 Z2 HW.tom' (Brak folderu w bazie)
[2026-08-06 10:30:51] [INFO] SYMULACJA POMINIĘCIE: 'PILCH D12 Z1 L32.tom' (Brak folderu w bazie)
[2026-08-06 10:30:51] [INFO] SYMULACJA POMINIĘCIE: 'PILCH FREZ D12x6 L9 Z2.tom' (Brak folderu w bazie)
[2026-08-06 10:30:51] [INFO] SYMULACJA POMINIĘCIE: 'PLAS-BUD D12 Z1 L35.tom' (Brak folderu w bazie)
[2026-08-06 10:30:51] [INFO] SYMULACJA POMINIĘCIE: 'PLASTBUD D12 Z1 A1-1250 NOWE.tom' (Brak folderu w bazie)
[2026-08-06 10:30:51] [INFO] SYMULACJA POMINIĘCIE: 'PLASTBUD FREZ D12 Z4 L25 HSS.tom' (Brak folderu w bazie)
[2026-08-06 10:30:51] [INFO] SYMULACJA POMINIĘCIE: 'PLASTBUD FREZ D12 Z4 L25 HW.tom' (Brak folderu w bazie)
[2026-08-06 10:30:51] [INFO] SYMULACJA POMINIĘCIE: 'POL-SKONE D12 Z3 LAMACZ.tom' (Brak folderu w bazie)
[2026-08-06 10:30:51] [INFO] SYMULACJA POMINIĘCIE: 'PORTA D12 Z4 JAK WIERTLO.tom' (Brak folderu w bazie)
[2026-08-06 10:30:51] [INFO] SYMULACJA POMINIĘCIE: 'ROZWADOWSKI D12 Z2 PROSTY PRZES.tom' (Brak folderu w bazie)
[2026-08-06 10:30:51] [INFO] SYMULACJA POMINIĘCIE: 'SCHWARz D12 Z1.tom' (Brak folderu w bazie)
[2026-08-06 10:30:51] [INFO] SYMULACJA POMINIĘCIE: 'SLOWINSCY D12 Z1 A1-1250 NOWE.tom' (Brak folderu w bazie)
[2026-08-06 10:30:51] [INFO] SYMULACJA POMINIĘCIE: 'SUPERDREW Z2+2 D12 L52.tom' (Brak folderu w bazie)
[2026-08-06 10:30:51] [INFO] SYMULACJA POMINIĘCIE: 'TABATH GROUP D12 profil R6 .tom' (Brak folderu w bazie)
[2026-08-06 10:30:51] [INFO] SYMULACJA POMINIĘCIE: 'TABATH GROUP D12 Z2 PROF R1 R1.5 LEWE.tom' (Brak folderu w bazie)
[2026-08-06 10:30:51] [INFO] SYMULACJA POMINIĘCIE: 'TABATH GROUP D12 Z2 PROF R1 R1.5 PRAWE.tom' (Brak folderu w bazie)
[2026-08-06 10:30:51] [INFO] SYMULACJA POMINIĘCIE: 'TABATH GROUP D12 Z2 PROF R1 R1.5.tom' (Brak folderu w bazie)
[2026-08-06 10:30:51] [INFO] SYMULACJA POMINIĘCIE: 'TABATH GROUP D12 Z2 PROF R1.5 R1.25 R1 LEWE.tom' (Brak folderu w bazie)
[2026-08-06 10:30:51] [INFO] SYMULACJA POMINIĘCIE: 'TABATH GROUP D12 Z2 PROF R1.5 R1.25 R1 PRAWE blad.tom' (Brak folderu w bazie)
[2026-08-06 10:30:51] [INFO] SYMULACJA POMINIĘCIE: 'TABATH GROUP D12 Z2 PROF R1.5 R1.25 R1 PRAWE.tom' (Brak folderu w bazie)
[2026-08-06 10:30:51] [INFO] SYMULACJA POMINIĘCIE: 'TABATH GROUP D12 Z2 PROF R2,25 R2 R1.75 LEWE.tom' (Brak folderu w bazie)
[2026-08-06 10:30:51] [INFO] SYMULACJA POMINIĘCIE: 'TABATH GROUP D12 Z2 PROF R2,25 R2 R1.75 PRAWE.tom' (Brak folderu w bazie)
[2026-08-06 10:30:51] [INFO] SYMULACJA POMINIĘCIE: 'UAB BALTIJOS D12 Z1 A1-1228 NOWE.tom' (Brak folderu w bazie)
[2026-08-06 10:30:51] [INFO] SYMULACJA POMINIĘCIE: 'UNITEC POLSKA D12 Z1 L50 .tom' (Brak folderu w bazie)
[2026-08-06 10:30:51] [INFO] SYMULACJA POMINIĘCIE: 'UNITEC POLSKA D12 Z1 L50 POLER.tom' (Brak folderu w bazie)
[2026-08-06 10:30:51] [INFO] SYMULACJA POMINIĘCIE: 'UNITEC POLSKA D12 Z1 L50.tom' (Brak folderu w bazie)
[2026-08-06 10:30:51] [INFO] SYMULACJA OK: 'VIP STUDIO MEBLI D12 R3.25 fazownik.tom' zakwalifikowany do '20 VIP STUDIO MEBLI'
[2026-08-06 10:30:51] [INFO] SYMULACJA POMINIĘCIE: 'WALDEMARO D12 Z2 A2-1285.tom' (Brak folderu w bazie)
[2026-08-06 10:30:51] [INFO] SYMULACJA POMINIĘCIE: 'WINTECH D12 Z2-PROSTY PRZESTAWIONY.tom' (Brak folderu w bazie)
[2026-08-06 10:30:51] [INFO] SYMULACJA POMINIĘCIE: 'WOJMARPLAST D12 Z2 A2-1235.tom' (Brak folderu w bazie)
[2026-08-06 10:30:51] [INFO] SYMULACJA POMINIĘCIE: 'WOODEN WORLD FREZ D12 Z2 LOLIPOP LEWY.tom' (Brak folderu w bazie)
[2026-08-06 10:30:51] [INFO] SYMULACJA POMINIĘCIE: 'JTECH -13- -Z2-PROSTY PRZESTAWIONY.tom' (Brak folderu w bazie)
[2026-08-06 10:30:51] [INFO] SYMULACJA POMINIĘCIE: 'JTECH D13-Z2-PROSTY PRZESTAWIONY.tom' (Brak folderu w bazie)
[2026-08-06 10:30:51] [INFO] SYMULACJA POMINIĘCIE: 'KM OKNO D13-L25-Z4-HW.tom' (Brak folderu w bazie)
[2026-08-06 10:30:51] [INFO] SYMULACJA POMINIĘCIE: 'MIGAS DOOR FREZ D13x6.5 Z2.tom' (Brak folderu w bazie)
[2026-08-06 10:30:51] [INFO] SYMULACJA POMINIĘCIE: 'NM POLSKA (VELUX) FREZ D13 Z3 L50.tom' (Brak folderu w bazie)
[2026-08-06 10:30:51] [INFO] SYMULACJA POMINIĘCIE: 'RP EUROPE D13.1 Z2 KULA SPEC.tom' (Brak folderu w bazie)
[2026-08-06 10:30:51] [INFO] SYMULACJA POMINIĘCIE: 'RP EUROPE D13.1 Z3 PROMIENIE.tom' (Brak folderu w bazie)
[2026-08-06 10:30:51] [INFO] SYMULACJA POMINIĘCIE: 'AMATI FREZ D14x8 Z2 PROSTY.tom' (Brak folderu w bazie)
[2026-08-06 10:30:51] [INFO] SYMULACJA POMINIĘCIE: 'CALVET D14.3 K10 L18 STOZ ODWR .tom' (Brak folderu w bazie)
[2026-08-06 10:30:51] [INFO] SYMULACJA POMINIĘCIE: 'CALVET D14.8 Z3 PROSTY R2 .tom' (Brak folderu w bazie)
[2026-08-06 10:30:51] [INFO] SYMULACJA POMINIĘCIE: 'DAL-TECH FREZ D14 Z4 TEOWY L4 DLUGA SZYJka.tom' (Brak folderu w bazie)
[2026-08-06 10:30:51] [INFO] SYMULACJA POMINIĘCIE: 'DAL-TECH FREZ D14 Z4 TEOWY L4.tom' (Brak folderu w bazie)
[2026-08-06 10:30:51] [INFO] SYMULACJA POMINIĘCIE: 'DALTECH D14 PROFIL 4,17x8,4x11,78.tom' (Brak folderu w bazie)
[2026-08-06 10:30:51] [INFO] SYMULACJA POMINIĘCIE: 'DREW JAR -Z2 D14 GWINT PP.tom' (Brak folderu w bazie)
[2026-08-06 10:30:51] [INFO] SYMULACJA POMINIĘCIE: 'FREZWID D14 Z4 KSZTALT.tom' (Brak folderu w bazie)
[2026-08-06 10:30:51] [INFO] SYMULACJA POMINIĘCIE: 'INVADO D14 Z3 L55 LEWO PRAWY.tom' (Brak folderu w bazie)
[2026-08-06 10:30:51] [INFO] SYMULACJA POMINIĘCIE: 'INVADO D14 Z3 L55 prawo lewy.tom' (Brak folderu w bazie)
[2026-08-06 10:30:51] [INFO] SYMULACJA POMINIĘCIE: 'LOBITIO B MECH D14 Z2 Frez nieprzelotowe.tom' (Brak folderu w bazie)
[2026-08-06 10:30:51] [INFO] SYMULACJA POMINIĘCIE: 'MALEC DARIUSZ D14.5x7.2 R3.tom' (Brak folderu w bazie)
[2026-08-06 10:30:51] [INFO] SYMULACJA POMINIĘCIE: 'NM POLSKA D14 Z3 L35.tom' (Brak folderu w bazie)
[2026-08-06 10:30:51] [INFO] SYMULACJA POMINIĘCIE: 'POL SKONE FREZ D14 Z2 PODCIECIE .tom' (Brak folderu w bazie)
[2026-08-06 10:30:51] [INFO] SYMULACJA POMINIĘCIE: 'PORTA D14 Z4 JAK WIERTLO.tom' (Brak folderu w bazie)
[2026-08-06 10:30:51] [INFO] SYMULACJA POMINIĘCIE: 'POWER TRAFO TABATH FREZ D14.1 Z4 L32 S4-ST.tom' (Brak folderu w bazie)
[2026-08-06 10:30:51] [INFO] SYMULACJA POMINIĘCIE: 'POZ BRUK D14 Z3 L155.tom' (Brak folderu w bazie)
[2026-08-06 10:30:51] [INFO] SYMULACJA POMINIĘCIE: 'STOLPAR D14x10 z3 .tom' (Brak folderu w bazie)
[2026-08-06 10:30:51] [INFO] SYMULACJA POMINIĘCIE: 'WALDEMARO D14 Z1 L30 FACETY POLER.tom' (Brak folderu w bazie)
[2026-08-06 10:30:51] [INFO] SYMULACJA POMINIĘCIE: 'BSGM FREZ D15 Z2 R9.5 PROF.tom' (Brak folderu w bazie)
[2026-08-06 10:30:51] [INFO] SYMULACJA POMINIĘCIE: 'BSGM FREZ SPIRALNY D15.5 Z2 R9.5 PROF.tom' (Brak folderu w bazie)
[2026-08-06 10:30:51] [INFO] SYMULACJA OK: 'DRUTEX D15 L45 Z3.tom' zakwalifikowany do '953 DRUTEX'
[2026-08-06 10:30:51] [INFO] SYMULACJA POMINIĘCIE: 'AR_DREW FREZ D16-Z3+3 L25x135 .tom' (Brak folderu w bazie)
[2026-08-06 10:30:51] [INFO] SYMULACJA POMINIĘCIE: 'AR_DREW FREZ D16-Z3+3 L25x135 poprawa zanizen.tom' (Brak folderu w bazie)
[2026-08-06 10:30:51] [INFO] SYMULACJA POMINIĘCIE: 'D16-Z2-VEKA OPORY-3,2x105st.tom' (Brak folderu w bazie)
[2026-08-06 10:30:51] [INFO] SYMULACJA POMINIĘCIE: 'FARO FREZ D16 Z3 L45 HW.tom' (Brak folderu w bazie)
[2026-08-06 10:30:51] [INFO] SYMULACJA POMINIĘCIE: 'FREZ D16 Z4 5stopni.tom' (Brak folderu w bazie)
[2026-08-06 10:30:51] [INFO] SYMULACJA OK: 'FREZWID D16 Z3 LAMACZ .tom' zakwalifikowany do 'ZP-28 FREZWID (SKLEP)'
[2026-08-06 10:30:51] [INFO] SYMULACJA POMINIĘCIE: 'FREZWID FREZ D16 Z3 K-30.tom' (Brak folderu w bazie)
[2026-08-06 10:30:51] [INFO] SYMULACJA POMINIĘCIE: 'GLOBAL DOORS AND WINDOWS KULA D16 L40.tom' (Brak folderu w bazie)
[2026-08-06 10:30:51] [INFO] SYMULACJA POMINIĘCIE: 'GOTYK D16 Z3-LAMACZ-HW.tom' (Brak folderu w bazie)
[2026-08-06 10:30:51] [INFO] SYMULACJA POMINIĘCIE: 'JANTAR STUDIO Z2 D16X1 R4 lut.tom' (Brak folderu w bazie)
[2026-08-06 10:30:51] [INFO] SYMULACJA POMINIĘCIE: 'JANTAR STUDIO Z2 D16X1 R5 lut.tom' (Brak folderu w bazie)
[2026-08-06 10:30:51] [INFO] SYMULACJA POMINIĘCIE: 'KAMIL D16 L80 LAMACZ.tom' (Brak folderu w bazie)
[2026-08-06 10:30:51] [INFO] SYMULACJA POMINIĘCIE: 'KEYLITE FREZ D16-Z3+3 L16x40 .tom' (Brak folderu w bazie)
[2026-08-06 10:30:51] [INFO] SYMULACJA POMINIĘCIE: 'KEYLITE FREZ D16-Z3+3 L40x100 .tom' (Brak folderu w bazie)
[2026-08-06 10:30:51] [INFO] SYMULACJA POMINIĘCIE: 'KOCZY D16 Z3-LAMACZ NOWY TYP.tom' (Brak folderu w bazie)
[2026-08-06 10:30:51] [INFO] SYMULACJA POMINIĘCIE: 'KRAK=MAL D16 Z2 LAMACZ LUTOWANY.tom' (Brak folderu w bazie)
[2026-08-06 10:30:51] [INFO] SYMULACJA POMINIĘCIE: 'Lasek D16 profil 90stopni.tom' (Brak folderu w bazie)
[2026-08-06 10:30:51] [INFO] SYMULACJA POMINIĘCIE: 'MALWOOD INSTRUMENTS D16 Z3 R684.7.tom' (Brak folderu w bazie)
[2026-08-06 10:30:51] [INFO] SYMULACJA POMINIĘCIE: 'MAR-TOM D16 L60 Z3 LAMACZ.tom' (Brak folderu w bazie)
[2026-08-06 10:30:51] [INFO] SYMULACJA POMINIĘCIE: 'MB TRADING D16-L27-Z3-lamacz.tom' (Brak folderu w bazie)
[2026-08-06 10:30:51] [INFO] SYMULACJA POMINIĘCIE: 'MB TRADING D16-L35-Z3-ALU-LEWY-C-land.tom' (Brak folderu w bazie)
[2026-08-06 10:30:51] [INFO] SYMULACJA POMINIĘCIE: 'MB TRADING D16-L35-Z3-lamacz.tom' (Brak folderu w bazie)
[2026-08-06 10:30:51] [INFO] SYMULACJA POMINIĘCIE: 'MEJZA D16 R2 2.5.tom' (Brak folderu w bazie)
[2026-08-06 10:30:51] [INFO] SYMULACJA POMINIĘCIE: 'MEJZA D16 Z3 L45 LAMACZ.tom' (Brak folderu w bazie)
[2026-08-06 10:30:51] [INFO] SYMULACJA POMINIĘCIE: 'MEJZA D25 R2 R9.tom' (Brak folderu w bazie)
[2026-08-06 10:30:51] [INFO] SYMULACJA OK: 'MTEHNIK FREZ D16 L32 Z3 HW.tom' zakwalifikowany do '214 MTEHNIK'
[2026-08-06 10:30:51] [INFO] SYMULACJA POMINIĘCIE: 'OKNA AMATI FREZ STOP  D6x16 Z2 poprawa.tom' (Brak folderu w bazie)
[2026-08-06 10:30:51] [INFO] SYMULACJA POMINIĘCIE: 'OKNA AMATI FREZ STOP  D6x16 Z2.tom' (Brak folderu w bazie)
[2026-08-06 10:30:51] [INFO] SYMULACJA POMINIĘCIE: 'ORTO-MED FREZ D16 Z2 L150 KULA.tom' (Brak folderu w bazie)
[2026-08-06 10:30:51] [INFO] SYMULACJA POMINIĘCIE: 'PLASTDREW D16 Z3 L45 LAMACZ.tom' (Brak folderu w bazie)
[2026-08-06 10:30:51] [INFO] SYMULACJA POMINIĘCIE: 'POL-SKONE D16x3.2 PROF.tom' (Brak folderu w bazie)
[2026-08-06 10:30:51] [INFO] SYMULACJA POMINIĘCIE: 'POLTING FOAM FAZOWNIK z4 D16.tom' (Brak folderu w bazie)
[2026-08-06 10:30:51] [INFO] SYMULACJA OK: 'PRESTIGE D16 Z2 R1 L20 LEWO PRAWY.tom' zakwalifikowany do '0'
[2026-08-06 10:30:51] [INFO] SYMULACJA POMINIĘCIE: 'PRESTIGE D16 Z3 KULA LEWO PRAWY.tom' (Brak folderu w bazie)
[2026-08-06 10:30:51] [INFO] SYMULACJA POMINIĘCIE: 'PRESTIGE D18 Z3 KULA LEWO PRAWY.tom' (Brak folderu w bazie)
[2026-08-06 10:30:51] [INFO] SYMULACJA POMINIĘCIE: 'PRESTIGE fazownik z4 D16.tom' (Brak folderu w bazie)
[2026-08-06 10:30:51] [INFO] SYMULACJA POMINIĘCIE: 'PRO-BAU D16x8 L13.3 R3 PROSTY.tom' (Brak folderu w bazie)
[2026-08-06 10:30:51] [INFO] SYMULACJA POMINIĘCIE: 'PRZ Stolarnia FREZ D16-Z3+3 L40x100 .tom' (Brak folderu w bazie)
[2026-08-06 10:30:51] [INFO] SYMULACJA POMINIĘCIE: 'QUERCUS D16 Z2 TEOWY v2.tom' (Brak folderu w bazie)
[2026-08-06 10:30:51] [INFO] SYMULACJA POMINIĘCIE: 'QUERCUS D16 Z2 TEOWY.tom' (Brak folderu w bazie)
[2026-08-06 10:30:51] [INFO] SYMULACJA POMINIĘCIE: 'RMP FREZ D16 Z2 41.8st SZPIC ok.tom' (Brak folderu w bazie)
[2026-08-06 10:30:51] [INFO] SYMULACJA POMINIĘCIE: 'RMP FREZ D16 Z2 41.8st SZPIC TEST2.tom' (Brak folderu w bazie)
[2026-08-06 10:30:51] [INFO] SYMULACJA POMINIĘCIE: 'RMP FREZ D16 Z2 41.8st SZPIC.tom' (Brak folderu w bazie)
[2026-08-06 10:30:51] [INFO] SYMULACJA POMINIĘCIE: 'S4-1640 D16 Z4 oryginal.tom' (Brak folderu w bazie)
[2026-08-06 10:30:51] [INFO] SYMULACJA POMINIĘCIE: 'S4-1640 D16 Z4.tom' (Brak folderu w bazie)
[2026-08-06 10:30:51] [INFO] SYMULACJA POMINIĘCIE: 'TABATH GROUP D16 Z2 PROF R3 R2.5 R2 LEWE.tom' (Brak folderu w bazie)
[2026-08-06 10:30:51] [INFO] SYMULACJA POMINIĘCIE: 'TABATH GROUP D16 Z2 PROF R3 R2.5 R2 PRAWE.tom' (Brak folderu w bazie)
[2026-08-06 10:30:51] [INFO] SYMULACJA POMINIĘCIE: 'TABATH GROUP D16 Z2 PROF R4 R3.5 LEWE.tom' (Brak folderu w bazie)
[2026-08-06 10:30:51] [INFO] SYMULACJA POMINIĘCIE: 'TABATH GROUP D16 Z2 PROF R4 R3.5 PRAWE.tom' (Brak folderu w bazie)
[2026-08-06 10:30:51] [INFO] SYMULACJA POMINIĘCIE: 'TABATH GROUP D16,5 Z5 K60 WSTECZNY.tom' (Brak folderu w bazie)
[2026-08-06 10:30:51] [INFO] SYMULACJA POMINIĘCIE: 'WALDEMARO D16 Z3+3 PILKOWY POZ-NEG.tom' (Brak folderu w bazie)
[2026-08-06 10:30:51] [INFO] SYMULACJA POMINIĘCIE: 'CALVET D17.1 Z3 PROSTY 15st zbierzny.tom' (Brak folderu w bazie)
[2026-08-06 10:30:51] [INFO] SYMULACJA POMINIĘCIE: 'DABOR 17,5x10,5 L11,5x20 HSS LEWE.tom' (Brak folderu w bazie)
[2026-08-06 10:30:51] [INFO] SYMULACJA POMINIĘCIE: 'DABOR 17,5x10,5 L11,5x20 HSS.tom' (Brak folderu w bazie)
[2026-08-06 10:30:51] [INFO] SYMULACJA POMINIĘCIE: 'JANTAR STUDIO Z2 D17X1 R6 lut.tom' (Brak folderu w bazie)
[2026-08-06 10:30:51] [INFO] SYMULACJA POMINIĘCIE: 'JANTAR STUDIO Z2 D18X1 R7 lut.tom' (Brak folderu w bazie)
[2026-08-06 10:30:51] [INFO] SYMULACJA POMINIĘCIE: 'D18_KAT45-STOPNI.tom' (Brak folderu w bazie)
[2026-08-06 10:30:51] [INFO] SYMULACJA POMINIĘCIE: 'florad d18x25 z3 l19.5.tom' (Brak folderu w bazie)
[2026-08-06 10:30:51] [INFO] SYMULACJA POMINIĘCIE: 'Frez teowy D18 K8 stozek Z4.tom' (Brak folderu w bazie)
[2026-08-06 10:30:51] [INFO] SYMULACJA POMINIĘCIE: 'MB TRADING D18 Z2 A2-1855.tom' (Brak folderu w bazie)
[2026-08-06 10:30:51] [INFO] SYMULACJA POMINIĘCIE: 'POWER TRAFO TABATH FREZ D18.2 Z4 L32 S4-ST.tom' (Brak folderu w bazie)
[2026-08-06 10:30:51] [INFO] SYMULACJA POMINIĘCIE: 'PRO-TECH D18x8 PRAWE 90 STOPNI.tom' (Brak folderu w bazie)
[2026-08-06 10:30:51] [INFO] SYMULACJA POMINIĘCIE: 'PRO-TECH D18x8 PRAWE.tom' (Brak folderu w bazie)
[2026-08-06 10:30:51] [INFO] SYMULACJA POMINIĘCIE: 'PROFIL D18 PRAWA pilka 3+3.tom' (Brak folderu w bazie)
[2026-08-06 10:30:51] [INFO] SYMULACJA POMINIĘCIE: 'TABATH GROUP D18 Z2 PROF R5 R4.5 LEWE.tom' (Brak folderu w bazie)
[2026-08-06 10:30:51] [INFO] SYMULACJA POMINIĘCIE: 'TABATH GROUP D18 Z2 PROF R5 R4.5 PRAWE.tom' (Brak folderu w bazie)
[2026-08-06 10:30:51] [INFO] SYMULACJA POMINIĘCIE: 'TABATH GROUP D18 Z5 TEOWY R1.25 HW.tom' (Brak folderu w bazie)
[2026-08-06 10:30:51] [INFO] SYMULACJA POMINIĘCIE: 'TRABCZYNSKI D18 Z3 LAMACZ.tom' (Brak folderu w bazie)
[2026-08-06 10:30:51] [INFO] SYMULACJA POMINIĘCIE: 'POZORSKI ANDRZEJ FREZ D19 Z1 .tom' (Brak folderu w bazie)
[2026-08-06 10:30:51] [INFO] SYMULACJA POMINIĘCIE: 'AFB DRZWI FREZ D20 Z2 R9.46.tom' (Brak folderu w bazie)
[2026-08-06 10:30:51] [INFO] SYMULACJA POMINIĘCIE: 'AGMAR D20 L105 Z3 LAMACZ-HW.tom' (Brak folderu w bazie)
[2026-08-06 10:30:51] [INFO] SYMULACJA POMINIĘCIE: 'amplast test.tom' (Brak folderu w bazie)
[2026-08-06 10:30:51] [INFO] SYMULACJA POMINIĘCIE: 'ANMAR Z2 D20X2 R1 R7 lut TEST.tom' (Brak folderu w bazie)
[2026-08-06 10:30:51] [INFO] SYMULACJA POMINIĘCIE: 'ANMAR Z2 D20X2 R1 R7 lut.tom' (Brak folderu w bazie)
[2026-08-06 10:30:51] [INFO] SYMULACJA POMINIĘCIE: 'BOBEK D20 Z4 R55.tom' (Brak folderu w bazie)
[2026-08-06 10:30:51] [INFO] SYMULACJA POMINIĘCIE: 'CALVET D20 Z6 R2 R2.tom' (Brak folderu w bazie)
[2026-08-06 10:30:51] [INFO] SYMULACJA POMINIĘCIE: 'CARRIS REELS FREZ D38.1 KULA L96.5 HSS.tom' (Brak folderu w bazie)
[2026-08-06 10:30:51] [INFO] SYMULACJA POMINIĘCIE: 'CARRIS REELS FREZ D50.8 KULA L96.5 HSS.tom' (Brak folderu w bazie)
[2026-08-06 10:30:51] [INFO] SYMULACJA POMINIĘCIE: 'Carris v1.tom' (Brak folderu w bazie)
[2026-08-06 10:30:51] [INFO] SYMULACJA POMINIĘCIE: 'CERAMET FREZ D30 Z4 K120 Fazownik.tom' (Brak folderu w bazie)
[2026-08-06 10:30:51] [INFO] SYMULACJA POMINIĘCIE: 'CERMONT D21 Z6.tom' (Brak folderu w bazie)
[2026-08-06 10:30:51] [INFO] SYMULACJA POMINIĘCIE: 'CERMONT D25 Z6.tom' (Brak folderu w bazie)
[2026-08-06 10:30:51] [INFO] SYMULACJA POMINIĘCIE: 'CERMONT D29 Z6.tom' (Brak folderu w bazie)
[2026-08-06 10:30:51] [INFO] SYMULACJA POMINIĘCIE: 'D20-Z2-PROSTY _R30.tom' (Brak folderu w bazie)
[2026-08-06 10:30:51] [INFO] SYMULACJA POMINIĘCIE: 'D25 Z3.tom' (Brak folderu w bazie)
[2026-08-06 10:30:51] [INFO] SYMULACJA POMINIĘCIE: 'DREW-PROD D100 L8 Z40 K125 OSTRZENIE.tom' (Brak folderu w bazie)
[2026-08-06 10:30:51] [INFO] SYMULACJA POMINIĘCIE: 'DREW-PROD D100 L8 Z40 K125 ROWKI JAKO LEWEtom.tom' (Brak folderu w bazie)
[2026-08-06 10:30:51] [INFO] SYMULACJA POMINIĘCIE: 'DREW-PROD D100 L8 Z40 K125.tom' (Brak folderu w bazie)
[2026-08-06 10:30:51] [INFO] SYMULACJA POMINIĘCIE: 'DREWEX 10X21.2 L20  HSS.tom' (Brak folderu w bazie)
[2026-08-06 10:30:51] [INFO] SYMULACJA POMINIĘCIE: 'DREWEX 17X23 L11.5 HSS.tom' (Brak folderu w bazie)
[2026-08-06 10:30:51] [INFO] SYMULACJA POMINIĘCIE: 'DREWEX 17X23 L18 HSS.tom' (Brak folderu w bazie)
[2026-08-06 10:30:51] [INFO] SYMULACJA POMINIĘCIE: 'DREWEX D27-Z2-R3 R17 R3.tom' (Brak folderu w bazie)
[2026-08-06 10:30:51] [INFO] SYMULACJA POMINIĘCIE: 'DRUTEX D20 L34 Z4 LAMACZ.tom' (Brak folderu w bazie)
[2026-08-06 10:30:51] [INFO] SYMULACJA POMINIĘCIE: 'DRUTEX D20 L38 Z4 LAMACZ.tom' (Brak folderu w bazie)
[2026-08-06 10:30:51] [INFO] SYMULACJA POMINIĘCIE: 'EUROCOLOR D20 Z4 L18.8.tom' (Brak folderu w bazie)
[2026-08-06 10:30:51] [INFO] SYMULACJA POMINIĘCIE: 'EUROCOLOR D20 Z4 L22,8.tom' (Brak folderu w bazie)
[2026-08-06 10:30:51] [INFO] SYMULACJA POMINIĘCIE: 'EUROPROFIL-B D20x1.4 R9.tom' (Brak folderu w bazie)
[2026-08-06 10:30:51] [INFO] SYMULACJA POMINIĘCIE: 'EXPRESS D36.6 Z12 zataczany test wersja 2.tom' (Brak folderu w bazie)
[2026-08-06 10:30:51] [INFO] SYMULACJA POMINIĘCIE: 'EXPRESS D36.6 Z12 zataczany test.tom' (Brak folderu w bazie)
[2026-08-06 10:30:51] [INFO] SYMULACJA POMINIĘCIE: 'EXPRESS D36.6 Z12 zataczany.tom' (Brak folderu w bazie)
[2026-08-06 10:30:51] [INFO] SYMULACJA POMINIĘCIE: 'FARO D20 Z4.tom' (Brak folderu w bazie)
[2026-08-06 10:30:51] [INFO] SYMULACJA POMINIĘCIE: 'FARO D25 d2.78 R10 Z2.tom' (Brak folderu w bazie)
[2026-08-06 10:30:51] [INFO] SYMULACJA POMINIĘCIE: 'FLORAD Frez D25x18 Z3 .tom' (Dwuznaczność (3 folderów))
[2026-08-06 10:30:51] [INFO] SYMULACJA POMINIĘCIE: 'FOLMAX D20 Z3.tom' (Brak folderu w bazie)
[2026-08-06 10:30:51] [INFO] SYMULACJA POMINIĘCIE: 'FOLMAX D20 Z4 LEWE.tom' (Brak folderu w bazie)
[2026-08-06 10:30:51] [INFO] SYMULACJA POMINIĘCIE: 'FOLMAX D20 Z4 prawe.tom' (Brak folderu w bazie)
[2026-08-06 10:30:51] [INFO] SYMULACJA POMINIĘCIE: 'FREZWID D20 Z4  DO REHAU TOTAL 70C.tom' (Brak folderu w bazie)
[2026-08-06 10:30:51] [INFO] SYMULACJA POMINIĘCIE: 'FREZWID D20 Z4 LAMACZ JAK KSZTALT v2.tom' (Brak folderu w bazie)
[2026-08-06 10:30:51] [INFO] SYMULACJA POMINIĘCIE: 'FREZWID D20 Z4 LAMACZ JAK KSZTALT.tom' (Brak folderu w bazie)
[2026-08-06 10:30:51] [INFO] SYMULACJA POMINIĘCIE: 'FREZWID D20 Z4 NOZYK REHAU.tom' (Brak folderu w bazie)
[2026-08-06 10:30:51] [INFO] SYMULACJA POMINIĘCIE: 'FREZWID D20 Z4+4 L3.tom' (Brak folderu w bazie)
[2026-08-06 10:30:51] [INFO] SYMULACJA POMINIĘCIE: 'FREZWID D25 z4 prosty.tom' (Brak folderu w bazie)
[2026-08-06 10:30:51] [INFO] SYMULACJA POMINIĘCIE: 'FREZWID FAZOWNIK D20 Z4 K60 (PPIO).tom' (Brak folderu w bazie)
[2026-08-06 10:30:51] [INFO] SYMULACJA POMINIĘCIE: 'FREZWID FAZOWNIK D20 Z4 K80 (PPIO).tom' (Brak folderu w bazie)
[2026-08-06 10:30:51] [INFO] SYMULACJA POMINIĘCIE: 'GT TOOLS FREZ D25 Z3 L150 Lamacz.tom' (Brak folderu w bazie)
[2026-08-06 10:30:51] [INFO] SYMULACJA POMINIĘCIE: 'JOZEF BAK GALANTERIA D20-Z2-R3.tom' (Brak folderu w bazie)
[2026-08-06 10:30:51] [INFO] SYMULACJA POMINIĘCIE: 'JR OKNA FREZ D25 Z2 K-15.tom' (Brak folderu w bazie)
[2026-08-06 10:30:51] [INFO] SYMULACJA POMINIĘCIE: 'KOBAX D20 L180 Z3.tom' (Brak folderu w bazie)
[2026-08-06 10:30:51] [INFO] SYMULACJA POMINIĘCIE: 'KOCZY Z2 D38 PROFIL R5.tom' (Dwuznaczność (3 folderów))
[2026-08-06 10:30:51] [INFO] SYMULACJA POMINIĘCIE: 'KUKA FREZ D23.9 Z2 R10XR10 LOZYSKO.tom' (Brak folderu w bazie)
[2026-08-06 10:30:51] [INFO] SYMULACJA POMINIĘCIE: 'LASEK D20 profil R15 R7.tom' (Brak folderu w bazie)
[2026-08-06 10:30:51] [INFO] SYMULACJA POMINIĘCIE: 'Monawi D20 z3.tom' (Brak folderu w bazie)
[2026-08-06 10:30:51] [INFO] SYMULACJA POMINIĘCIE: 'MOSUR MONIKA D26 Z4 L50 Z4 LAMACZ.tom' (Brak folderu w bazie)
[2026-08-06 10:30:51] [INFO] SYMULACJA POMINIĘCIE: 'NATURA NASADKA D21 120 PRAWA.tom' (Brak folderu w bazie)
[2026-08-06 10:30:51] [INFO] SYMULACJA POMINIĘCIE: 'NATURA NASADKA D30 120 PRAWA.tom' (Brak folderu w bazie)
[2026-08-06 10:30:51] [INFO] SYMULACJA POMINIĘCIE: 'NM POLSKA D20 L75 Z3 LAMACZ-HW.tom' (Brak folderu w bazie)
[2026-08-06 10:30:51] [INFO] SYMULACJA POMINIĘCIE: 'OL-DANS FREZ D60 Z8 L55 HSS.tom' (Brak folderu w bazie)
[2026-08-06 10:30:51] [INFO] SYMULACJA POMINIĘCIE: 'POL-SKONE D20X12 R6 PROF.tom' (Brak folderu w bazie)
[2026-08-06 10:30:51] [INFO] SYMULACJA POMINIĘCIE: 'POLTING FOAM D28,5 z4 R10 v2.tom' (Brak folderu w bazie)
[2026-08-06 10:30:51] [INFO] SYMULACJA POMINIĘCIE: 'POLTING FOAM D28,5 z4 R10.tom' (Brak folderu w bazie)
[2026-08-06 10:30:51] [INFO] SYMULACJA POMINIĘCIE: 'POLTING FOAM D52.6 z4 R20.tom' (Brak folderu w bazie)
[2026-08-06 10:30:51] [INFO] SYMULACJA POMINIĘCIE: 'POLTING FOAM FREZ D40 Z4.tom' (Brak folderu w bazie)
[2026-08-06 10:30:51] [INFO] SYMULACJA POMINIĘCIE: 'POWER TRAFO D25 Z2 PROF R7 R6.5 LEWE poprawione.tom' (Brak folderu w bazie)
[2026-08-06 10:30:51] [INFO] SYMULACJA POMINIĘCIE: 'POWER TRAFO D25 Z2 PROF R7 R6.5 LEWE.tom' (Brak folderu w bazie)
[2026-08-06 10:30:51] [INFO] SYMULACJA POMINIĘCIE: 'POWER TRAFO D25 Z2 PROF R7 R6.5 PRAWE.tom' (Brak folderu w bazie)
[2026-08-06 10:30:51] [INFO] SYMULACJA POMINIĘCIE: 'POWER TRAFO TABATH D18.2-L32-Z4-HW S4-1832.tom' (Brak folderu w bazie)
[2026-08-06 10:30:51] [INFO] SYMULACJA POMINIĘCIE: 'POZORSKI ANDRZEJ FREZ D22 Z1 .tom' (Brak folderu w bazie)
[2026-08-06 10:30:51] [INFO] SYMULACJA POMINIĘCIE: 'PRESTIGE D20 Z3 KULA LEWO PRAWY.tom' (Brak folderu w bazie)
[2026-08-06 10:30:51] [INFO] SYMULACJA POMINIĘCIE: 'PREZMET D20 LEWA pilka 6+6 otwor.tom' (Brak folderu w bazie)
[2026-08-06 10:30:51] [INFO] SYMULACJA POMINIĘCIE: 'PREZMET D20 LEWA pilka 6+6.tom' (Dwuznaczność (3 folderów))
[2026-08-06 10:30:51] [INFO] SYMULACJA POMINIĘCIE: 'PREZMET D20 LEWA pilka ostrzenie.tom' (Brak folderu w bazie)
[2026-08-06 10:30:51] [INFO] SYMULACJA POMINIĘCIE: 'PREZMET D20 PRAWA pilka 6+6 otwor.tom' (Brak folderu w bazie)
[2026-08-06 10:30:51] [INFO] SYMULACJA POMINIĘCIE: 'PREZMET D20 PRAWA pilka 6+6.tom' (Dwuznaczność (3 folderów))
[2026-08-06 10:30:51] [INFO] SYMULACJA POMINIĘCIE: 'PREZMET D20 PRAWA pilka ostrzenie.tom' (Brak folderu w bazie)
[2026-08-06 10:30:51] [INFO] SYMULACJA POMINIĘCIE: 'PROFI-TOOL FREZ D30 Z2 K-45.tom' (Brak folderu w bazie)
[2026-08-06 10:30:51] [INFO] SYMULACJA POMINIĘCIE: 'PROFI-TOOL FREZ D30 Z2 v2 K-45.tom' (Brak folderu w bazie)
[2026-08-06 10:30:51] [INFO] SYMULACJA POMINIĘCIE: 'SCHODY TRABCZYNSKI D25 Z3 L120.tom' (Brak folderu w bazie)
[2026-08-06 10:30:51] [INFO] SYMULACJA POMINIĘCIE: 'SEGER DLA ABB FREZ D25 Z3 L20.tom' (Brak folderu w bazie)
[2026-08-06 10:30:51] [INFO] SYMULACJA POMINIĘCIE: 'SEGER DLA ABB FREZ D30 Z3 L20.tom' (Brak folderu w bazie)
[2026-08-06 10:30:51] [INFO] SYMULACJA POMINIĘCIE: 'SIRO-BIELSKO D20-Z2 KSZTALT.tom' (Brak folderu w bazie)
[2026-08-06 10:30:51] [INFO] SYMULACJA POMINIĘCIE: 'SOLTYS-DREW D30 Z3 L40.tom' (Brak folderu w bazie)
[2026-08-06 10:30:51] [INFO] SYMULACJA POMINIĘCIE: 'SONAROL D20 PRAWA pilka 6+6.tom' (Brak folderu w bazie)
[2026-08-06 10:30:51] [INFO] SYMULACJA POMINIĘCIE: 'SPERL WERKZEUGTECHNIK D20 Z10 K12,5 WSTECZNY.tom' (Brak folderu w bazie)
[2026-08-06 10:30:51] [INFO] SYMULACJA POMINIĘCIE: 'STOLAR D20-Z2-R4.5.tom' (Brak folderu w bazie)
[2026-08-06 10:30:51] [INFO] SYMULACJA POMINIĘCIE: 'STOLMACH KULA D23 Z3 R11.5 HW.tom' (Brak folderu w bazie)
[2026-08-06 10:30:51] [INFO] SYMULACJA POMINIĘCIE: 'STOLPAR FREZ D25x16x10 Z3 KSZTALT czolo kula.tom' (Brak folderu w bazie)
[2026-08-06 10:30:51] [INFO] SYMULACJA POMINIĘCIE: 'STOLPAR FREZ D25x16x10 Z3 KSZTALT czolo proste.tom' (Brak folderu w bazie)
[2026-08-06 10:30:51] [INFO] SYMULACJA POMINIĘCIE: 'SURE FREZ D4xD30 K18 Z2.tom' (Brak folderu w bazie)
[2026-08-06 10:30:51] [INFO] SYMULACJA POMINIĘCIE: 'TABATH GROUP D20 Z2 PROF R6 R5.5 lewe.tom' (Brak folderu w bazie)
[2026-08-06 10:30:51] [INFO] SYMULACJA POMINIĘCIE: 'TABATH GROUP D20 Z2 PROF R6 R5.5 PRAWE.tom' (Brak folderu w bazie)
[2026-08-06 10:30:51] [INFO] SYMULACJA POMINIĘCIE: 'TABATH GROUP D20 Z5 TEOWY HW.tom' (Brak folderu w bazie)
[2026-08-06 10:30:51] [INFO] SYMULACJA POMINIĘCIE: 'TABATH GROUP D20x16 Z4 PROFIL PRAWE.tom' (Brak folderu w bazie)
[2026-08-06 10:30:51] [INFO] SYMULACJA POMINIĘCIE: 'TABATH GROUP D21 Z5 K60 WSTECZNY.tom' (Brak folderu w bazie)
[2026-08-06 10:30:51] [INFO] SYMULACJA POMINIĘCIE: 'TABATH GROUP D25 Z2 PROF R6.5 R7 PRAWE.tom' (Brak folderu w bazie)
[2026-08-06 10:30:51] [INFO] SYMULACJA POMINIĘCIE: 'TABATH GROUP D26 Z5 TEOWY HSS.tom' (Brak folderu w bazie)
[2026-08-06 10:30:51] [INFO] SYMULACJA POMINIĘCIE: 'TABATH GROUP D26 Z5 TEOWY HW.tom' (Brak folderu w bazie)
[2026-08-06 10:30:51] [INFO] SYMULACJA POMINIĘCIE: 'TABATH GROUP D28 Z5 TEOWY R1.25 HW.tom' (Brak folderu w bazie)
[2026-08-06 10:30:51] [INFO] SYMULACJA POMINIĘCIE: 'TECHNOFORM D25 L30 NIEPRZELOTOWE.tom' (Brak folderu w bazie)
[2026-08-06 10:30:51] [INFO] SYMULACJA POMINIĘCIE: 'TRABCZYNSKI D20 Z3 LAMACZ Z R.tom' (Brak folderu w bazie)
[2026-08-06 10:30:51] [INFO] SYMULACJA POMINIĘCIE: 'TWOGU D60 Z6 LAMACZ CZOLO.tom' (Brak folderu w bazie)
[2026-08-06 10:30:51] [INFO] SYMULACJA POMINIĘCIE: 'VENTO-NASADKA-D30.tom' (Brak folderu w bazie)
[2026-08-06 10:30:51] [INFO] SYMULACJA POMINIĘCIE: 'WISNIOWSKI FREZ D20 Z2 PROF LEWE.tom' (Brak folderu w bazie)
[2026-08-06 10:30:51] [INFO] SYMULACJA POMINIĘCIE: 'WISNIOWSKI FREZ D20 Z2 PROF PRAWE.tom' (Brak folderu w bazie)
[2026-08-06 10:30:51] [INFO] SYMULACJA POMINIĘCIE: 'WISNIOWSKI FREZ D20 Z2 PROF.tom' (Brak folderu w bazie)
[2026-08-06 10:30:51] [INFO] SYMULACJA POMINIĘCIE: 'WOOD GLASS TEAM D25 L45 Z3 LAMACZ-HW.tom' (Brak folderu w bazie)
[2026-08-06 10:30:51] [INFO] SYMULACJA POMINIĘCIE: 'WOODEN WORLD FREZ D32 Z4 L2 PIŁKOWY.tom' (Brak folderu w bazie)
[2026-08-06 10:30:51] [INFO] SYMULACJA POMINIĘCIE: 'ZAKLAD MECHANICZNO REMONTOWY D23 Z3 R17.63  Z3.tom' (Brak folderu w bazie)
[2026-08-06 10:30:51] [INFO] SYMULACJA POMINIĘCIE: 'ZWARA D20-Z3 L160-HWW.tom' (Brak folderu w bazie)
[2026-08-06 10:30:51] [INFO] SYMULACJA POMINIĘCIE: 'EXPRESS BK1_1 aktualnyProfil.tom' (Brak folderu w bazie)
[2026-08-06 10:30:51] [INFO] SYMULACJA POMINIĘCIE: 'EXPRESS BK1_2 aktualnyProfil.tom' (Brak folderu w bazie)
[2026-08-06 10:30:51] [INFO] SYMULACJA POMINIĘCIE: 'EXPRESS EUP-1-aktualnyProfil.tom' (Brak folderu w bazie)
[2026-08-06 10:30:51] [INFO] SYMULACJA POMINIĘCIE: 'EXPRESS EUP-2-aktualnyProfil.tom' (Brak folderu w bazie)
[2026-08-06 10:30:51] [INFO] SYMULACJA POMINIĘCIE: 'EXPRESS EPU_1.tom' (Brak folderu w bazie)
[2026-08-06 10:30:51] [INFO] SYMULACJA POMINIĘCIE: 'EXPRESS EPU_2.tom' (Brak folderu w bazie)
[2026-08-06 10:30:51] [INFO] SYMULACJA POMINIĘCIE: 'EXPRESS EU11R_1 Z8.tom' (Brak folderu w bazie)
[2026-08-06 10:30:51] [INFO] SYMULACJA POMINIĘCIE: 'EXPRESS EU11R_1.tom' (Brak folderu w bazie)
[2026-08-06 10:30:51] [INFO] SYMULACJA POMINIĘCIE: 'EXPRESS EU5R_1 Z8.tom' (Brak folderu w bazie)
[2026-08-06 10:30:51] [INFO] SYMULACJA POMINIĘCIE: 'EXPRESS EU5R.tom' (Brak folderu w bazie)
[2026-08-06 10:30:51] [INFO] SYMULACJA POMINIĘCIE: 'EXPRESS EUP-1.tom' (Brak folderu w bazie)
[2026-08-06 10:30:51] [INFO] SYMULACJA POMINIĘCIE: 'EXPRESS EUP-2.tom' (Brak folderu w bazie)
[2026-08-06 10:30:51] [INFO] SYMULACJA POMINIĘCIE: 'EXPRESS UL-050_1bz.tom' (Brak folderu w bazie)
[2026-08-06 10:30:51] [INFO] SYMULACJA POMINIĘCIE: 'EXPRESS UL-050_2bz.tom' (Brak folderu w bazie)
[2026-08-06 10:30:51] [INFO] SYMULACJA POMINIĘCIE: 'EXPRESS 1 BK1_2.tom' (Brak folderu w bazie)
[2026-08-06 10:30:51] [INFO] SYMULACJA POMINIĘCIE: 'EXPRESS 10 UL-050._1.tom' (Brak folderu w bazie)
[2026-08-06 10:30:51] [INFO] SYMULACJA POMINIĘCIE: 'EXPRESS 2 WK55_2.tom' (Brak folderu w bazie)
[2026-08-06 10:30:51] [INFO] SYMULACJA POMINIĘCIE: 'EXPRESS 3 WK55_1.tom' (Brak folderu w bazie)
[2026-08-06 10:30:51] [INFO] SYMULACJA POMINIĘCIE: 'EXPRESS 4 TL.5_2.tom' (Brak folderu w bazie)
[2026-08-06 10:30:51] [INFO] SYMULACJA POMINIĘCIE: 'EXPRESS 5 BO_1.tom' (Brak folderu w bazie)
[2026-08-06 10:30:52] [INFO] SYMULACJA POMINIĘCIE: 'EXPRESS 6 BO_2.tom' (Brak folderu w bazie)
[2026-08-06 10:30:52] [INFO] SYMULACJA POMINIĘCIE: 'EXPRESS 7 TL.5_1.tom' (Brak folderu w bazie)
[2026-08-06 10:30:52] [INFO] SYMULACJA POMINIĘCIE: 'EXPRESS 8 BK1_1.tom' (Brak folderu w bazie)
[2026-08-06 10:30:52] [INFO] SYMULACJA POMINIĘCIE: 'EXPRESS 9 UL-050._2.tom' (Brak folderu w bazie)
[2026-08-06 10:30:52] [INFO] SYMULACJA POMINIĘCIE: 'EXPRESS D36.6 z14 ROWKI.tom' (Brak folderu w bazie)
[2026-08-06 10:30:52] [INFO] SYMULACJA POMINIĘCIE: 'DAKO 14X35 Z2.tom' (Brak folderu w bazie)
[2026-08-06 10:30:52] [INFO] SYMULACJA POMINIĘCIE: 'DAKO 14X46 Z2 test.tom' (Brak folderu w bazie)
[2026-08-06 10:30:52] [INFO] SYMULACJA POMINIĘCIE: 'DAKO 14X46 Z2.tom' (Brak folderu w bazie)
[2026-08-06 10:30:52] [INFO] SYMULACJA POMINIĘCIE: 'FARO D22X35 R6 Z2.tom' (Brak folderu w bazie)
[2026-08-06 10:30:52] [INFO] SYMULACJA POMINIĘCIE: 'BARTYN FREZ D3.5 x D8 Z2.tom' (Brak folderu w bazie)
[2026-08-06 10:30:52] [INFO] SYMULACJA POMINIĘCIE: 'DOBRY STOLARZ FREZ D3 Z3 L10.tom' (Brak folderu w bazie)
[2026-08-06 10:30:52] [INFO] SYMULACJA POMINIĘCIE: 'EUROLEDLIGHTNING D3 Z1 A1-312 NOWE.tom' (Brak folderu w bazie)
[2026-08-06 10:30:52] [INFO] SYMULACJA POMINIĘCIE: 'FENDOORS D3.5 L15 Z1  .tom' (Brak folderu w bazie)
[2026-08-06 10:30:52] [INFO] SYMULACJA POMINIĘCIE: 'FOREST D3 L10 Z1  HW POLER.tom' (Brak folderu w bazie)
[2026-08-06 10:30:52] [INFO] SYMULACJA POMINIĘCIE: 'KOBIERSKI R1.5 L35.6 15 STOPNI.tom' (Brak folderu w bazie)
[2026-08-06 10:30:52] [INFO] SYMULACJA POMINIĘCIE: 'NORDPRIM D3.2 L20 Z2 HW.tom' (Brak folderu w bazie)
[2026-08-06 10:30:52] [INFO] SYMULACJA POMINIĘCIE: 'NORDPRIM D3.2 Z2 HW.tom' (Brak folderu w bazie)
[2026-08-06 10:30:52] [INFO] SYMULACJA POMINIĘCIE: 'PEGAZ D3 Z3 L10.tom' (Brak folderu w bazie)
[2026-08-06 10:30:52] [INFO] SYMULACJA POMINIĘCIE: 'PREZS-MET D3 Z2 L12 LEWY A2-ALU.tom' (Brak folderu w bazie)
[2026-08-06 10:30:52] [INFO] SYMULACJA POMINIĘCIE: 'PREZS-MET D3 Z2 L20 LEWY A2-ALU.tom' (Brak folderu w bazie)
[2026-08-06 10:30:52] [INFO] SYMULACJA POMINIĘCIE: 'WALDEMARO D3 Z1 L15  PRAWE POLER .tom' (Brak folderu w bazie)
[2026-08-06 10:30:52] [INFO] SYMULACJA POMINIĘCIE: 'WND D3.2 Z2 LHW.tom' (Brak folderu w bazie)
[2026-08-06 10:30:52] [INFO] SYMULACJA POMINIĘCIE: 'ALUKO D4 L24 Z1 .tom' (Brak folderu w bazie)
[2026-08-06 10:30:52] [INFO] SYMULACJA POMINIĘCIE: 'ALUKO D4 Z1 L24 PRAWE POLER .tom' (Brak folderu w bazie)
[2026-08-06 10:30:52] [INFO] SYMULACJA POMINIĘCIE: 'ALWIS D4 Z1 L7 POLEROWANY.tom' (Brak folderu w bazie)
[2026-08-06 10:30:52] [INFO] SYMULACJA POMINIĘCIE: 'ATUT D4 Z1 A1-425 NG.tom' (Brak folderu w bazie)
[2026-08-06 10:30:52] [INFO] SYMULACJA POMINIĘCIE: 'D4-L20-Z1-HS-NA 80-SKLEP.tom' (Brak folderu w bazie)
[2026-08-06 10:30:52] [INFO] SYMULACJA POMINIĘCIE: 'DAJ-PLAST D4 Z1 L40 JAK WIERTLO OK.tom' (Brak folderu w bazie)
[2026-08-06 10:30:52] [INFO] SYMULACJA POMINIĘCIE: 'DAKO D4 L20 PRAWE POLER JW.tom' (Brak folderu w bazie)
[2026-08-06 10:30:52] [INFO] SYMULACJA POMINIĘCIE: 'DAKO D4 Z1 L20 PRAWE POLER n.tom' (Brak folderu w bazie)
[2026-08-06 10:30:52] [INFO] SYMULACJA OK: 'DRUTEX D2,6XD4.5 L3 Z1.tom' zakwalifikowany do '7 DRUTEX'
[2026-08-06 10:30:52] [INFO] SYMULACJA POMINIĘCIE: 'DRUTEX D3XD4 Z1.tom' (Brak folderu w bazie)
[2026-08-06 10:30:52] [INFO] SYMULACJA POMINIĘCIE: 'DRUTEX D4 Z1 L35 JAK WIERTLO OK.tom' (Brak folderu w bazie)
[2026-08-06 10:30:52] [INFO] SYMULACJA POMINIĘCIE: 'EUROLEDLIGHTING D4 Z1 A1-412 NG.tom' (Brak folderu w bazie)
[2026-08-06 10:30:52] [INFO] SYMULACJA POMINIĘCIE: 'FARO D4.4 L12 Z2.tom' (Brak folderu w bazie)
[2026-08-06 10:30:52] [INFO] SYMULACJA POMINIĘCIE: 'FENDOORS D4 L20 Z1  .tom' (Brak folderu w bazie)
[2026-08-06 10:30:52] [INFO] SYMULACJA POMINIĘCIE: 'FENDOORS D4 L20 Z1 .tom' (Brak folderu w bazie)
[2026-08-06 10:30:52] [INFO] SYMULACJA POMINIĘCIE: 'GABIT D4 L25 Z1 LUT.tom' (Brak folderu w bazie)
[2026-08-06 10:30:52] [INFO] SYMULACJA POMINIĘCIE: 'GLASS SPACE D4 Z1 A1-418 NG.tom' (Brak folderu w bazie)
[2026-08-06 10:30:52] [INFO] SYMULACJA POMINIĘCIE: 'HALUPCZOK D4.3 Z1 A1-4.320 NG.tom' (Brak folderu w bazie)
[2026-08-06 10:30:52] [INFO] SYMULACJA POMINIĘCIE: 'HALUPCZOK D4.3 Z1 A1-420 NG.tom' (Brak folderu w bazie)
[2026-08-06 10:30:52] [INFO] SYMULACJA POMINIĘCIE: 'IZABELLA LADA D4 GRAWER 45 STOPNI.tom' (Brak folderu w bazie)
[2026-08-06 10:30:52] [INFO] SYMULACJA POMINIĘCIE: 'IZO-PLAST D4 Z1 A1-416 NG.tom' (Brak folderu w bazie)
[2026-08-06 10:30:52] [INFO] SYMULACJA POMINIĘCIE: 'JARYS D4 Z1 A1-418 NOWE.tom' (Brak folderu w bazie)
[2026-08-06 10:30:52] [INFO] SYMULACJA POMINIĘCIE: 'JARYS D4 Z1 A1-425 LEWO-PRAWY NG.tom' (Brak folderu w bazie)
[2026-08-06 10:30:52] [INFO] SYMULACJA POMINIĘCIE: 'KOREM D4 Z1 A1-440 NOWE.tom' (Brak folderu w bazie)
[2026-08-06 10:30:52] [INFO] SYMULACJA POMINIĘCIE: 'M&D GROUP D4 Z1 A1-418 NG.tom' (Brak folderu w bazie)
[2026-08-06 10:30:52] [INFO] SYMULACJA POMINIĘCIE: 'MB TRADING D4 L20 Z3 A3-420 lamacz poler.tom' (Brak folderu w bazie)
[2026-08-06 10:30:52] [INFO] SYMULACJA POMINIĘCIE: 'MB TRADING D4-L13-Z3-lamacz.tom' (Brak folderu w bazie)
[2026-08-06 10:30:52] [INFO] SYMULACJA POMINIĘCIE: 'MTEHNIK D4 Z1 A1-418 NOWE.tom' (Brak folderu w bazie)
[2026-08-06 10:30:52] [INFO] SYMULACJA POMINIĘCIE: 'MULTISERW D4.6 Z2 PROF.tom' (Brak folderu w bazie)
[2026-08-06 10:30:52] [INFO] SYMULACJA POMINIĘCIE: 'NITUS D4 Z1 A1-435 NG.tom' (Brak folderu w bazie)
[2026-08-06 10:30:52] [INFO] SYMULACJA POMINIĘCIE: 'PLAS-BUD D4 L25 Z1  .tom' (Brak folderu w bazie)
[2026-08-06 10:30:52] [INFO] SYMULACJA POMINIĘCIE: 'PLAST BUD D4X15-Z1-HSS.tom' (Brak folderu w bazie)
[2026-08-06 10:30:52] [INFO] SYMULACJA POMINIĘCIE: 'PROFIMER D4 L10 Z1 .tom' (Brak folderu w bazie)
[2026-08-06 10:30:52] [INFO] SYMULACJA POMINIĘCIE: 'SURE D4 Z2 L50 36ST.tom' (Brak folderu w bazie)
[2026-08-06 10:30:52] [INFO] SYMULACJA POMINIĘCIE: 'SZCZYBELSKI D4.5 Z3 L19.tom' (Brak folderu w bazie)
[2026-08-06 10:30:52] [INFO] SYMULACJA POMINIĘCIE: 'TIMBER PLUS FREZ D4-Z2+2.tom' (Brak folderu w bazie)
[2026-08-06 10:30:52] [INFO] SYMULACJA POMINIĘCIE: 'WALDEMARO D4 Z1 L25.tom' (Brak folderu w bazie)
[2026-08-06 10:30:52] [INFO] SYMULACJA POMINIĘCIE: 'ABAKUS D5 L30 PRAWE POLER JW.tom' (Brak folderu w bazie)
[2026-08-06 10:30:52] [INFO] SYMULACJA POMINIĘCIE: 'ABAKUS D5 L34 PRAWE POLER JW.tom' (Brak folderu w bazie)
[2026-08-06 10:30:52] [INFO] SYMULACJA POMINIĘCIE: 'AKAR D5 Z1 L35 ODWOD.tom' (Brak folderu w bazie)
[2026-08-06 10:30:52] [INFO] SYMULACJA POMINIĘCIE: 'ALBUD D5 L40 Z1 HW.tom' (Brak folderu w bazie)
[2026-08-06 10:30:52] [INFO] SYMULACJA POMINIĘCIE: 'ALL WINDOWS D5 PRAWE JAK WIERTLO nowy typ.tom' (Brak folderu w bazie)
[2026-08-06 10:30:52] [INFO] SYMULACJA POMINIĘCIE: 'ALUDOR D5 Z1 L20.tom' (Brak folderu w bazie)
[2026-08-06 10:30:52] [INFO] SYMULACJA POMINIĘCIE: 'ALUKO D5 Z1 L24 PRAWE POLER .tom' (Brak folderu w bazie)
[2026-08-06 10:30:52] [INFO] SYMULACJA POMINIĘCIE: 'ALUKO D5 Z1 L24 PRAWE.tom' (Brak folderu w bazie)
[2026-08-06 10:30:52] [INFO] SYMULACJA POMINIĘCIE: 'AMMA D5 Z1 A1-545 NOWE.tom' (Brak folderu w bazie)
[2026-08-06 10:30:52] [INFO] SYMULACJA POMINIĘCIE: 'AMMA FREZ D5 Z1 L25 PRAWE F1.tom' (Brak folderu w bazie)
[2026-08-06 10:30:52] [INFO] SYMULACJA POMINIĘCIE: 'ARLANGA D5 Z1 L40 FACETY n.tom' (Brak folderu w bazie)
[2026-08-06 10:30:52] [INFO] SYMULACJA POMINIĘCIE: 'D5 Z1 FACETY POLER.tom' (Brak folderu w bazie)
[2026-08-06 10:30:52] [INFO] SYMULACJA POMINIĘCIE: 'D5 Z1 FACETY.tom' (Brak folderu w bazie)
[2026-08-06 10:30:52] [INFO] SYMULACJA POMINIĘCIE: 'D5-L25-Z3-HS.tom' (Brak folderu w bazie)
[2026-08-06 10:30:52] [INFO] SYMULACJA POMINIĘCIE: 'D5-Z1-HW-SKLEP-5-8-100-S010.tom' (Brak folderu w bazie)
[2026-08-06 10:30:52] [INFO] SYMULACJA POMINIĘCIE: 'DAKO D5 L20 PRAWE POLER JW.tom' (Brak folderu w bazie)
[2026-08-06 10:30:52] [INFO] SYMULACJA POMINIĘCIE: 'DAKO D5 L20 PRAWE.tom' (Brak folderu w bazie)
[2026-08-06 10:30:52] [INFO] SYMULACJA POMINIĘCIE: 'DAKO D5 L30 Z1 SZYJKA L52.tom' (Brak folderu w bazie)
[2026-08-06 10:30:52] [INFO] SYMULACJA POMINIĘCIE: 'DAKO D5 L35 PRAWE POLER JW.tom' (Brak folderu w bazie)
[2026-08-06 10:30:52] [INFO] SYMULACJA POMINIĘCIE: 'DAKO D5 Z1 L20 PRAWE POLER n.tom' (Brak folderu w bazie)
[2026-08-06 10:30:52] [INFO] SYMULACJA POMINIĘCIE: 'DAKO D5 Z1 L30 HW CIETY.tom' (Brak folderu w bazie)
[2026-08-06 10:30:52] [INFO] SYMULACJA POMINIĘCIE: 'DREWNOPLAST NOZYK D5 v2.tom' (Brak folderu w bazie)
[2026-08-06 10:30:52] [INFO] SYMULACJA POMINIĘCIE: 'DREWNOPLAST NOZYK D5.tom' (Brak folderu w bazie)
[2026-08-06 10:30:52] [INFO] SYMULACJA POMINIĘCIE: 'DRUTEX D5  LEWE JAK WIERTLO nowy typ.tom' (Brak folderu w bazie)
[2026-08-06 10:30:52] [INFO] SYMULACJA POMINIĘCIE: 'DRUTEX D5 PRAWE JAK WIERTLO nowy typ.tom' (Brak folderu w bazie)
[2026-08-06 10:30:52] [INFO] SYMULACJA POMINIĘCIE: 'DRUTEX D5 Z4 L35.tom' (Brak folderu w bazie)
[2026-08-06 10:30:52] [INFO] SYMULACJA POMINIĘCIE: 'EKO-OKNA D5 L30 Z1 HW LEWE.tom' (Brak folderu w bazie)
[2026-08-06 10:30:52] [INFO] SYMULACJA POMINIĘCIE: 'EKO-OKNA D5 L40 Z1 HW PRAWE.tom' (Brak folderu w bazie)
[2026-08-06 10:30:52] [INFO] SYMULACJA POMINIĘCIE: 'EKOMAX D5 L40 Z1 HW.tom' (Brak folderu w bazie)
[2026-08-06 10:30:52] [INFO] SYMULACJA POMINIĘCIE: 'EUROCOLOR D5 L30 PRAWE POLER JW.tom' (Brak folderu w bazie)
[2026-08-06 10:30:52] [INFO] SYMULACJA POMINIĘCIE: 'EUROCOLOR D5 Z1 JAK WIERTLO NOWE CZOLO.tom' (Brak folderu w bazie)
[2026-08-06 10:30:52] [INFO] SYMULACJA POMINIĘCIE: 'FAKRO D5 L25 Z1-HW.tom' (Brak folderu w bazie)
[2026-08-06 10:30:52] [INFO] SYMULACJA POMINIĘCIE: 'FAKRO MIELEC D5 Z1 L28 PRAWE POLER n.tom' (Brak folderu w bazie)
[2026-08-06 10:30:52] [INFO] SYMULACJA POMINIĘCIE: 'FARO D5 L34 PRAWE JAK WIERTLO nowy typ.tom' (Brak folderu w bazie)
[2026-08-06 10:30:52] [INFO] SYMULACJA POMINIĘCIE: 'FENDOORS D5 Z1 L20.tom' (Brak folderu w bazie)
[2026-08-06 10:30:52] [INFO] SYMULACJA POMINIĘCIE: 'FER PLAST D5-L25-Z3-HS.tom' (Brak folderu w bazie)
[2026-08-06 10:30:52] [INFO] SYMULACJA POMINIĘCIE: 'FOREST D5 L25 Z1  HW.tom' (Brak folderu w bazie)
[2026-08-06 10:30:52] [INFO] SYMULACJA POMINIĘCIE: 'FOREST D5 L25 Z1 SZYJKA 55-HW.tom' (Brak folderu w bazie)
[2026-08-06 10:30:52] [INFO] SYMULACJA POMINIĘCIE: 'FOREST D5 L30 Z1  HW POLER.tom' (Brak folderu w bazie)
[2026-08-06 10:30:52] [INFO] SYMULACJA POMINIĘCIE: 'FOREST D5 L35 SZYJKA L55 JW.tom' (Brak folderu w bazie)
[2026-08-06 10:30:52] [INFO] SYMULACJA POMINIĘCIE: 'FOREST D5 L40 Z1 HW.tom' (Brak folderu w bazie)
[2026-08-06 10:30:52] [INFO] SYMULACJA POMINIĘCIE: 'FOREST D5 Z1 FACETY POLER.tom' (Brak folderu w bazie)
[2026-08-06 10:30:52] [INFO] SYMULACJA POMINIĘCIE: 'FREZWID(PSEB) D5 L30 PRAWE JW K120.tom' (Brak folderu w bazie)
[2026-08-06 10:30:52] [INFO] SYMULACJA POMINIĘCIE: 'FREZWID(SKLEP) D5 L30 LEWE JW (WG5FSTHW02_000019 TT-028L).tom' (Brak folderu w bazie)
[2026-08-06 10:30:52] [INFO] SYMULACJA OK: 'FREZWID(SKLEP) D5 L30 PRAWE JW.tom' zakwalifikowany do 'BST-1 FREZWID'
[2026-08-06 10:30:52] [INFO] SYMULACJA POMINIĘCIE: 'FREZWID(SKLEP) D5 L30 PRAWEn.tom' (Brak folderu w bazie)
[2026-08-06 10:30:52] [INFO] SYMULACJA POMINIĘCIE: 'GLASS SPACE D5 Z1 A1-518 NG.tom' (Brak folderu w bazie)
[2026-08-06 10:30:52] [INFO] SYMULACJA POMINIĘCIE: 'HANNECARD D5,5 KSZTALT R2 R3 K10 HW.tom' (Brak folderu w bazie)
[2026-08-06 10:30:52] [INFO] SYMULACJA POMINIĘCIE: 'HANNECARD D5.5 R3xR2 L5.3.tom' (Brak folderu w bazie)
[2026-08-06 10:30:52] [INFO] SYMULACJA POMINIĘCIE: 'HENSFORD D5 L25 POLER LEWE JW.tom' (Brak folderu w bazie)
[2026-08-06 10:30:52] [INFO] SYMULACJA POMINIĘCIE: 'HENSFORD D5 L25 PRAWE JW.tom' (Brak folderu w bazie)
[2026-08-06 10:30:52] [INFO] SYMULACJA POMINIĘCIE: 'HENSFORD D5 L40 A1-ALU NV.tom' (Brak folderu w bazie)
[2026-08-06 10:30:52] [INFO] SYMULACJA POMINIĘCIE: 'HENSFORD D5 Z1 A1-540 NOWE.tom' (Brak folderu w bazie)
[2026-08-06 10:30:52] [INFO] SYMULACJA POMINIĘCIE: 'HENSFORD D5x3 L30 PRAWE JW.tom' (Brak folderu w bazie)
[2026-08-06 10:30:52] [INFO] SYMULACJA POMINIĘCIE: 'IZO-PLAST D5 Z1 A1-516 NG.tom' (Brak folderu w bazie)
[2026-08-06 10:30:52] [INFO] SYMULACJA POMINIĘCIE: 'JARYS D5 Z1 A1-518 NOWE.tom' (Brak folderu w bazie)
[2026-08-06 10:30:52] [INFO] SYMULACJA POMINIĘCIE: 'JARYS D5 Z1 A1-525 LEWO-PRAWY NG.tom' (Brak folderu w bazie)
[2026-08-06 10:30:52] [INFO] SYMULACJA POMINIĘCIE: 'JOCZ D5 Z1 L40 JW.tom' (Brak folderu w bazie)
[2026-08-06 10:30:52] [INFO] SYMULACJA POMINIĘCIE: 'JUSTA BIS FREZ D5x2.7 prawo lewy Z1.tom' (Brak folderu w bazie)
[2026-08-06 10:30:52] [INFO] SYMULACJA POMINIĘCIE: 'KM-OKNO D5 L45 Z1-HW.tom' (Brak folderu w bazie)
[2026-08-06 10:30:52] [INFO] SYMULACJA POMINIĘCIE: 'KM-OKNO D5-L45-Z2-HW.tom' (Brak folderu w bazie)
[2026-08-06 10:30:52] [INFO] SYMULACJA POMINIĘCIE: 'KONSPO D5 Z1 A1-540 NG.tom' (Brak folderu w bazie)
[2026-08-06 10:30:52] [INFO] SYMULACJA POMINIĘCIE: 'KONSPO D5 Z1 L35 PROSTY NG.tom' (Brak folderu w bazie)
[2026-08-06 10:30:52] [INFO] SYMULACJA POMINIĘCIE: 'KĘPA D5 Z4 L35.tom' (Brak folderu w bazie)
[2026-08-06 10:30:52] [INFO] SYMULACJA POMINIĘCIE: 'MARAND D5 Z1 A1-525 NOWE.tom' (Brak folderu w bazie)
[2026-08-06 10:30:52] [INFO] SYMULACJA POMINIĘCIE: 'MASTERTOM D5 Z1 A1-540 NOWE.tom' (Brak folderu w bazie)
[2026-08-06 10:30:52] [INFO] SYMULACJA POMINIĘCIE: 'MATPLAST D5 L34 PRAWE JAK WIERTLO nowy typ.tom' (Brak folderu w bazie)
[2026-08-06 10:30:52] [INFO] SYMULACJA POMINIĘCIE: 'MC OKNA D5 Z1 L40 Prawo-lewy szpic.tom' (Brak folderu w bazie)
[2026-08-06 10:30:52] [INFO] SYMULACJA POMINIĘCIE: 'MITBAU D5 L25 Z1 HW.tom' (Brak folderu w bazie)
[2026-08-06 10:30:52] [INFO] SYMULACJA POMINIĘCIE: 'MITBAU D5 Z1 L25.tom' (Brak folderu w bazie)
[2026-08-06 10:30:52] [INFO] SYMULACJA POMINIĘCIE: 'MTEHNIK D5 L20 Z1-HW.tom' (Brak folderu w bazie)
[2026-08-06 10:30:52] [INFO] SYMULACJA POMINIĘCIE: 'MTEHNIK D5 L25 Z1 STHW.tom' (Dwuznaczność (2 folderów))
[2026-08-06 10:30:52] [INFO] SYMULACJA POMINIĘCIE: 'MTEHNIK D5 L40 PRAWE JWn.tom' (Brak folderu w bazie)
[2026-08-06 10:30:52] [INFO] SYMULACJA POMINIĘCIE: 'MTEHNIK D5 Z1 L40 JW PRAWE.tom' (Brak folderu w bazie)
[2026-08-06 10:30:52] [INFO] SYMULACJA POMINIĘCIE: 'NORDPRIM D5 Z1 L45 Prawo-lewy szpic.tom' (Brak folderu w bazie)
[2026-08-06 10:30:52] [INFO] SYMULACJA POMINIĘCIE: 'OKBUD D5 L25 PRAWE POLER Jw.tom' (Brak folderu w bazie)
[2026-08-06 10:30:52] [INFO] SYMULACJA POMINIĘCIE: 'OKBUD D5 L35 PRAWE POLER JW.tom' (Brak folderu w bazie)
[2026-08-06 10:30:52] [INFO] SYMULACJA POMINIĘCIE: 'OKBUD D5 L35 PRAWE POLER MONOLIT JW.tom' (Brak folderu w bazie)
[2026-08-06 10:30:52] [INFO] SYMULACJA POMINIĘCIE: 'OKBUD D5 L35 SZYJKA L45 JW.tom' (Brak folderu w bazie)
[2026-08-06 10:30:52] [INFO] SYMULACJA POMINIĘCIE: 'OKNO-POL D5 Z1 L20 HSS.tom' (Brak folderu w bazie)
[2026-08-06 10:30:52] [INFO] SYMULACJA POMINIĘCIE: 'OKNOPLUS D5 L25 Z3 HW.tom' (Brak folderu w bazie)
[2026-08-06 10:30:52] [INFO] SYMULACJA POMINIĘCIE: 'OKNOPLUS D5 L40 Z3 HW.tom' (Brak folderu w bazie)
[2026-08-06 10:30:52] [INFO] SYMULACJA POMINIĘCIE: 'PAGEN D5 Z1 L40 PRAWE POLER n.tom' (Brak folderu w bazie)
[2026-08-06 10:30:52] [INFO] SYMULACJA POMINIĘCIE: 'PAMO D5 L25 Z3 hss.tom' (Brak folderu w bazie)
[2026-08-06 10:30:52] [INFO] SYMULACJA POMINIĘCIE: 'PAMO D5 Z1 A1-540 NOWE.tom' (Brak folderu w bazie)
[2026-08-06 10:30:52] [INFO] SYMULACJA POMINIĘCIE: 'PETECKI INVESTMENT D5 L45 PRAWE JWn.tom' (Brak folderu w bazie)
[2026-08-06 10:30:52] [INFO] SYMULACJA POMINIĘCIE: 'PETECKI INVESTMENT D5 Z1 A1-530 NOWE.tom' (Brak folderu w bazie)
[2026-08-06 10:30:52] [INFO] SYMULACJA POMINIĘCIE: 'PLAST BUD D5X16-Z1-HSS.tom' (Brak folderu w bazie)
[2026-08-06 10:30:52] [INFO] SYMULACJA POMINIĘCIE: 'PLASTBUD D5 JAK WIERTLO nowy typ.tom' (Brak folderu w bazie)
[2026-08-06 10:30:52] [INFO] SYMULACJA POMINIĘCIE: 'PLASTBUD D5 L25 Z1-HW.tom' (Brak folderu w bazie)
[2026-08-06 10:30:52] [INFO] SYMULACJA POMINIĘCIE: 'PREZMET D5 Z2 L15 LEWA.tom' (Brak folderu w bazie)
[2026-08-06 10:30:52] [INFO] SYMULACJA POMINIĘCIE: 'PREZMET D5 Z2 L15.tom' (Brak folderu w bazie)
[2026-08-06 10:30:52] [INFO] SYMULACJA POMINIĘCIE: 'PROFILINE D5.5 L35 Z1-HW.tom' (Brak folderu w bazie)
[2026-08-06 10:30:52] [INFO] SYMULACJA POMINIĘCIE: 'PROFILOPLAST D5 L27 PRAWE POLER JW.tom' (Brak folderu w bazie)
[2026-08-06 10:30:52] [INFO] SYMULACJA POMINIĘCIE: 'PROFIMER D5 L10 Z1 .tom' (Brak folderu w bazie)
[2026-08-06 10:30:52] [INFO] SYMULACJA POMINIĘCIE: 'PROFIMER D5 L20 Z1 .tom' (Brak folderu w bazie)
[2026-08-06 10:30:52] [INFO] SYMULACJA POMINIĘCIE: 'ROLETEX D5 L20 Z3.tom' (Brak folderu w bazie)
[2026-08-06 10:30:52] [INFO] SYMULACJA POMINIĘCIE: 'ROLF FENSTERBAU D5 L25 PRAWE JW.tom' (Brak folderu w bazie)
[2026-08-06 10:30:52] [INFO] SYMULACJA POMINIĘCIE: 'ROLF FENSTERBAU D5 L35 PRAWE JW.tom' (Brak folderu w bazie)
[2026-08-06 10:30:52] [INFO] SYMULACJA POMINIĘCIE: 'ROLF FENSTERBAU D5 Z1 L16 x55.tom' (Brak folderu w bazie)
[2026-08-06 10:30:52] [INFO] SYMULACJA POMINIĘCIE: 'ROLF FENSTERBAU D5 Z1 L18.tom' (Brak folderu w bazie)
[2026-08-06 10:30:52] [INFO] SYMULACJA POMINIĘCIE: 'ROLF FENSTERBAU D5 Z1 L25 x55.tom' (Brak folderu w bazie)
[2026-08-06 10:30:52] [INFO] SYMULACJA POMINIĘCIE: 'SC STROMTEH SRL D5 Z1 - A1.tom' (Brak folderu w bazie)
[2026-08-06 10:30:52] [INFO] SYMULACJA POMINIĘCIE: 'SEK MIROSLAW D5 Z1 L35 PROSTY NG.tom' (Brak folderu w bazie)
[2026-08-06 10:30:52] [INFO] SYMULACJA POMINIĘCIE: 'SEK MIROSLAW D5 Z1 L45 PROSTY NG.tom' (Brak folderu w bazie)
[2026-08-06 10:30:52] [INFO] SYMULACJA POMINIĘCIE: 'SEKO D5 Z1 A1-530 NG.tom' (Brak folderu w bazie)
[2026-08-06 10:30:52] [INFO] SYMULACJA POMINIĘCIE: 'SEKO D5 Z1 A1-535 NG.tom' (Brak folderu w bazie)
[2026-08-06 10:30:52] [INFO] SYMULACJA POMINIĘCIE: 'SEKO D5 Z2 L35 PROSTY PRZESTAWIONY-HS.tom' (Brak folderu w bazie)
[2026-08-06 10:30:52] [INFO] SYMULACJA POMINIĘCIE: 'SLASKA FABRYKA OKIEN D5 L25 JW.tom' (Brak folderu w bazie)
[2026-08-06 10:30:52] [INFO] SYMULACJA POMINIĘCIE: 'SLASKA FABRYKA OKIEN D5 L30  JW.tom' (Brak folderu w bazie)
[2026-08-06 10:30:52] [INFO] SYMULACJA POMINIĘCIE: 'SLASKA FABRYKA OKIEN D5 L30 SZYJKA JW.tom' (Brak folderu w bazie)
[2026-08-06 10:30:52] [INFO] SYMULACJA POMINIĘCIE: 'SLASKA FABRYKA OKIEN D5 L30 SZYJKA L52 JW.tom' (Brak folderu w bazie)
[2026-08-06 10:30:52] [INFO] SYMULACJA POMINIĘCIE: 'SLASKA FABRYKA OKIEN D5 L30 Z1-HW.tom' (Brak folderu w bazie)
[2026-08-06 10:30:52] [INFO] SYMULACJA POMINIĘCIE: 'SLASKA FABRYKA OKIEN D5 L35  JW.tom' (Brak folderu w bazie)
[2026-08-06 10:30:52] [INFO] SYMULACJA POMINIĘCIE: 'STOLLAR D5 L35 SZYJKA L55 JW.tom' (Brak folderu w bazie)
[2026-08-06 10:30:52] [INFO] SYMULACJA POMINIĘCIE: 'SZACH-MAT D5 Z1 A1-540 NOWE.tom' (Brak folderu w bazie)
[2026-08-06 10:30:52] [INFO] SYMULACJA POMINIĘCIE: 'UAB BALTIJOS D5 Z1 A1-540 NG.tom' (Brak folderu w bazie)
[2026-08-06 10:30:52] [INFO] SYMULACJA POMINIĘCIE: 'UNITEC D5 Z1 L45 PRAWE POLER n.tom' (Brak folderu w bazie)
[2026-08-06 10:30:52] [INFO] SYMULACJA POMINIĘCIE: 'UNITEC POLSKA D5 Z1 L35 FACETY.tom' (Brak folderu w bazie)
[2026-08-06 10:30:52] [INFO] SYMULACJA POMINIĘCIE: 'VIDOK  D5 Z1 L30 FACETY n.tom' (Brak folderu w bazie)
[2026-08-06 10:30:52] [INFO] SYMULACJA POMINIĘCIE: 'WALDEMARO D5 L35 Z4.tom' (Brak folderu w bazie)
[2026-08-06 10:30:52] [INFO] SYMULACJA POMINIĘCIE: 'WALDEMARO D5 Z1 L17 PRAWE POLER .tom' (Brak folderu w bazie)
[2026-08-06 10:30:52] [INFO] SYMULACJA POMINIĘCIE: 'WALDEMARO D5 Z1 L20  PRAWE POLER .tom' (Brak folderu w bazie)
[2026-08-06 10:30:52] [INFO] SYMULACJA POMINIĘCIE: 'WALDEMARO D5 Z4 L35.tom' (Brak folderu w bazie)
[2026-08-06 10:30:52] [INFO] SYMULACJA POMINIĘCIE: 'WISNIOWSKI D5 L30 PRAWE POLER MONOLIT JW V2.tom' (Brak folderu w bazie)
[2026-08-06 10:30:52] [INFO] SYMULACJA POMINIĘCIE: 'WISNIOWSKI D5 L30 PRAWE POLER MONOLIT JW.tom' (Brak folderu w bazie)
[2026-08-06 10:30:52] [INFO] SYMULACJA POMINIĘCIE: 'WISNIOWSKI D5 L35 PRAWE POLER MONOLIT JW.tom' (Brak folderu w bazie)
[2026-08-06 10:30:52] [INFO] SYMULACJA POMINIĘCIE: 'WOJMARPLAST D5 L35 SZYJKA JW.tom' (Brak folderu w bazie)
[2026-08-06 10:30:52] [INFO] SYMULACJA POMINIĘCIE: 'WOJMARPLAST D5 L35 SZYJKA L55 JW.tom' (Brak folderu w bazie)
[2026-08-06 10:30:52] [INFO] SYMULACJA POMINIĘCIE: 'WRZECIONO D5 Z1 L35 PROSTY NG.tom' (Brak folderu w bazie)
[2026-08-06 10:30:52] [INFO] SYMULACJA POMINIĘCIE: 'WRZECIONO D5 Z1 L45 PROSTY NG.tom' (Brak folderu w bazie)
[2026-08-06 10:30:52] [INFO] SYMULACJA POMINIĘCIE: 'WRZECIONO D5 Z1 PROSTY.tom' (Brak folderu w bazie)
[2026-08-06 10:30:52] [INFO] SYMULACJA POMINIĘCIE: 'WRZECIONO D5.2 Z1 L35 PROSTY NG.tom' (Brak folderu w bazie)
[2026-08-06 10:30:52] [INFO] SYMULACJA POMINIĘCIE: 'D5 L30 PRAWE c-land.tom' (Brak folderu w bazie)
[2026-08-06 10:30:52] [INFO] SYMULACJA POMINIĘCIE: 'D5 L30 PRAWE spirala.tom' (Brak folderu w bazie)
[2026-08-06 10:30:52] [INFO] SYMULACJA POMINIĘCIE: '10441 kapica D5 Z1 FACETY JAK WIERTLO-HW.tom' (Brak folderu w bazie)
[2026-08-06 10:30:52] [INFO] SYMULACJA POMINIĘCIE: 'ALL WINDOWS D5 JAK WIERTLO nowy typ.tom' (Brak folderu w bazie)
[2026-08-06 10:30:52] [INFO] SYMULACJA POMINIĘCIE: 'ALL WINDOWS D5 Z1 L35 JAK WIERTLO OK.tom' (Brak folderu w bazie)
[2026-08-06 10:30:52] [INFO] SYMULACJA POMINIĘCIE: 'D5-Z1-FZCETY- JAK WIERTLO.tom' (Brak folderu w bazie)
[2026-08-06 10:30:52] [INFO] SYMULACJA POMINIĘCIE: 'DRUTEX D5 Z1 L30 JAK WIERTLO OK.tom' (Brak folderu w bazie)
[2026-08-06 10:30:52] [INFO] SYMULACJA POMINIĘCIE: 'DRUTEX D5 Z1 L34 JAK WIERTLO OK.tom' (Brak folderu w bazie)
[2026-08-06 10:30:52] [INFO] SYMULACJA POMINIĘCIE: 'HENSFORD D5 Z1 FACETY JAK WIERT POLER .tom' (Brak folderu w bazie)
[2026-08-06 10:30:52] [INFO] SYMULACJA POMINIĘCIE: 'KAPICA D5 FACETY JAK WIERTLO.tom' (Brak folderu w bazie)
[2026-08-06 10:30:52] [INFO] SYMULACJA POMINIĘCIE: 'PLASTBUD D5 FACETY JAK WIERTLO ok.tom' (Brak folderu w bazie)
[2026-08-06 10:30:52] [INFO] SYMULACJA POMINIĘCIE: 'PPHU DELTA D5x3 l5.5 z2 jak wiertlo.tom' (Brak folderu w bazie)
[2026-08-06 10:30:52] [INFO] SYMULACJA POMINIĘCIE: 'ALL WINDOWS D6 Z4 L L30 F1.0 CIETY.tom' (Brak folderu w bazie)
[2026-08-06 10:30:52] [INFO] SYMULACJA POMINIĘCIE: 'ALL WINDOWS D6 Z4 P L30 F1.0 CIETY.tom' (Brak folderu w bazie)
[2026-08-06 10:30:52] [INFO] SYMULACJA POMINIĘCIE: 'ALUKO D6 L24 Z1 HW POLER.tom' (Brak folderu w bazie)
[2026-08-06 10:30:52] [INFO] SYMULACJA POMINIĘCIE: 'AMMA D6 Z1 L30.tom' (Brak folderu w bazie)
[2026-08-06 10:30:52] [INFO] SYMULACJA POMINIĘCIE: 'ARM ANIELA SZUBA D6 Z4 S4-620.tom' (Brak folderu w bazie)
[2026-08-06 10:30:52] [INFO] SYMULACJA POMINIĘCIE: 'ART ELEGANCE Z3 D6 L 20 LEWY.tom' (Brak folderu w bazie)
[2026-08-06 10:30:52] [INFO] SYMULACJA POMINIĘCIE: 'BEWI D6 Z1 L30 FCTY.tom' (Brak folderu w bazie)
[2026-08-06 10:30:52] [INFO] SYMULACJA POMINIĘCIE: 'BEWI D6 Z1 L30 PRAWE.tom' (Brak folderu w bazie)
[2026-08-06 10:30:52] [INFO] SYMULACJA POMINIĘCIE: 'BEWI FREZ D6 Z2 L25 HW .tom' (Brak folderu w bazie)
[2026-08-06 10:30:52] [INFO] SYMULACJA POMINIĘCIE: 'BOGMAR BB D6 Z1 A1-615 NG.tom' (Brak folderu w bazie)
[2026-08-06 10:30:52] [INFO] SYMULACJA POMINIĘCIE: 'D6-Z1-FZCETY-Hss.tom' (Brak folderu w bazie)
[2026-08-06 10:30:52] [INFO] SYMULACJA POMINIĘCIE: 'DAKO NOZYK HW D6 .tom' (Brak folderu w bazie)
[2026-08-06 10:30:52] [INFO] SYMULACJA POMINIĘCIE: 'DRUTEX D6 L10 Z4 Lewe LC32.tom' (Brak folderu w bazie)
[2026-08-06 10:30:52] [INFO] SYMULACJA POMINIĘCIE: 'DRUTEX D6 L10 Z4 Prawe LC32.tom' (Brak folderu w bazie)
[2026-08-06 10:30:52] [INFO] SYMULACJA POMINIĘCIE: 'DRUTEX WIERTLO-D6-L15-D5PRAWE.tom' (Brak folderu w bazie)
[2026-08-06 10:30:52] [INFO] SYMULACJA POMINIĘCIE: 'EUROLEDLIGHTNING D6 Z1 A1-640 NG.tom' (Brak folderu w bazie)
[2026-08-06 10:30:52] [INFO] SYMULACJA POMINIĘCIE: 'FARO D6 Z1 A1-616 NOWE.tom' (Brak folderu w bazie)
[2026-08-06 10:30:52] [INFO] SYMULACJA POMINIĘCIE: 'FARO D6 Z2 K39 wsteczny PROFIL.tom' (Brak folderu w bazie)
[2026-08-06 10:30:52] [INFO] SYMULACJA POMINIĘCIE: 'FARO D6 Z2 L1,2.tom' (Brak folderu w bazie)
[2026-08-06 10:30:52] [INFO] SYMULACJA POMINIĘCIE: 'FARO D6 Z2 L2,5 PROFIL.tom' (Brak folderu w bazie)
[2026-08-06 10:30:52] [INFO] SYMULACJA POMINIĘCIE: 'FARO D6 Z2 PROSTY PROFIL.tom' (Brak folderu w bazie)
[2026-08-06 10:30:52] [INFO] SYMULACJA POMINIĘCIE: 'FARO D6 Z3 L21 prosty.tom' (Brak folderu w bazie)
[2026-08-06 10:30:52] [INFO] SYMULACJA POMINIĘCIE: 'FARO D6.3 Z2 LAMACZ KROTKI.tom' (Brak folderu w bazie)
[2026-08-06 10:30:52] [INFO] SYMULACJA POMINIĘCIE: 'FARO D6.4 Z2 LAMACZ KROTKItom.tom' (Brak folderu w bazie)
[2026-08-06 10:30:52] [INFO] SYMULACJA POMINIĘCIE: 'FARO KULA D6 Z2 .tom' (Brak folderu w bazie)
[2026-08-06 10:30:52] [INFO] SYMULACJA POMINIĘCIE: 'FARO KULA D6 Z2 NEGATYW.tom' (Brak folderu w bazie)
[2026-08-06 10:30:52] [INFO] SYMULACJA POMINIĘCIE: 'FENDOORS D6.5 Z1 L25.tom' (Brak folderu w bazie)
[2026-08-06 10:30:52] [INFO] SYMULACJA POMINIĘCIE: 'Frezwid D6 Z4 L v2.tom' (Brak folderu w bazie)
[2026-08-06 10:30:52] [INFO] SYMULACJA POMINIĘCIE: 'Frezwid D6 Z4 P v2.tom' (Brak folderu w bazie)
[2026-08-06 10:30:52] [INFO] SYMULACJA POMINIĘCIE: 'FREZWID FREZ D6 Z3 ZARYS.tom' (Brak folderu w bazie)
[2026-08-06 10:30:52] [INFO] SYMULACJA POMINIĘCIE: 'GLASS SPACE D6 Z1 A1-618 NG.tom' (Brak folderu w bazie)
[2026-08-06 10:30:52] [INFO] SYMULACJA POMINIĘCIE: 'HANNECARD D6 KSZTALT R2 HW.tom' (Brak folderu w bazie)
[2026-08-06 10:30:52] [INFO] SYMULACJA POMINIĘCIE: 'HANNECARD D6 KSZTALT R3 HW.tom' (Brak folderu w bazie)
[2026-08-06 10:30:52] [INFO] SYMULACJA POMINIĘCIE: 'KONAR PANYLO D6-Z3 czyszczarka 1.5 HSS.tom' (Brak folderu w bazie)
[2026-08-06 10:30:52] [INFO] SYMULACJA POMINIĘCIE: 'MB TRADING D6 L20 Z3 A3-620 lamacz poler.tom' (Brak folderu w bazie)
[2026-08-06 10:30:52] [INFO] SYMULACJA POMINIĘCIE: 'MB TRADING Noz D6 D0,5 L15 MIECZ 01.2025.tom' (Brak folderu w bazie)
[2026-08-06 10:30:52] [INFO] SYMULACJA POMINIĘCIE: 'MB TRADING Noz D6 D0,5 L25 MIECZ 01.2025.tom' (Brak folderu w bazie)
[2026-08-06 10:30:52] [INFO] SYMULACJA POMINIĘCIE: 'MB TRADING Noz D6 D0,5 L30 MIECZ 15.07.tom' (Brak folderu w bazie)
[2026-08-06 10:30:52] [INFO] SYMULACJA POMINIĘCIE: 'MTEHNIK D6 L20 Z1 .tom' (Brak folderu w bazie)
[2026-08-06 10:30:52] [INFO] SYMULACJA POMINIĘCIE: 'MTEHNIK D6 L30 Z1 .tom' (Brak folderu w bazie)
[2026-08-06 10:30:52] [INFO] SYMULACJA POMINIĘCIE: 'NADWOZIA PARTNER D6 L12 Z1 .tom' (Brak folderu w bazie)
[2026-08-06 10:30:52] [INFO] SYMULACJA POMINIĘCIE: 'NADWOZIA PARTNER D6 Z1 A1-615 NG.tom' (Brak folderu w bazie)
[2026-08-06 10:30:52] [INFO] SYMULACJA POMINIĘCIE: 'NITUS D6 Z3 L25 HSS.tom' (Brak folderu w bazie)
[2026-08-06 10:30:52] [INFO] SYMULACJA POMINIĘCIE: 'NM-POLSKA D6.5 L15 Z2 HW.tom' (Brak folderu w bazie)
[2026-08-06 10:30:52] [INFO] SYMULACJA POMINIĘCIE: 'OKNO-POL FREZ D6X3 Z2 HW .tom' (Brak folderu w bazie)
[2026-08-06 10:30:52] [INFO] SYMULACJA POMINIĘCIE: 'OKNOPOL FREZ D6.5 Z2.tom' (Brak folderu w bazie)
[2026-08-06 10:30:52] [INFO] SYMULACJA POMINIĘCIE: 'PAMO D6 L25 Z3 hss.tom' (Brak folderu w bazie)
[2026-08-06 10:30:52] [INFO] SYMULACJA POMINIĘCIE: 'PLOTCOMPLEX D6 NOZYK DO PAPIERU+SPLASZCZENIE.tom' (Brak folderu w bazie)
[2026-08-06 10:30:52] [INFO] SYMULACJA POMINIĘCIE: 'POL-SKONE FREZ D6 PRAWO-LEWY.tom' (Brak folderu w bazie)
[2026-08-06 10:30:52] [INFO] SYMULACJA POMINIĘCIE: 'POL-SKONE FREZ D6 Z2 KULA.tom' (Brak folderu w bazie)
[2026-08-06 10:30:52] [INFO] SYMULACJA POMINIĘCIE: 'PREZ-MET D6 Z3 L25 HSS.tom' (Brak folderu w bazie)
[2026-08-06 10:30:52] [INFO] SYMULACJA POMINIĘCIE: 'PRO-TECH FREZ KSZTALT 1X3X6.tom' (Brak folderu w bazie)
[2026-08-06 10:30:52] [INFO] SYMULACJA POMINIĘCIE: 'PROFILOPLAST D6 Z1 - A1 625.tom' (Brak folderu w bazie)
[2026-08-06 10:30:52] [INFO] SYMULACJA POMINIĘCIE: 'PROFIMER D6 L13 Z1 .tom' (Brak folderu w bazie)
[2026-08-06 10:30:52] [INFO] SYMULACJA POMINIĘCIE: 'SONAROL D6 L35 PRAWE JAK WIERTLO ok.tom' (Brak folderu w bazie)
[2026-08-06 10:30:52] [INFO] SYMULACJA POMINIĘCIE: 'SUPERDREW Z2+2 D6 L35.tom' (Brak folderu w bazie)
[2026-08-06 10:30:52] [INFO] SYMULACJA POMINIĘCIE: 'SZACH-MAT D6 Z1 A1-635 NOWE.tom' (Brak folderu w bazie)
[2026-08-06 10:30:52] [INFO] SYMULACJA POMINIĘCIE: 'TECHNOCAM D6.5 Z3 KULKA LOLIPOP.tom' (Brak folderu w bazie)
[2026-08-06 10:30:52] [INFO] SYMULACJA POMINIĘCIE: 'TIMBER WINDOWS D6 L20 Z2 R2.tom' (Brak folderu w bazie)
[2026-08-06 10:30:52] [INFO] SYMULACJA POMINIĘCIE: 'TMT POLIS D6 Z2+2 L 10x50.tom' (Brak folderu w bazie)
[2026-08-06 10:30:52] [INFO] SYMULACJA POMINIĘCIE: 'TOP-PLAST D6 Z4 S4-635.tom' (Brak folderu w bazie)
[2026-08-06 10:30:52] [INFO] SYMULACJA POMINIĘCIE: 'TRISTAR D6 Z3 2-STRONNY.tom' (Brak folderu w bazie)
[2026-08-06 10:30:52] [INFO] SYMULACJA POMINIĘCIE: 'TRISTAR D6 Z3 LEWY 2-STRONNY.tom' (Brak folderu w bazie)
[2026-08-06 10:30:52] [INFO] SYMULACJA POMINIĘCIE: 'UAB BALTIJOS D6 Z1 A1-614 NG.tom' (Brak folderu w bazie)
[2026-08-06 10:30:52] [INFO] SYMULACJA POMINIĘCIE: 'UNITEC D6 L20 Z1 HW POLER.tom' (Brak folderu w bazie)
[2026-08-06 10:30:52] [INFO] SYMULACJA POMINIĘCIE: 'WALDEMARO D5 Z4 S4-535.tom' (Brak folderu w bazie)
[2026-08-06 10:30:52] [INFO] SYMULACJA POMINIĘCIE: 'WALDEMARO D6 Z2 A2-630.tom' (Brak folderu w bazie)
[2026-08-06 10:30:52] [INFO] SYMULACJA POMINIĘCIE: 'WOJCIK D6 Z4 L13 S4-613.tom' (Brak folderu w bazie)
[2026-08-06 10:30:52] [INFO] SYMULACJA POMINIĘCIE: 'CALVET FREZ KULA D7 Z3 L4.3.tom' (Brak folderu w bazie)
[2026-08-06 10:30:52] [INFO] SYMULACJA POMINIĘCIE: 'D7 Z2 L17 PRAWO LEWY.tom' (Brak folderu w bazie)
[2026-08-06 10:30:52] [INFO] SYMULACJA POMINIĘCIE: 'DREWNOPLAST D7 Z2 L15 LEWO-PRAWY.tom' (Brak folderu w bazie)
[2026-08-06 10:30:52] [INFO] SYMULACJA POMINIĘCIE: 'ECUMASTER FREZ Z2 D7 45st WSTECZ.tom' (Brak folderu w bazie)
[2026-08-06 10:30:52] [INFO] SYMULACJA POMINIĘCIE: 'ESKO FREZ D7 Z2 L25.tom' (Brak folderu w bazie)
[2026-08-06 10:30:52] [INFO] SYMULACJA POMINIĘCIE: 'FILPLAST D7 z2 R3.5 PROF.tom' (Brak folderu w bazie)
[2026-08-06 10:30:52] [INFO] SYMULACJA POMINIĘCIE: 'GLASS SPACE D7 Z1 A1-714 NG.tom' (Brak folderu w bazie)
[2026-08-06 10:30:52] [INFO] SYMULACJA POMINIĘCIE: 'JARDREW D7 L65 PRZELOTOWE 60st.tom' (Brak folderu w bazie)
[2026-08-06 10:30:52] [INFO] SYMULACJA POMINIĘCIE: 'PAMO D7 Z4 L25.tom' (Brak folderu w bazie)
[2026-08-06 10:30:52] [INFO] SYMULACJA POMINIĘCIE: 'PROTECH D8 L35 PRZELOTOWE 60st.tom' (Brak folderu w bazie)
[2026-08-06 10:30:52] [INFO] SYMULACJA POMINIĘCIE: 'WALDEMARO D7 Z1 A1-740 NG.tom' (Brak folderu w bazie)
[2026-08-06 10:30:52] [INFO] SYMULACJA POMINIĘCIE: '4 HOME PLUS D8 Z1 A1-825 NOWE.tom' (Brak folderu w bazie)
[2026-08-06 10:30:52] [INFO] SYMULACJA POMINIĘCIE: '4 HOME PLUS D8 Z1 L25 PRAWEn.tom' (Brak folderu w bazie)
[2026-08-06 10:30:52] [INFO] SYMULACJA POMINIĘCIE: '4HOME D8 Z2 A2-830 .tom' (Brak folderu w bazie)
[2026-08-06 10:30:52] [INFO] SYMULACJA POMINIĘCIE: 'ABAKUS D8-Z3 czyszczarka 1.5 V2.tom' (Brak folderu w bazie)
[2026-08-06 10:30:52] [INFO] SYMULACJA POMINIĘCIE: 'ABAKUS D8-Z3 czyszczarka 1.5.tom' (Brak folderu w bazie)
[2026-08-06 10:30:52] [INFO] SYMULACJA POMINIĘCIE: 'AGAT PLUS D8 Z4 L45.tom' (Brak folderu w bazie)
[2026-08-06 10:30:52] [INFO] SYMULACJA POMINIĘCIE: 'AGAT PLUS dobra geometria D8 Z4 L45.tom' (Brak folderu w bazie)
[2026-08-06 10:30:52] [INFO] SYMULACJA POMINIĘCIE: 'ALBUD RSA D8 Z1 L19 HW POLER.tom' (Brak folderu w bazie)
[2026-08-06 10:30:52] [INFO] SYMULACJA POMINIĘCIE: 'ALBUD RSA D8 Z1 L24 HW POLER.tom' (Brak folderu w bazie)
[2026-08-06 10:30:52] [INFO] SYMULACJA POMINIĘCIE: 'ALU-FUTUR D8 Z1 A1-825 NOWE.tom' (Brak folderu w bazie)
[2026-08-06 10:30:52] [INFO] SYMULACJA POMINIĘCIE: 'ALUBAU D8 Z1 A1-814 .tom' (Brak folderu w bazie)
[2026-08-06 10:30:52] [INFO] SYMULACJA POMINIĘCIE: 'ALUKO D8 Z1 L24 PRAWE POLER n.tom' (Brak folderu w bazie)
[2026-08-06 10:30:52] [INFO] SYMULACJA POMINIĘCIE: 'ARKADA D8 Z1 A1-814 .tom' (Brak folderu w bazie)
[2026-08-06 10:30:52] [INFO] SYMULACJA POMINIĘCIE: 'BALTIJOS D8 Z1 A1-825 NOWE.tom' (Brak folderu w bazie)
[2026-08-06 10:30:52] [INFO] SYMULACJA POMINIĘCIE: 'BALTIJOS D8 Z1 A1-835 NOWE.tom' (Brak folderu w bazie)
[2026-08-06 10:30:52] [INFO] SYMULACJA POMINIĘCIE: 'BERTSCH D8 Z3 LAMACZ.tom' (Brak folderu w bazie)
[2026-08-06 10:30:52] [INFO] SYMULACJA POMINIĘCIE: 'BERTSCH FREZ D12-Z2+2 L5x22.tom' (Brak folderu w bazie)
[2026-08-06 10:30:52] [INFO] SYMULACJA POMINIĘCIE: 'BERTSCH FREZ D8-Z2+2 L5x22.tom' (Brak folderu w bazie)
[2026-08-06 10:30:52] [INFO] SYMULACJA POMINIĘCIE: 'bewi D8 Z1 L30 PRAWE.tom' (Brak folderu w bazie)
[2026-08-06 10:30:52] [INFO] SYMULACJA POMINIĘCIE: 'BEWI D8 Z2 A2-825.tom' (Brak folderu w bazie)
[2026-08-06 10:30:52] [INFO] SYMULACJA POMINIĘCIE: 'BEWI Z1 D8 L40 HW POLER.tom' (Brak folderu w bazie)
[2026-08-06 10:30:52] [INFO] SYMULACJA POMINIĘCIE: 'BEWI Z1 D8 L40 HW.tom' (Brak folderu w bazie)
[2026-08-06 10:30:52] [INFO] SYMULACJA POMINIĘCIE: 'BORKOWSKI MICHAL FREZ D8 Z2 L30.tom' (Brak folderu w bazie)
[2026-08-06 10:30:52] [INFO] SYMULACJA POMINIĘCIE: 'BRK WINDOWS D8 Z2 A2-830 .tom' (Brak folderu w bazie)
[2026-08-06 10:30:52] [INFO] SYMULACJA POMINIĘCIE: 'CALVET FREZ STOZ Z3 D8x12,19 K3 L40.tom' (Brak folderu w bazie)
[2026-08-06 10:30:52] [INFO] SYMULACJA POMINIĘCIE: 'CALVET FREZ STOZ Z3 D8x14.35 K10 L18.tom' (Brak folderu w bazie)
[2026-08-06 10:30:52] [INFO] SYMULACJA POMINIĘCIE: 'D8 L22 Z3 A3-822 DLA KACPRA.tom' (Brak folderu w bazie)
[2026-08-06 10:30:52] [INFO] SYMULACJA POMINIĘCIE: 'D8 Z1 FACETY.tom' (Brak folderu w bazie)
[2026-08-06 10:30:52] [INFO] SYMULACJA POMINIĘCIE: 'D8--Z1-HW-CZOLO POPRAWA.tom' (Brak folderu w bazie)
[2026-08-06 10:30:52] [INFO] SYMULACJA POMINIĘCIE: 'D8-L40-Z2-PROSTY PRZESTAWIONY-HW.tom' (Brak folderu w bazie)
[2026-08-06 10:30:52] [INFO] SYMULACJA POMINIĘCIE: 'D8-Z2-HSS-DRUTEX D8 Z2 (do odwodnien).tom' (Brak folderu w bazie)
[2026-08-06 10:30:52] [INFO] SYMULACJA POMINIĘCIE: 'DAK PLAST D8-L32-Z4-HW S4-830 120ST.tom' (Brak folderu w bazie)
[2026-08-06 10:30:52] [INFO] SYMULACJA POMINIĘCIE: 'DAKO D8 L35 PRAWE POLER JW.tom' (Brak folderu w bazie)
[2026-08-06 10:30:52] [INFO] SYMULACJA POMINIĘCIE: 'DAKO D8 Z1 L35 krotkie PRAWE POLER n.tom' (Brak folderu w bazie)
[2026-08-06 10:30:52] [INFO] SYMULACJA POMINIĘCIE: 'DAKO D8 Z1 L35 PRAWE POLER n.tom' (Brak folderu w bazie)
[2026-08-06 10:30:52] [INFO] SYMULACJA POMINIĘCIE: 'DAL TECH FREZ D8x6.4-Z2-HW.tom' (Brak folderu w bazie)
[2026-08-06 10:30:52] [INFO] SYMULACJA POMINIĘCIE: 'DAL TECH FREZ D8x6.5 L4.2-Z2-HW popra.tom' (Brak folderu w bazie)
[2026-08-06 10:30:52] [INFO] SYMULACJA POMINIĘCIE: 'DAL TECH FREZ D8x6.5 L4.2-Z2-HW.tom' (Brak folderu w bazie)
[2026-08-06 10:30:52] [INFO] SYMULACJA POMINIĘCIE: 'DAL TECH FREZ D8x6.5 L4.8-Z2-HW.tom' (Brak folderu w bazie)
[2026-08-06 10:30:52] [INFO] SYMULACJA OK: 'DAL TECH FREZ D8x6.5-Z2-HW.tom' zakwalifikowany do '52 DAL-TECH'
[2026-08-06 10:30:52] [INFO] SYMULACJA POMINIĘCIE: 'DAL TECH FREZ D8x8.5 L4.2-Z2-HW.tom' (Brak folderu w bazie)
[2026-08-06 10:30:52] [INFO] SYMULACJA POMINIĘCIE: 'DAL TECH FREZ D8x8.5 L4.8-Z2-HW.tom' (Brak folderu w bazie)
[2026-08-06 10:30:52] [INFO] SYMULACJA POMINIĘCIE: 'DOMLUX D8 Z1 A1-825 .tom' (Brak folderu w bazie)
[2026-08-06 10:30:52] [INFO] SYMULACJA POMINIĘCIE: 'DREWNOFORM D8 L27 Z2 PROSTY-HW.tom' (Brak folderu w bazie)
[2026-08-06 10:30:52] [INFO] SYMULACJA POMINIĘCIE: 'DREWNOFORM D8 poprawaPD.tom' (Brak folderu w bazie)
[2026-08-06 10:30:52] [INFO] SYMULACJA POMINIĘCIE: 'DREWNOSTYL D8 Z3 L22 LEWO PRAWY.tom' (Brak folderu w bazie)
[2026-08-06 10:30:52] [INFO] SYMULACJA POMINIĘCIE: 'DREWNOSTYL FREZ 8-Z2+2 L15X40.tom' (Brak folderu w bazie)
[2026-08-06 10:30:52] [INFO] SYMULACJA POMINIĘCIE: 'DRUTEX D8 Z1 L35.tom' (Brak folderu w bazie)
[2026-08-06 10:30:52] [INFO] SYMULACJA POMINIĘCIE: 'EKO-OKNA D8 Z1 A1-815 .tom' (Brak folderu w bazie)
[2026-08-06 10:30:52] [INFO] SYMULACJA POMINIĘCIE: 'FENDOORS D8 Z1 L25.tom' (Brak folderu w bazie)
[2026-08-06 10:30:52] [INFO] SYMULACJA POMINIĘCIE: 'FREZ 4+2 lewoprawy nowy z ostrzenia.tom' (Brak folderu w bazie)
[2026-08-06 10:30:52] [INFO] SYMULACJA POMINIĘCIE: 'FREZWID D8 L40 Z1.tom' (Brak folderu w bazie)
[2026-08-06 10:30:52] [INFO] SYMULACJA POMINIĘCIE: 'FREZWID D8 PRAWE JAK WIERTLO nowy typ.tom' (Brak folderu w bazie)
[2026-08-06 10:30:52] [INFO] SYMULACJA POMINIĘCIE: 'FREZWID(PSEB) FREZ D8 Z2 LEWY.tom' (Brak folderu w bazie)
[2026-08-06 10:30:52] [INFO] SYMULACJA POMINIĘCIE: 'GENERAL SERWIS D8 Z1 L19 PRAWE POLER n.tom' (Brak folderu w bazie)
[2026-08-06 10:30:52] [INFO] SYMULACJA POMINIĘCIE: 'GLASS SPACE D8 Z2 A2-830 .tom' (Brak folderu w bazie)
[2026-08-06 10:30:52] [INFO] SYMULACJA OK: 'GLOBAL DOOR D8 x D8.5 L2 Z2.tom' zakwalifikowany do '273 GLOBAL DOORS'
[2026-08-06 10:30:52] [INFO] SYMULACJA POMINIĘCIE: 'GORSKI D8 Z3 LAMACZ.tom' (Brak folderu w bazie)
[2026-08-06 10:30:52] [INFO] SYMULACJA OK: 'GRAB D8 Z3 L22 LEWO PRAWY.tom' zakwalifikowany do '875 GRAB'
[2026-08-06 10:30:52] [INFO] SYMULACJA POMINIĘCIE: 'GRAB D8 Z3 L22.tom' (Brak folderu w bazie)
[2026-08-06 10:30:52] [INFO] SYMULACJA POMINIĘCIE: 'HANNECARD D5.9 KSZTALT R3 HW.tom' (Brak folderu w bazie)
[2026-08-06 10:30:52] [INFO] SYMULACJA POMINIĘCIE: 'HENSFORD D8 Z1 FACETY.tom' (Brak folderu w bazie)
[2026-08-06 10:30:52] [INFO] SYMULACJA POMINIĘCIE: 'HENSFORT D8 Z3 L40.tom' (Brak folderu w bazie)
[2026-08-06 10:30:52] [INFO] SYMULACJA POMINIĘCIE: 'HENSFORT Z1 D8x40.tom' (Brak folderu w bazie)
[2026-08-06 10:30:52] [INFO] SYMULACJA POMINIĘCIE: 'JAKUB DRAG FREZ D8 Z2 A2-825.tom' (Brak folderu w bazie)
[2026-08-06 10:30:52] [INFO] SYMULACJA POMINIĘCIE: 'KAMPRA FREZ D8 Z2 ZARYS.tom' (Brak folderu w bazie)
[2026-08-06 10:30:52] [INFO] SYMULACJA POMINIĘCIE: 'KARO D8 Z1 L40 PRAWE POLER n.tom' (Brak folderu w bazie)
[2026-08-06 10:30:52] [INFO] SYMULACJA POMINIĘCIE: 'KROMA KRZYSZTOF FREZ D8 Z2 L4.tom' (Brak folderu w bazie)
[2026-08-06 10:30:52] [INFO] SYMULACJA POMINIĘCIE: 'MARCIN OSTROGORSKI FREZ 8-Z2+2 L10X25.tom' (Brak folderu w bazie)
[2026-08-06 10:30:52] [INFO] SYMULACJA POMINIĘCIE: 'MASTERTOM D8 Z1 A1-830 NOWE.tom' (Brak folderu w bazie)
[2026-08-06 10:30:52] [INFO] SYMULACJA POMINIĘCIE: 'MASTERTOM D8 Z1 A1-835 NOWE.tom' (Brak folderu w bazie)
[2026-08-06 10:30:52] [INFO] SYMULACJA POMINIĘCIE: 'MB TRADING D8-L22-Z3-lamacz.tom' (Brak folderu w bazie)
[2026-08-06 10:30:52] [INFO] SYMULACJA POMINIĘCIE: 'MEGA ALUMINIUM FREZ D8x5-Z2-HW.tom' (Brak folderu w bazie)
[2026-08-06 10:30:52] [INFO] SYMULACJA POMINIĘCIE: 'MITBAU D8 L24 Z1.tom' (Brak folderu w bazie)
[2026-08-06 10:30:52] [INFO] SYMULACJA POMINIĘCIE: 'MITBAU D8 Z1 L24 PRAWE n.tom' (Brak folderu w bazie)
[2026-08-06 10:30:52] [INFO] SYMULACJA POMINIĘCIE: 'NADWOZIA PART D8 Z1 L22 PRAWE POLER n.tom' (Brak folderu w bazie)
[2026-08-06 10:30:52] [INFO] SYMULACJA POMINIĘCIE: 'NADWOZIA PART D8 Z1 L22 PRAWE.tom' (Brak folderu w bazie)
[2026-08-06 10:30:52] [INFO] SYMULACJA POMINIĘCIE: 'NORDPRIM D5 L40 Z2 HW POLER V2-ALU.tom' (Brak folderu w bazie)
[2026-08-06 10:30:52] [INFO] SYMULACJA POMINIĘCIE: 'OKBUD FREZ D8 Z4 LAMACZ.tom' (Brak folderu w bazie)
[2026-08-06 10:30:52] [INFO] SYMULACJA POMINIĘCIE: 'OKNA DRZWI WITRYNY PCV D8 Z1 A1-835 .tom' (Brak folderu w bazie)
[2026-08-06 10:30:52] [INFO] SYMULACJA POMINIĘCIE: 'OKNA-DRZWI-WITRYNY PCV D8 Z1 A1-835 NOWE.tom' (Brak folderu w bazie)
[2026-08-06 10:30:52] [INFO] SYMULACJA POMINIĘCIE: 'OKNOPLAST D8-Z3 czyszczarka1.5.tom' (Brak folderu w bazie)
[2026-08-06 10:30:52] [INFO] SYMULACJA POMINIĘCIE: 'OKNOPLAST Z1 D8x110.tom' (Brak folderu w bazie)
[2026-08-06 10:30:52] [INFO] SYMULACJA POMINIĘCIE: 'OKNOPLAST-D8-NOZYK.tom' (Brak folderu w bazie)
[2026-08-06 10:30:52] [INFO] SYMULACJA POMINIĘCIE: 'ONLY ALU D8 L30 Z2 PROSTY-HSS.tom' (Brak folderu w bazie)
[2026-08-06 10:30:52] [INFO] SYMULACJA POMINIĘCIE: 'PAGEN D8 Z1 L24 PRAWE POLER n.tom' (Brak folderu w bazie)
[2026-08-06 10:30:52] [INFO] SYMULACJA POMINIĘCIE: 'PAMO D8 Z2 A2-840.tom' (Brak folderu w bazie)
[2026-08-06 10:30:52] [INFO] SYMULACJA POMINIĘCIE: 'PAMO FREZ D8 Z2 A2-835 POIP.tom' (Brak folderu w bazie)
[2026-08-06 10:30:52] [INFO] SYMULACJA POMINIĘCIE: 'PARTNER ALMA D8 Z1 L35.tom' (Brak folderu w bazie)
[2026-08-06 10:30:52] [INFO] SYMULACJA POMINIĘCIE: 'PILCH FREZ D8x5 Z2 K45 HW.tom' (Brak folderu w bazie)
[2026-08-06 10:30:52] [INFO] SYMULACJA POMINIĘCIE: 'PRESTIGE D8 Z2 R1 L20 LEWO PRAWY.tom' (Brak folderu w bazie)
[2026-08-06 10:30:52] [INFO] SYMULACJA POMINIĘCIE: 'PRESTIGE D8 Z3 KULA LEWO PRAWY.tom' (Brak folderu w bazie)
[2026-08-06 10:30:52] [INFO] SYMULACJA POMINIĘCIE: 'PRO-TECH D8 Z1 A1-825 .tom' (Brak folderu w bazie)
[2026-08-06 10:30:52] [INFO] SYMULACJA POMINIĘCIE: 'PROFIMMER D8 Z1 L15 PRAWE.tom' (Brak folderu w bazie)
[2026-08-06 10:30:52] [INFO] SYMULACJA POMINIĘCIE: 'PROFIMMER D8 Z1 L19 PRAWE.tom' (Brak folderu w bazie)
[2026-08-06 10:30:52] [INFO] SYMULACJA POMINIĘCIE: 'SINSI TECH D8 r0.2 prof.tom' (Brak folderu w bazie)
[2026-08-06 10:30:52] [INFO] SYMULACJA POMINIĘCIE: 'SLASKA FABRYKA OKIEN D8 L35 PRAWE JW.tom' (Brak folderu w bazie)
[2026-08-06 10:30:52] [INFO] SYMULACJA POMINIĘCIE: 'SMA MAGNETICS D8-L20-Z3-ALU-LEWY-c-land.tom' (Brak folderu w bazie)
[2026-08-06 10:30:52] [INFO] SYMULACJA POMINIĘCIE: 'STOLPEX D8 Z1 A1-825.tom' (Brak folderu w bazie)
[2026-08-06 10:30:52] [INFO] SYMULACJA POMINIĘCIE: 'SUPERDREW Z2+2 D8.2 L52.tom' (Brak folderu w bazie)
[2026-08-06 10:30:52] [INFO] SYMULACJA POMINIĘCIE: 'TAWO-BIS D8 Z1 L30.tom' (Brak folderu w bazie)
[2026-08-06 10:30:52] [INFO] SYMULACJA POMINIĘCIE: 'TECHNO ROM TOOLS D8 Z2 A2-830 .tom' (Brak folderu w bazie)
[2026-08-06 10:30:52] [INFO] SYMULACJA OK: 'TECHNOCAM D8.5 Z3 KULKA LOLIPOP.tom' zakwalifikowany do '586 TECHNOCAM'
[2026-08-06 10:30:52] [INFO] SYMULACJA POMINIĘCIE: 'TOMBIG D8 Z1 L30 PRAWE POLER n.tom' (Brak folderu w bazie)
[2026-08-06 10:30:52] [INFO] SYMULACJA POMINIĘCIE: 'TOP-PLAST D8 Z1 L35.tom' (Brak folderu w bazie)
[2026-08-06 10:30:52] [INFO] SYMULACJA POMINIĘCIE: 'UAB BALTIJOS D8 Z1 A1-814 NOWE.tom' (Brak folderu w bazie)
[2026-08-06 10:30:52] [INFO] SYMULACJA POMINIĘCIE: 'UNITEC D8 L15 Z1 HW POLER.tom' (Brak folderu w bazie)
[2026-08-06 10:30:52] [INFO] SYMULACJA POMINIĘCIE: 'UNITEC POLSKA D8 Z1 L15.tom' (Brak folderu w bazie)
[2026-08-06 10:30:52] [INFO] SYMULACJA POMINIĘCIE: 'WALDEMARO D8 Z2 A2-830 .tom' (Brak folderu w bazie)
[2026-08-06 10:30:52] [INFO] SYMULACJA POMINIĘCIE: 'BUCHE HOLZ D9x3 z2  profil.tom' (Brak folderu w bazie)
[2026-08-06 10:30:52] [INFO] SYMULACJA POMINIĘCIE: 'EKO-OKNA D9.5 Z1 L35 LEWE n.tom' (Brak folderu w bazie)
[2026-08-06 10:30:52] [INFO] SYMULACJA POMINIĘCIE: 'EKO-OKNA D9.5 Z1 L40 PRAWE n.tom' (Brak folderu w bazie)
[2026-08-06 10:30:52] [INFO] SYMULACJA POMINIĘCIE: 'WOMI FREZ D9 Z2 KULA.tom' (Brak folderu w bazie)
[2026-08-06 10:30:52] [INFO] SYMULACJA POMINIĘCIE: 'AMATI SZLIF CHWYTU D8 L75.tom' (Brak folderu w bazie)
[2026-08-06 10:30:52] [INFO] SYMULACJA POMINIĘCIE: 'AUMATIC 10097 D13.75 R5 K5 R1 d11.1.tom' (Brak folderu w bazie)
[2026-08-06 10:30:52] [INFO] SYMULACJA POMINIĘCIE: 'AUMATIC A563A00-01-304 D8.tom' (Brak folderu w bazie)
[2026-08-06 10:30:52] [INFO] SYMULACJA POMINIĘCIE: 'AUMATIC D6 K20 R3.tom' (Brak folderu w bazie)
[2026-08-06 10:30:52] [INFO] SYMULACJA POMINIĘCIE: 'AUMATIC D6 K4 R3.tom' (Brak folderu w bazie)
[2026-08-06 10:30:52] [INFO] SYMULACJA POMINIĘCIE: 'AUMATIC D6 R3 R1 .tom' (Brak folderu w bazie)
[2026-08-06 10:30:52] [INFO] SYMULACJA POMINIĘCIE: 'AUMATIC ST-TL311739-DET-067.tom' (Brak folderu w bazie)
[2026-08-06 10:30:52] [INFO] SYMULACJA POMINIĘCIE: 'AUMATIC ST-TL311739-DET-091.tom' (Brak folderu w bazie)
[2026-08-06 10:30:52] [INFO] SYMULACJA POMINIĘCIE: 'AUMATIC ST-TL311739-DET-149.tom' (Brak folderu w bazie)
[2026-08-06 10:30:52] [INFO] SYMULACJA POMINIĘCIE: 'AUTOMATIC PIN ZAGNIOTU A643A00-01-20411 L32.tom' (Brak folderu w bazie)
[2026-08-06 10:30:52] [INFO] SYMULACJA POMINIĘCIE: 'AUTOMATIC PIN ZAGNIOTU D2.7 z cieciem L25.tom' (Brak folderu w bazie)
[2026-08-06 10:30:52] [INFO] SYMULACJA POMINIĘCIE: 'AUTOMATIC PIN ZAGNIOTU D2.7 z cieciem L32.tom' (Brak folderu w bazie)
[2026-08-06 10:30:52] [INFO] SYMULACJA POMINIĘCIE: 'AUTOMATIC PIN ZAGNIOTU dupka.tom' (Brak folderu w bazie)
[2026-08-06 10:30:52] [INFO] SYMULACJA POMINIĘCIE: 'BORGWARNER B8 0600 1335390.tom' (Brak folderu w bazie)
[2026-08-06 10:30:52] [INFO] SYMULACJA POMINIĘCIE: 'BORGWARNER F7 6009 1047526 stozek K50.tom' (Brak folderu w bazie)
[2026-08-06 10:30:52] [INFO] SYMULACJA POMINIĘCIE: 'CHWYT D20 z D30.tom' (Brak folderu w bazie)
[2026-08-06 10:30:52] [INFO] SYMULACJA POMINIĘCIE: 'CHWYTY D10 LUTOWANE.tom' (Brak folderu w bazie)
[2026-08-06 10:30:52] [INFO] SYMULACJA POMINIĘCIE: 'CHWYTY D16 LUTOWANE.tom' (Brak folderu w bazie)
[2026-08-06 10:30:52] [INFO] SYMULACJA POMINIĘCIE: 'CHWYTY D8 LUTOWANE.tom' (Brak folderu w bazie)
[2026-08-06 10:30:52] [INFO] SYMULACJA POMINIĘCIE: 'CHWYTY D8 porawa dlugosci.tom' (Brak folderu w bazie)
[2026-08-06 10:30:52] [INFO] SYMULACJA POMINIĘCIE: 'D5 bicie.tom' (Brak folderu w bazie)
[2026-08-06 10:30:52] [INFO] SYMULACJA POMINIĘCIE: 'DESITECH DT1978-04-01-015.tom' (Brak folderu w bazie)
[2026-08-06 10:30:52] [INFO] SYMULACJA POMINIĘCIE: 'DREW-AND D36 K15 wstecz.tom' (Brak folderu w bazie)
[2026-08-06 10:30:52] [INFO] SYMULACJA POMINIĘCIE: 'DRUTEX SZLIF CHWYTU-D15-L45-Z3.tom' (Brak folderu w bazie)
[2026-08-06 10:30:52] [INFO] SYMULACJA POMINIĘCIE: 'DRUTEX WIERTLO D6x5 L15 PILOTY.tom' (Brak folderu w bazie)
[2026-08-06 10:30:52] [INFO] SYMULACJA POMINIĘCIE: 'DUPKI D6 DO NOZY.tom' (Brak folderu w bazie)
[2026-08-06 10:30:52] [INFO] SYMULACJA POMINIĘCIE: 'ELZBIECIAK ROBERT WIERTLO D8 OPUSZCZENIE.tom' (Brak folderu w bazie)
[2026-08-06 10:30:52] [INFO] SYMULACJA POMINIĘCIE: 'ENBOTIC D16 R30 K8.17 R1.tom' (Brak folderu w bazie)
[2026-08-06 10:30:52] [INFO] SYMULACJA POMINIĘCIE: 'FRAMTECH SZPIC D10.tom' (Brak folderu w bazie)
[2026-08-06 10:30:52] [INFO] SYMULACJA POMINIĘCIE: 'FRAMTECH SZPIC D6.5.tom' (Brak folderu w bazie)
[2026-08-06 10:30:52] [INFO] SYMULACJA POMINIĘCIE: 'FRAMTECH SZPIC skos 5st D10.tom' (Brak folderu w bazie)
[2026-08-06 10:30:52] [INFO] SYMULACJA POMINIĘCIE: 'FRAMTECH SZPIC skos 5st D6,5.tom' (Brak folderu w bazie)
[2026-08-06 10:30:52] [INFO] SYMULACJA POMINIĘCIE: 'MABIT  28574_01-P01-6260 COFNIECIE + FAZKA.tom' (Brak folderu w bazie)
[2026-08-06 10:30:52] [INFO] SYMULACJA POMINIĘCIE: 'MABIT .tom' (Brak folderu w bazie)
[2026-08-06 10:30:52] [INFO] SYMULACJA POMINIĘCIE: 'MABIT 28574_01-P01-6265.tom' (Brak folderu w bazie)
[2026-08-06 10:30:52] [INFO] SYMULACJA POMINIĘCIE: 'MABIT 28575_01-P03-1013.tom' (Brak folderu w bazie)
[2026-08-06 10:30:52] [INFO] SYMULACJA OK: 'MABIT 28575_01-P03-1014.tom' zakwalifikowany do '428 MABIT'
[2026-08-06 10:30:52] [INFO] SYMULACJA OK: 'MABIT 28575_01-P03-1014_1_7.tom' zakwalifikowany do '428 MABIT'
[2026-08-06 10:30:52] [INFO] SYMULACJA POMINIĘCIE: 'MABIT 28575_01-P06-1050.tom' (Brak folderu w bazie)
[2026-08-06 10:30:52] [INFO] SYMULACJA POMINIĘCIE: 'MABIT 30483_01-P02-5024.tom' (Brak folderu w bazie)
[2026-08-06 10:30:52] [INFO] SYMULACJA POMINIĘCIE: 'MABIT DIN7979 D8 R0.5 K25 R0.5.tom' (Brak folderu w bazie)
[2026-08-06 10:30:52] [INFO] SYMULACJA POMINIĘCIE: 'MABIT dupka d6 x d3.tom' (Brak folderu w bazie)
[2026-08-06 10:30:52] [INFO] SYMULACJA POMINIĘCIE: 'PRAKTIC MOD D2 x 1.56 L8tom.tom' (Brak folderu w bazie)
[2026-08-06 10:30:52] [INFO] SYMULACJA POMINIĘCIE: 'PREZMET 4+4 CHWYTY D8.tom' (Brak folderu w bazie)
[2026-08-06 10:30:52] [INFO] SYMULACJA POMINIĘCIE: 'PREZMET 6+6 CHWYTY.tom' (Brak folderu w bazie)
[2026-08-06 10:30:52] [INFO] SYMULACJA POMINIĘCIE: 'PREZMET 6+6 TYL.tom' (Brak folderu w bazie)
[2026-08-06 10:30:52] [INFO] SYMULACJA POMINIĘCIE: 'SURE D30 CHWYT D12.tom' (Brak folderu w bazie)
[2026-08-06 10:30:52] [INFO] SYMULACJA POMINIĘCIE: 'SZLIF D8.tom' (Brak folderu w bazie)
[2026-08-06 10:30:52] [INFO] SYMULACJA POMINIĘCIE: 'TEAM TECHNIK PIN PROWADZACY D15.tom' (Brak folderu w bazie)
[2026-08-06 10:30:52] [INFO] SYMULACJA POMINIĘCIE: 'TECHNOFORM CHWYT D13.tom' (Brak folderu w bazie)
[2026-08-06 10:30:52] [INFO] SYMULACJA POMINIĘCIE: 'TWOGU TRZPIEN 1.8X7.tom' (Brak folderu w bazie)
[2026-08-06 10:30:52] [INFO] SYMULACJA POMINIĘCIE: 'TWOGU TRZPIEN CHWYT.tom' (Brak folderu w bazie)
[2026-08-06 10:30:52] [INFO] SYMULACJA POMINIĘCIE: 'VALEO 375-007 R2.5 D5.8.tom' (Brak folderu w bazie)
[2026-08-06 10:30:52] [INFO] SYMULACJA POMINIĘCIE: 'VALEO A22-2068-002-224-004.tom' (Brak folderu w bazie)
[2026-08-06 10:30:52] [INFO] SYMULACJA POMINIĘCIE: 'VALEO AMP 010-000-006.tom' (Brak folderu w bazie)
[2026-08-06 10:30:52] [INFO] SYMULACJA POMINIĘCIE: 'VALEO AMP 013-000-006.tom' (Brak folderu w bazie)
[2026-08-06 10:30:52] [INFO] SYMULACJA POMINIĘCIE: 'VALEO AMP 088 2021-000-006.tom' (Brak folderu w bazie)
[2026-08-06 10:30:52] [INFO] SYMULACJA POMINIĘCIE: 'VALEO AS4-ST1-0002-01-06 TRZEPIEN TULEI WELDON.tom' (Brak folderu w bazie)
[2026-08-06 10:30:52] [INFO] SYMULACJA POMINIĘCIE: 'VALEO AS4-ST1-0002-01-06 TRZEPIEN TULEI.tom' (Brak folderu w bazie)
[2026-08-06 10:30:52] [INFO] SYMULACJA POMINIĘCIE: 'VALEO AS4-ST1-0002-01-06.tom' (Brak folderu w bazie)
[2026-08-06 10:30:52] [INFO] SYMULACJA POMINIĘCIE: 'VALEO AW900 Rolka MR1.ST6.02.05_1V2.tom' (Dwuznaczność (2 folderów))
[2026-08-06 10:30:52] [INFO] SYMULACJA POMINIĘCIE: 'VALEO D14 B07716 000001.tom' (Brak folderu w bazie)
[2026-08-06 10:30:52] [INFO] SYMULACJA POMINIĘCIE: 'VALEO F0 4.09.01.tom' (Brak folderu w bazie)
[2026-08-06 10:30:52] [INFO] SYMULACJA POMINIĘCIE: 'VALEO PUSHER D3 korekta -0,4mm.tom' (Brak folderu w bazie)
[2026-08-06 10:30:52] [INFO] SYMULACJA POMINIĘCIE: 'VALEO PUSHER D3.tom' (Brak folderu w bazie)
[2026-08-06 10:30:52] [INFO] SYMULACJA POMINIĘCIE: 'VALEO VWS.AS3.019 R1.95 D4.9.tom' (Brak folderu w bazie)
[2026-08-06 10:30:52] [INFO] SYMULACJA POMINIĘCIE: 'WALDEMARO SZYJKA PROMIEN.tom' (Brak folderu w bazie)
[2026-08-06 10:30:52] [INFO] SYMULACJA POMINIĘCIE: '4x8 L25.tom' (Brak folderu w bazie)
[2026-08-06 10:30:52] [INFO] SYMULACJA POMINIĘCIE: '5x8 L25.tom' (Brak folderu w bazie)
[2026-08-06 10:30:52] [INFO] SYMULACJA POMINIĘCIE: '5x8 L35.tom' (Brak folderu w bazie)
[2026-08-06 10:30:52] [INFO] SYMULACJA POMINIĘCIE: '5x8 L45.tom' (Brak folderu w bazie)
[2026-08-06 10:30:52] [INFO] SYMULACJA POMINIĘCIE: 'MB TRADING D6-L13-Z3-lamacz.tom' (Brak folderu w bazie)
[2026-08-06 10:30:52] [INFO] SYMULACJA POMINIĘCIE: 'MB TRADING Noz D6 D0,5 MIECZ POLEROWANY.tom' (Brak folderu w bazie)
[2026-08-06 10:30:52] [INFO] SYMULACJA POMINIĘCIE: 'MB TRADING Noz Oscylacyjny D6 D0,8 POLEROWANY.tom' (Brak folderu w bazie)
[2026-08-06 10:30:52] [INFO] SYMULACJA POMINIĘCIE: 'MB TRADING Noz Oscylacyjny D6 D0,8 v2.tom' (Brak folderu w bazie)
[2026-08-06 10:30:52] [INFO] SYMULACJA POMINIĘCIE: 'MB TRADING Noz Oscylacyjny D6 D0,8.tom' (Brak folderu w bazie)
[2026-08-06 10:30:52] [INFO] SYMULACJA POMINIĘCIE: '10 st do 20 st.tom' (Brak folderu w bazie)
[2026-08-06 10:30:52] [INFO] SYMULACJA POMINIĘCIE: 'ALUMNI SRL Z4 D12 LAMACZ.tom' (Brak folderu w bazie)
[2026-08-06 10:30:52] [INFO] SYMULACJA POMINIĘCIE: 'BARTYN D3.5 Z2 KULA MOD .tom' (Brak folderu w bazie)
[2026-08-06 10:30:52] [INFO] SYMULACJA POMINIĘCIE: 'bartyn kula v2.tom' (Brak folderu w bazie)
[2026-08-06 10:30:52] [INFO] SYMULACJA POMINIĘCIE: 'BARTYN TEST.tom' (Brak folderu w bazie)
[2026-08-06 10:30:52] [INFO] SYMULACJA POMINIĘCIE: 'BELMAFLEX TEST CZOLA.tom' (Brak folderu w bazie)
[2026-08-06 10:30:52] [INFO] SYMULACJA POMINIĘCIE: 'd10 z4 czolo r0.5.tom' (Brak folderu w bazie)
[2026-08-06 10:30:52] [INFO] SYMULACJA POMINIĘCIE: 'D12 Z4 PRZEROBKA NA R1.tom' (Brak folderu w bazie)
[2026-08-06 10:30:52] [INFO] SYMULACJA POMINIĘCIE: 'd6z4 r0.5.tom' (Brak folderu w bazie)
[2026-08-06 10:30:52] [INFO] SYMULACJA POMINIĘCIE: 'D8-Z1-25 stopni-HSS-SKLEP.tom' (Brak folderu w bazie)
[2026-08-06 10:30:52] [INFO] SYMULACJA POMINIĘCIE: 'dawid frez 30 stopni.tom' (Brak folderu w bazie)
[2026-08-06 10:30:52] [INFO] SYMULACJA POMINIĘCIE: 'DLA KACPRA D20 Z3 R1 R2.tom' (Brak folderu w bazie)
[2026-08-06 10:30:52] [INFO] SYMULACJA POMINIĘCIE: 'DLA KACPRA D3 L15 Z2.tom' (Brak folderu w bazie)
[2026-08-06 10:30:52] [INFO] SYMULACJA POMINIĘCIE: 'DRUTEX WIERTLO D6x5 L15x40 K120 prawe PILOT.tom' (Brak folderu w bazie)
[2026-08-06 10:30:52] [INFO] SYMULACJA POMINIĘCIE: 'FARO D12,5-NIEPRZELOTOWE-PRAWE.tom' (Brak folderu w bazie)
[2026-08-06 10:30:52] [INFO] SYMULACJA POMINIĘCIE: 'faro test.tom' (Brak folderu w bazie)
[2026-08-06 10:30:52] [INFO] SYMULACJA POMINIĘCIE: 'FREZ 10 STOPNI.tom' (Brak folderu w bazie)
[2026-08-06 10:30:52] [INFO] SYMULACJA POMINIĘCIE: 'FREZ BIAŁY D30 R5 R2.tom' (Brak folderu w bazie)
[2026-08-06 10:30:52] [INFO] SYMULACJA POMINIĘCIE: 'frez d10 z4 r3 wewnetrzny.tom' (Brak folderu w bazie)
[2026-08-06 10:30:52] [INFO] SYMULACJA POMINIĘCIE: 'FREZ D5 Z1 HSS GLAD .tom' (Brak folderu w bazie)
[2026-08-06 10:30:52] [INFO] SYMULACJA POMINIĘCIE: 'FREZ D8 Z1 HSS GLAD .tom' (Brak folderu w bazie)
[2026-08-06 10:30:52] [INFO] SYMULACJA POMINIĘCIE: 'frez z3 6.5 stopnia.tom' (Brak folderu w bazie)
[2026-08-06 10:30:52] [INFO] SYMULACJA POMINIĘCIE: 'GOLD DREW d7 pilot.tom' (Brak folderu w bazie)
[2026-08-06 10:30:52] [INFO] SYMULACJA POMINIĘCIE: 'JOZEF BAK GALANTERIA D20 Z2 R3.tom' (Brak folderu w bazie)
[2026-08-06 10:30:52] [INFO] SYMULACJA POMINIĘCIE: 'kacper d5 z2 l6 r1 45 st.tom' (Brak folderu w bazie)
[2026-08-06 10:30:52] [INFO] SYMULACJA POMINIĘCIE: 'KACPER PANEK D8 Z4 CZOLO R0.5.tom' (Brak folderu w bazie)
[2026-08-06 10:30:52] [INFO] SYMULACJA POMINIĘCIE: 'KACPER PANEK D8 Z4 CZOLO R1.tom' (Brak folderu w bazie)
[2026-08-06 10:30:52] [INFO] SYMULACJA POMINIĘCIE: 'KEYLITE FREZ D5 L35 K70 POLER.tom' (Brak folderu w bazie)
[2026-08-06 10:30:52] [INFO] SYMULACJA POMINIĘCIE: 'KOCZY D8-Z2 FREZ KAT60-OSTRZENIE.tom' (Brak folderu w bazie)
[2026-08-06 10:30:52] [INFO] SYMULACJA POMINIĘCIE: 'kula d 16 lewo prawa.tom' (Brak folderu w bazie)
[2026-08-06 10:30:52] [INFO] SYMULACJA POMINIĘCIE: 'ostrzenie wiertlo d3 conL v2.tom' (Brak folderu w bazie)
[2026-08-06 10:30:52] [INFO] SYMULACJA POMINIĘCIE: 'Pawel przerobka d2r0.4.tom' (Brak folderu w bazie)
[2026-08-06 10:30:52] [INFO] SYMULACJA POMINIĘCIE: 'PILOT 7 DOROBIENIE.tom' (Brak folderu w bazie)
[2026-08-06 10:30:52] [INFO] SYMULACJA POMINIĘCIE: 'PREZMET D20 LEWA pilka 6+6.tom' (Dwuznaczność (3 folderów))
[2026-08-06 10:30:52] [INFO] SYMULACJA POMINIĘCIE: 'PREZMET wzor.tom' (Brak folderu w bazie)
[2026-08-06 10:30:52] [INFO] SYMULACJA POMINIĘCIE: 'szlif uchwytu.tom' (Brak folderu w bazie)
[2026-08-06 10:30:52] [INFO] SYMULACJA POMINIĘCIE: 'TABATH GROUP D21 Z5 K60 WSTECZNY.tom' (Brak folderu w bazie)
[2026-08-06 10:30:52] [INFO] SYMULACJA POMINIĘCIE: 'TABATH GROUP D26 Z5 TEOWY HW.tom' (Brak folderu w bazie)
[2026-08-06 10:30:52] [INFO] SYMULACJA POMINIĘCIE: 'weldon uniwersal.tom' (Brak folderu w bazie)
[2026-08-06 10:30:52] [INFO] SYMULACJA POMINIĘCIE: 'WIERTLO 3 conR gash normal +multi.tom' (Brak folderu w bazie)
[2026-08-06 10:30:52] [INFO] SYMULACJA POMINIĘCIE: 'z2 r3.5 wewnetrzny.tom' (Brak folderu w bazie)
[2026-08-06 10:30:52] [INFO] SYMULACJA POMINIĘCIE: 'DRUTEX D8-L30-Z2-HSS do odw.tom' (Brak folderu w bazie)
[2026-08-06 10:30:52] [INFO] SYMULACJA POMINIĘCIE: 'D8 Z1 L35 SZYJ OSOBNO HW.tom' (Brak folderu w bazie)
[2026-08-06 10:30:52] [INFO] SYMULACJA POMINIĘCIE: 'A1-ALU.tom' (Brak folderu w bazie)
[2026-08-06 10:30:52] [INFO] SYMULACJA POMINIĘCIE: 'A2-ALU.tom' (Brak folderu w bazie)
[2026-08-06 10:30:52] [INFO] SYMULACJA POMINIĘCIE: 'F1-ALU.tom' (Dwuznaczność (12 folderów))
[2026-08-06 10:30:52] [INFO] SYMULACJA POMINIĘCIE: 'O1-ALU.tom' (Dwuznaczność (19 folderów))
[2026-08-06 10:30:52] [INFO] SYMULACJA POMINIĘCIE: 'z4 zmienna spirala za długa.tom' (Brak folderu w bazie)
[2026-08-06 10:30:52] [INFO] SYMULACJA POMINIĘCIE: 'D4 L20 Z1 DRUTEX ODWOD.tom' (Brak folderu w bazie)
[2026-08-06 10:30:52] [INFO] SYMULACJA POMINIĘCIE: 'D5 Z1 L35 SKLEP(UNITEC) HW.tom' (Brak folderu w bazie)
[2026-08-06 10:30:52] [INFO] SYMULACJA POMINIĘCIE: 'D5 Z1 L35 SKLEP(UNITEC) popr HW.tom' (Brak folderu w bazie)
[2026-08-06 10:30:52] [INFO] SYMULACJA POMINIĘCIE: 'WOMI KULA D7 Z2 R3.5 .tom' (Brak folderu w bazie)
[2026-08-06 10:30:52] [INFO] SYMULACJA POMINIĘCIE: 'WOMI KULA D7 Z2 R3.5 v2 .tom' (Brak folderu w bazie)
[2026-08-06 10:30:52] [INFO] SYMULACJA POMINIĘCIE: 'd4 z2 prosty przestawiony ostrzenie.tom' (Brak folderu w bazie)
[2026-08-06 10:30:52] [INFO] SYMULACJA POMINIĘCIE: 'D6 Z2 1 DL.tom' (Brak folderu w bazie)
[2026-08-06 10:30:52] [INFO] SYMULACJA POMINIĘCIE: 'FREZ D12 Z8.tom' (Brak folderu w bazie)
[2026-08-06 10:30:52] [INFO] SYMULACJA POMINIĘCIE: 'FREZ D14 Z4 HSS czolo 0dl.tom' (Brak folderu w bazie)
[2026-08-06 10:30:52] [INFO] SYMULACJA POMINIĘCIE: 'FREZ D16 Z4 HSS czolo 0dl.tom' (Brak folderu w bazie)
[2026-08-06 10:30:52] [INFO] SYMULACJA POMINIĘCIE: 'FREZ D20 Z4 0dl.tom' (Brak folderu w bazie)
[2026-08-06 10:30:52] [INFO] SYMULACJA POMINIĘCIE: 'FREZ D8 Z2 1 dl HSS.tom' (Brak folderu w bazie)
[2026-08-06 10:30:52] [INFO] SYMULACJA POMINIĘCIE: 'FREZ NPOL Z3 D10.4xD16.tom' (Brak folderu w bazie)
[2026-08-06 10:30:52] [INFO] SYMULACJA POMINIĘCIE: 'FREZWID kula D20 Z3.tom' (Brak folderu w bazie)
[2026-08-06 10:30:52] [INFO] SYMULACJA POMINIĘCIE: 'POL-SKONE REKLAMACJA OSTRZEENIE.tom' (Brak folderu w bazie)
[2026-08-06 10:30:52] [INFO] SYMULACJA POMINIĘCIE: 'PRESTIGE D20 Z3 KULA LEWO PRAWY.tom' (Brak folderu w bazie)
[2026-08-06 10:30:52] [INFO] SYMULACJA POMINIĘCIE: 'WIERTLO 10 conR 140 stopni.tom' (Brak folderu w bazie)
[2026-08-06 10:30:52] [INFO] SYMULACJA POMINIĘCIE: 'mielnik natalia.tom' (Brak folderu w bazie)
[2026-08-06 10:30:52] [INFO] SYMULACJA POMINIĘCIE: 'z3 step r3 r5.tom' (Brak folderu w bazie)
[2026-08-06 10:30:52] [INFO] SYMULACJA POMINIĘCIE: ' D6.5 Z4 KULKA LOLIPOP.tom' (Brak folderu w bazie)
[2026-08-06 10:30:52] [INFO] SYMULACJA POMINIĘCIE: 'BETULINA D31-D25-Z4.tom' (Brak folderu w bazie)
[2026-08-06 10:30:52] [INFO] SYMULACJA POMINIĘCIE: 'D12XD10L10XD6L15.tom' (Brak folderu w bazie)
[2026-08-06 10:30:52] [INFO] SYMULACJA POMINIĘCIE: 'DREWNOPLAST NOZYK.tom' (Brak folderu w bazie)
[2026-08-06 10:30:52] [INFO] SYMULACJA POMINIĘCIE: 'FARO V2 — kopia.tom' (Brak folderu w bazie)
[2026-08-06 10:30:52] [INFO] SYMULACJA POMINIĘCIE: 'FARO V2.tom' (Brak folderu w bazie)
[2026-08-06 10:30:52] [INFO] SYMULACJA POMINIĘCIE: 'FARO WIERTLO D5,5x11.tom' (Brak folderu w bazie)
[2026-08-06 10:30:52] [INFO] SYMULACJA POMINIĘCIE: 'fazownik D6 45st.tom' (Brak folderu w bazie)
[2026-08-06 10:30:52] [INFO] SYMULACJA POMINIĘCIE: 'fazownik z2 D16 150 stopni.tom' (Brak folderu w bazie)
[2026-08-06 10:30:52] [INFO] SYMULACJA POMINIĘCIE: 'fazownik z4 D12 czolo r1 v2.tom' (Brak folderu w bazie)
[2026-08-06 10:30:52] [INFO] SYMULACJA POMINIĘCIE: 'fazownik z4 D12 czolo r1.tom' (Brak folderu w bazie)
[2026-08-06 10:30:52] [INFO] SYMULACJA POMINIĘCIE: 'fazownik z4 D16 43stopni.tom' (Brak folderu w bazie)
[2026-08-06 10:30:52] [INFO] SYMULACJA POMINIĘCIE: 'JANECZEK ZS D12 Z2.tom' (Brak folderu w bazie)
[2026-08-06 10:30:52] [INFO] SYMULACJA POMINIĘCIE: 'lolipop kacper d4 test.tom' (Brak folderu w bazie)
[2026-08-06 10:30:52] [INFO] SYMULACJA POMINIĘCIE: 'lolipop kacper d4.tom' (Brak folderu w bazie)
[2026-08-06 10:30:52] [INFO] SYMULACJA POMINIĘCIE: 'lolipop kacper d6.tom' (Brak folderu w bazie)
[2026-08-06 10:30:52] [INFO] SYMULACJA POMINIĘCIE: 'lolipop kacper v2 d4.tom' (Brak folderu w bazie)
[2026-08-06 10:30:52] [INFO] SYMULACJA POMINIĘCIE: 'lolipop pp d10 z3.tom' (Brak folderu w bazie)
[2026-08-06 10:30:52] [INFO] SYMULACJA POMINIĘCIE: 'lolipop pp d6 z3.tom' (Brak folderu w bazie)
[2026-08-06 10:30:52] [INFO] SYMULACJA POMINIĘCIE: 'MABIT 28575_01-P03-1014.tom TESTY.tom' (Brak folderu w bazie)
[2026-08-06 10:30:52] [INFO] SYMULACJA POMINIĘCIE: 'NORWOOD D4Xx9X9.5 PRAWE NIEPRZELOT HS.tom' (Brak folderu w bazie)
[2026-08-06 10:30:52] [INFO] SYMULACJA POMINIĘCIE: 'NORWOOD D4Xx9X9.5 PRAWE NIEPRZELOT.tom' (Brak folderu w bazie)
[2026-08-06 10:30:52] [INFO] SYMULACJA POMINIĘCIE: 'pin prowadzacy valeo.tom' (Brak folderu w bazie)
[2026-08-06 10:30:52] [INFO] SYMULACJA POMINIĘCIE: 'poglebiacz 37.5 przerobka ppacek.tom' (Brak folderu w bazie)
[2026-08-06 10:30:52] [INFO] SYMULACJA POMINIĘCIE: 'POL SKONE D8.5 L75 LEWE NIEPRZELOTOWE V2 TEST.tom' (Brak folderu w bazie)
[2026-08-06 10:30:52] [INFO] SYMULACJA POMINIĘCIE: 'PREZ-MET D6 Z3 L25 HSS.tom' (Brak folderu w bazie)
[2026-08-06 10:30:52] [INFO] SYMULACJA POMINIĘCIE: 'PRO-TECH 3,6x 7,3 PRAWE NIEPRZELOTOWE test.tom' (Brak folderu w bazie)
[2026-08-06 10:30:52] [INFO] SYMULACJA POMINIĘCIE: 'PRO-TECH D4.5x10 120st.tom' (Brak folderu w bazie)
[2026-08-06 10:30:52] [INFO] SYMULACJA POMINIĘCIE: 'r3 r3.tom' (Brak folderu w bazie)
[2026-08-06 10:30:52] [INFO] SYMULACJA POMINIĘCIE: 'STOLBAR D10 Z2 R3 L6.tom' (Brak folderu w bazie)
[2026-08-06 10:30:52] [INFO] SYMULACJA POMINIĘCIE: 'szlif uchwytu.tom' (Brak folderu w bazie)
[2026-08-06 10:30:52] [INFO] SYMULACJA POMINIĘCIE: 'szlifierka prosta frez d10 prosty.tom' (Brak folderu w bazie)
[2026-08-06 10:30:52] [INFO] SYMULACJA POMINIĘCIE: 'szlifierka prosta frez d10 stozek .tom' (Brak folderu w bazie)
[2026-08-06 10:30:52] [INFO] SYMULACJA POMINIĘCIE: 'test KULKA LOLIPOP.tom' (Brak folderu w bazie)
[2026-08-06 10:30:52] [INFO] SYMULACJA POMINIĘCIE: 'FARO PRZELOT.tom' (Brak folderu w bazie)
[2026-08-06 10:30:52] [INFO] SYMULACJA POMINIĘCIE: 'frezwid d7 stal.tom' (Brak folderu w bazie)
[2026-08-06 10:30:52] [INFO] SYMULACJA POMINIĘCIE: 'GLASS SPACE D8X 4,5 PILOT PRZELOTOWE.tom' (Brak folderu w bazie)
[2026-08-06 10:30:52] [INFO] SYMULACJA POMINIĘCIE: 'POCIECHA WIERTLO 2+2 NIEPZRZELOTOWE.tom' (Brak folderu w bazie)
[2026-08-06 10:30:52] [INFO] SYMULACJA POMINIĘCIE: 'TECHNO ROM TOOLS D6X12 KLAMKA V1.tom' (Brak folderu w bazie)
[2026-08-06 10:30:52] [INFO] SYMULACJA POMINIĘCIE: 'TECHNO ROM TOOLS KLAMKA D12X6 V2.tom' (Brak folderu w bazie)
[2026-08-06 10:30:52] [INFO] SYMULACJA POMINIĘCIE: 'WIERTLO-D9.5-43-D9-12-D4-16-NIEPRZELOTOWE.tom' (Brak folderu w bazie)
[2026-08-06 10:30:52] [INFO] SYMULACJA POMINIĘCIE: '4CTS WIERTLO-FREZ- D20-L50-Z4-CZOLO KAT120.tom' (Brak folderu w bazie)
[2026-08-06 10:30:52] [INFO] SYMULACJA POMINIĘCIE: 'BAROCKA WIERTLO D12.8x7 PRAWE NIEPRZELOTOWE ostrzenie.tom' (Brak folderu w bazie)
[2026-08-06 10:30:52] [INFO] SYMULACJA POMINIĘCIE: 'BOBEK D20 Z4 R55 OSTRZENIE.tom' (Brak folderu w bazie)
[2026-08-06 10:30:52] [INFO] SYMULACJA POMINIĘCIE: 'D10 Z4 R2.tom' (Brak folderu w bazie)
[2026-08-06 10:30:52] [INFO] SYMULACJA POMINIĘCIE: 'D20 LEWA pilka 6+6.tom' (Dwuznaczność (5 folderów))
[2026-08-06 10:30:52] [INFO] SYMULACJA POMINIĘCIE: 'D20 PRAWA pilka 6+6.tom' (Dwuznaczność (5 folderów))
[2026-08-06 10:30:52] [INFO] SYMULACJA POMINIĘCIE: 'D4 GRAWER 45 STOPNI.tom' (Brak folderu w bazie)
[2026-08-06 10:30:52] [INFO] SYMULACJA POMINIĘCIE: 'D4 GRAWER 90 STOPNI.tom' (Brak folderu w bazie)
[2026-08-06 10:30:52] [INFO] SYMULACJA POMINIĘCIE: 'D5 Z1 FACETY poprawwa.tom' (Brak folderu w bazie)
[2026-08-06 10:30:52] [INFO] SYMULACJA POMINIĘCIE: 'D8 Z2-PROSTY PRZESTAWIONY-HW.tom' (Brak folderu w bazie)
[2026-08-06 10:30:52] [INFO] SYMULACJA POMINIĘCIE: 'Dailycraft v2.tom' (Brak folderu w bazie)
[2026-08-06 10:30:52] [INFO] SYMULACJA POMINIĘCIE: 'DRE FREZ D14 Z2 ostrzenie.tom' (Brak folderu w bazie)
[2026-08-06 10:30:52] [INFO] SYMULACJA POMINIĘCIE: 'DRE FREZ D14 Z2 REklamacja nowy.tom' (Brak folderu w bazie)
[2026-08-06 10:30:52] [INFO] SYMULACJA POMINIĘCIE: 'DRE FREZ D14 Z2 REklamacja.tom' (Brak folderu w bazie)
[2026-08-06 10:30:52] [INFO] SYMULACJA POMINIĘCIE: 'FAKRO D40 Z6 EfRake 11st.tom' (Brak folderu w bazie)
[2026-08-06 10:30:52] [INFO] SYMULACJA POMINIĘCIE: 'frez 5st Z3.tom' (Brak folderu w bazie)
[2026-08-06 10:30:52] [INFO] SYMULACJA POMINIĘCIE: 'frez 5st.tom' (Brak folderu w bazie)
[2026-08-06 10:30:52] [INFO] SYMULACJA POMINIĘCIE: 'frez 7st wsteczny.tom' (Brak folderu w bazie)
[2026-08-06 10:30:52] [INFO] SYMULACJA POMINIĘCIE: 'frez 7st.tom' (Brak folderu w bazie)
[2026-08-06 10:30:52] [INFO] SYMULACJA POMINIĘCIE: 'FREZ D14 Z4 przerobka.tom' (Brak folderu w bazie)
[2026-08-06 10:30:52] [INFO] SYMULACJA POMINIĘCIE: 'FREZ D5 Z1 HSS .tom' (Brak folderu w bazie)
[2026-08-06 10:30:52] [INFO] SYMULACJA POMINIĘCIE: 'FREZ D5 Z1 JW LEWE poprawa.tom' (Brak folderu w bazie)
[2026-08-06 10:30:52] [INFO] SYMULACJA POMINIĘCIE: 'frez do kluczy AP.tom' (Brak folderu w bazie)
[2026-08-06 10:30:52] [INFO] SYMULACJA POMINIĘCIE: 'FREZ NPOL Z2 D8,1xD11,8.tom' (Brak folderu w bazie)
[2026-08-06 10:30:52] [INFO] SYMULACJA POMINIĘCIE: 'FREZ NPOL Z3 D10.4xD16.tom' (Brak folderu w bazie)
[2026-08-06 10:30:52] [INFO] SYMULACJA POMINIĘCIE: 'FREZ NPOL Z3 D5.4xD9,8.tom' (Brak folderu w bazie)
[2026-08-06 10:30:52] [INFO] SYMULACJA POMINIĘCIE: 'FREZWID FREZ D16 Z2 30st x 3.5 prosty.tom' (Brak folderu w bazie)
[2026-08-06 10:30:52] [INFO] SYMULACJA POMINIĘCIE: 'FREZWID FREZ D16 Z2 30st x 5.5 prosty.tom' (Brak folderu w bazie)
[2026-08-06 10:30:52] [INFO] SYMULACJA POMINIĘCIE: 'FREZWID FREZ D20 Z3 30st x 5.5.tom' (Brak folderu w bazie)
[2026-08-06 10:30:52] [INFO] SYMULACJA POMINIĘCIE: 'FREZWID FREZ D20 Z4 30st x 5.5.tom' (Brak folderu w bazie)
[2026-08-06 10:30:52] [INFO] SYMULACJA POMINIĘCIE: 'FREZWID(SKLEP) D5 L30 LEWE JW POPRAWEA.tom' (Brak folderu w bazie)
[2026-08-06 10:30:52] [INFO] SYMULACJA POMINIĘCIE: 'FREZWID_GNIAZDO d9.2x16 l2.9.tom' (Brak folderu w bazie)
[2026-08-06 10:30:52] [INFO] SYMULACJA POMINIĘCIE: 'gwintownik D8.2 szyjka.tom' (Brak folderu w bazie)
[2026-08-06 10:30:52] [INFO] SYMULACJA POMINIĘCIE: 'HANNECARD D6 KSZTALT R3 HW.tom' (Brak folderu w bazie)
[2026-08-06 10:30:52] [INFO] SYMULACJA POMINIĘCIE: 'HANNECARD D6 KSZTALT R3 kat10st HW.tom' (Brak folderu w bazie)
[2026-08-06 10:30:52] [INFO] SYMULACJA POMINIĘCIE: 'HANNECARD D6 KSZTALT R3 kat6st HW.tom' (Brak folderu w bazie)
[2026-08-06 10:30:52] [INFO] SYMULACJA POMINIĘCIE: 'KOCZY D8-Z2 FREZ KAT60-OSTRZENIE.tom' (Brak folderu w bazie)
[2026-08-06 10:30:52] [INFO] SYMULACJA POMINIĘCIE: 'KULA D6 Z3 LEWO PRAWY ostrzenie.tom' (Brak folderu w bazie)
[2026-08-06 10:30:52] [INFO] SYMULACJA POMINIĘCIE: 'MALPISZON WIERTLO D12 K60 PRZELOTOWE OSTRZENIE.tom' (Brak folderu w bazie)
[2026-08-06 10:30:52] [INFO] SYMULACJA POMINIĘCIE: 'MASLACH WIERTLO d22 czolo.tom' (Brak folderu w bazie)
[2026-08-06 10:30:52] [INFO] SYMULACJA POMINIĘCIE: 'MB TRADING D16xd8 przerobka.tom' (Brak folderu w bazie)
[2026-08-06 10:30:52] [INFO] SYMULACJA POMINIĘCIE: 'MEJZA ostrzenie D12 R2 R2.5 Z2.tom' (Brak folderu w bazie)
[2026-08-06 10:30:52] [INFO] SYMULACJA POMINIĘCIE: 'NEWFORM FREZ Z16 D112 OSTRZENIE OD L50.tom' (Brak folderu w bazie)
[2026-08-06 10:30:52] [INFO] SYMULACJA OK: 'NEWFORM FREZ Z16 D112 OSTRZENIE OD L90.tom' zakwalifikowany do 'ZS-XXX NEWFORM L90'
[2026-08-06 10:30:52] [INFO] SYMULACJA POMINIĘCIE: 'NEWFORM FREZ Z16 D112 OSTRZENIE p2.tom' (Brak folderu w bazie)
[2026-08-06 10:30:52] [INFO] SYMULACJA POMINIĘCIE: 'NEWFORM FREZ Z16 D112 OSTRZENIE.tom' (Brak folderu w bazie)
[2026-08-06 10:30:52] [INFO] SYMULACJA POMINIĘCIE: 'OKNO-POL FREZ D6X3 Z2 HW ostrzenie .tom' (Brak folderu w bazie)
[2026-08-06 10:30:52] [INFO] SYMULACJA POMINIĘCIE: 'ostrzenie MEJZA D12 R2 R2.5 Z2.tom' (Brak folderu w bazie)
[2026-08-06 10:30:52] [INFO] SYMULACJA POMINIĘCIE: 'OSTRZENIE TOOLMAR R5.5.tom' (Brak folderu w bazie)
[2026-08-06 10:30:52] [INFO] SYMULACJA POMINIĘCIE: 'PANTERA TOOLING PILOT D4,2 L10 (BEZ OSTRZY).tom' (Brak folderu w bazie)
[2026-08-06 10:30:52] [INFO] SYMULACJA POMINIĘCIE: 'PANTERA TOOLING PILOT D4,2 L10 (NORMALNY).tom' (Brak folderu w bazie)
[2026-08-06 10:30:52] [INFO] SYMULACJA POMINIĘCIE: 'plytki ostrzenie.tom' (Brak folderu w bazie)
[2026-08-06 10:30:52] [INFO] SYMULACJA POMINIĘCIE: 'POL SKONE D12-Z4-PRAWO LEWY_R8.tom' (Brak folderu w bazie)
[2026-08-06 10:30:52] [INFO] SYMULACJA POMINIĘCIE: 'PRESTIGE D16 Z2 R1 L20 LEWO PRAWY OSTRZENIE.tom' (Brak folderu w bazie)
[2026-08-06 10:30:52] [INFO] SYMULACJA POMINIĘCIE: 'PRESTIGE KULA D16 Z3 LEWO PRAWY.tom' (Brak folderu w bazie)
[2026-08-06 10:30:52] [INFO] SYMULACJA POMINIĘCIE: 'PRESTIGE KULA D8 Z3 LEWO PRAWY ostrzenie.tom' (Brak folderu w bazie)
[2026-08-06 10:30:52] [INFO] SYMULACJA POMINIĘCIE: 'ROZWIERTAK D12 Z8 OSTRZENIE.tom' (Brak folderu w bazie)
[2026-08-06 10:30:52] [INFO] SYMULACJA POMINIĘCIE: 'ROZWIERTAK D25 Z OSTRZENIE.tom' (Brak folderu w bazie)
[2026-08-06 10:30:52] [INFO] SYMULACJA POMINIĘCIE: 'ROZWIERTAK D30 Z10 OSTRZENIE.tom' (Brak folderu w bazie)
[2026-08-06 10:30:52] [INFO] SYMULACJA POMINIĘCIE: 'TRADYCJA OSTRZENIE D5x3 Z1  FACETY.tom' (Brak folderu w bazie)
[2026-08-06 10:30:52] [INFO] SYMULACJA POMINIĘCIE: 'WIERTLO POD KLAMKE-D12-PILOT 6NA6-LEWE poprawa.tom' (Brak folderu w bazie)
[2026-08-06 10:30:52] [INFO] SYMULACJA POMINIĘCIE: 'Z4 90stopni czolo na freza.tom' (Brak folderu w bazie)
[2026-08-06 10:30:52] [INFO] SYMULACJA POMINIĘCIE: 'D10 Z5.tom' (Brak folderu w bazie)
[2026-08-06 10:30:52] [INFO] SYMULACJA POMINIĘCIE: 'D22 z6 hss.tom' (Brak folderu w bazie)
[2026-08-06 10:30:52] [INFO] SYMULACJA POMINIĘCIE: 'D8 PRAWE JAK WIERTLO nowy typ.tom' (Brak folderu w bazie)
[2026-08-06 10:30:52] [INFO] SYMULACJA POMINIĘCIE: 'FARO OSTRZENIE 4+2 prawe.tom' (Brak folderu w bazie)
[2026-08-06 10:30:52] [INFO] SYMULACJA POMINIĘCIE: 'FARO OSTRZENIE 4+2.tom' (Brak folderu w bazie)
[2026-08-06 10:30:52] [INFO] SYMULACJA POMINIĘCIE: 'FARO OSTRZENIE 6+3.tom' (Brak folderu w bazie)
[2026-08-06 10:30:52] [INFO] SYMULACJA POMINIĘCIE: 'FREZ D10 Z1.tom' (Brak folderu w bazie)
[2026-08-06 10:30:52] [INFO] SYMULACJA POMINIĘCIE: 'FREZ D10 Z2 KULA.tom' (Brak folderu w bazie)
[2026-08-06 10:30:52] [INFO] SYMULACJA POMINIĘCIE: 'FREZ D10 Z2.tom' (Brak folderu w bazie)
[2026-08-06 10:30:52] [INFO] SYMULACJA POMINIĘCIE: 'FREZ D10 Z3 lewe.tom' (Brak folderu w bazie)
[2026-08-06 10:30:52] [INFO] SYMULACJA POMINIĘCIE: 'FREZ D10 Z3 prawolewe.tom' (Brak folderu w bazie)
[2026-08-06 10:30:52] [INFO] SYMULACJA POMINIĘCIE: 'FREZ D10 Z3.tom' (Brak folderu w bazie)
[2026-08-06 10:30:52] [INFO] SYMULACJA POMINIĘCIE: 'FREZ D10 Z4.tom' (Brak folderu w bazie)
[2026-08-06 10:30:52] [INFO] SYMULACJA POMINIĘCIE: 'FREZ D10 Z5.tom' (Brak folderu w bazie)
[2026-08-06 10:30:52] [INFO] SYMULACJA POMINIĘCIE: 'FREZ D10-Z2+2 t.tom' (Brak folderu w bazie)
[2026-08-06 10:30:52] [INFO] SYMULACJA POMINIĘCIE: 'FREZ D11.6 Z2 KULA prxzerobka.tom' (Brak folderu w bazie)
[2026-08-06 10:30:52] [INFO] SYMULACJA POMINIĘCIE: 'FREZ D12 Z2 KULA.tom' (Brak folderu w bazie)
[2026-08-06 10:30:52] [INFO] SYMULACJA POMINIĘCIE: 'FREZ D12 Z2.tom' (Brak folderu w bazie)
[2026-08-06 10:30:52] [INFO] SYMULACJA POMINIĘCIE: 'FREZ D12 Z3 prawolewe.tom' (Brak folderu w bazie)
[2026-08-06 10:30:52] [INFO] SYMULACJA POMINIĘCIE: 'FREZ D12 Z3.tom' (Brak folderu w bazie)
[2026-08-06 10:30:52] [INFO] SYMULACJA POMINIĘCIE: 'FREZ D12 Z4 NASZE dorabianie łamacza.tom' (Brak folderu w bazie)
[2026-08-06 10:30:52] [INFO] SYMULACJA POMINIĘCIE: 'FREZ D12 Z4 NASZE.tom' (Brak folderu w bazie)
[2026-08-06 10:30:52] [INFO] SYMULACJA POMINIĘCIE: 'FREZ D12 Z4.tom' (Brak folderu w bazie)
[2026-08-06 10:30:52] [INFO] SYMULACJA POMINIĘCIE: 'FREZ D12 Z5.tom' (Brak folderu w bazie)
[2026-08-06 10:30:52] [INFO] SYMULACJA POMINIĘCIE: 'FREZ D12 Z6 do twardych.tom' (Brak folderu w bazie)
[2026-08-06 10:30:52] [INFO] SYMULACJA POMINIĘCIE: 'FREZ D12-Z2+2 t.tom' (Brak folderu w bazie)
[2026-08-06 10:30:52] [INFO] SYMULACJA POMINIĘCIE: 'FREZ D12-Z2+2 test.tom' (Brak folderu w bazie)
[2026-08-06 10:30:52] [INFO] SYMULACJA POMINIĘCIE: 'FREZ D12-Z2+4 t.tom' (Brak folderu w bazie)
[2026-08-06 10:30:52] [INFO] SYMULACJA POMINIĘCIE: 'FREZ D12-Z3+3 test.tom' (Brak folderu w bazie)
[2026-08-06 10:30:52] [INFO] SYMULACJA POMINIĘCIE: 'FREZ D14 Z2 POLER.tom' (Brak folderu w bazie)
[2026-08-06 10:30:52] [INFO] SYMULACJA POMINIĘCIE: 'FREZ D14 Z2.tom' (Brak folderu w bazie)
[2026-08-06 10:30:52] [INFO] SYMULACJA POMINIĘCIE: 'FREZ D14 Z3.tom' (Brak folderu w bazie)
[2026-08-06 10:30:52] [INFO] SYMULACJA POMINIĘCIE: 'FREZ D14 Z4 .tom' (Brak folderu w bazie)
[2026-08-06 10:30:52] [INFO] SYMULACJA POMINIĘCIE: 'FREZ D14 Z4 HSS.tom' (Brak folderu w bazie)
[2026-08-06 10:30:52] [INFO] SYMULACJA POMINIĘCIE: 'FREZ D16 Z3 0dl.tom' (Brak folderu w bazie)
[2026-08-06 10:30:52] [INFO] SYMULACJA POMINIĘCIE: 'FREZ D16 Z3 lewe czolo.tom' (Brak folderu w bazie)
[2026-08-06 10:30:52] [INFO] SYMULACJA POMINIĘCIE: 'FREZ D16 Z3 lewo PRAWE.tom' (Brak folderu w bazie)
[2026-08-06 10:30:52] [INFO] SYMULACJA POMINIĘCIE: 'FREZ D16 Z3+3 LEWE.tom' (Brak folderu w bazie)
[2026-08-06 10:30:52] [INFO] SYMULACJA POMINIĘCIE: 'FREZ D16 Z3+3.tom' (Brak folderu w bazie)
[2026-08-06 10:30:52] [INFO] SYMULACJA POMINIĘCIE: 'FREZ D16 Z3.tom' (Brak folderu w bazie)
[2026-08-06 10:30:52] [INFO] SYMULACJA POMINIĘCIE: 'FREZ D16 Z4 HSS.tom' (Brak folderu w bazie)
[2026-08-06 10:30:52] [INFO] SYMULACJA POMINIĘCIE: 'FREZ D16 Z4 lamacz.tom' (Brak folderu w bazie)
[2026-08-06 10:30:52] [INFO] SYMULACJA POMINIĘCIE: 'FREZ D16 Z4 NASZE.tom' (Brak folderu w bazie)
[2026-08-06 10:30:52] [INFO] SYMULACJA POMINIĘCIE: 'FREZ D16 Z4.tom' (Brak folderu w bazie)
[2026-08-06 10:30:52] [INFO] SYMULACJA POMINIĘCIE: 'FREZ D16-Z2+2 t.tom' (Brak folderu w bazie)
[2026-08-06 10:30:52] [INFO] SYMULACJA POMINIĘCIE: 'FREZ D18 Z3.tom' (Brak folderu w bazie)
[2026-08-06 10:30:52] [INFO] SYMULACJA POMINIĘCIE: 'FREZ D18 Z4.tom' (Brak folderu w bazie)
[2026-08-06 10:30:52] [INFO] SYMULACJA POMINIĘCIE: 'FREZ D20 Z2.tom' (Brak folderu w bazie)
[2026-08-06 10:30:52] [INFO] SYMULACJA POMINIĘCIE: 'FREZ D20 Z3 LEWE.tom' (Brak folderu w bazie)
[2026-08-06 10:30:52] [INFO] SYMULACJA POMINIĘCIE: 'FREZ D20 Z3 LEWo prawe.tom' (Brak folderu w bazie)
[2026-08-06 10:30:52] [INFO] SYMULACJA POMINIĘCIE: 'FREZ D20 Z3.tom' (Brak folderu w bazie)
[2026-08-06 10:30:52] [INFO] SYMULACJA POMINIĘCIE: 'FREZ D20 Z4.tom' (Brak folderu w bazie)
[2026-08-06 10:30:52] [INFO] SYMULACJA POMINIĘCIE: 'FREZ D20 Z8.tom' (Brak folderu w bazie)
[2026-08-06 10:30:52] [INFO] SYMULACJA POMINIĘCIE: 'FREZ D24 Z2.tom' (Brak folderu w bazie)
[2026-08-06 10:30:52] [INFO] SYMULACJA POMINIĘCIE: 'FREZ D25 Z3.tom' (Brak folderu w bazie)
[2026-08-06 10:30:52] [INFO] SYMULACJA POMINIĘCIE: 'FREZ D25 Z6 HS.tom' (Brak folderu w bazie)
[2026-08-06 10:30:52] [INFO] SYMULACJA POMINIĘCIE: 'FREZ D3 Z1.tom' (Brak folderu w bazie)
[2026-08-06 10:30:52] [INFO] SYMULACJA POMINIĘCIE: 'FREZ D30 Z3  test.tom' (Brak folderu w bazie)
[2026-08-06 10:30:52] [INFO] SYMULACJA POMINIĘCIE: 'FREZ D30 Z3.tom' (Brak folderu w bazie)
[2026-08-06 10:30:52] [INFO] SYMULACJA POMINIĘCIE: 'FREZ D4 Z2.tom' (Brak folderu w bazie)
[2026-08-06 10:30:52] [INFO] SYMULACJA POMINIĘCIE: 'FREZ D4 Z3.tom' (Brak folderu w bazie)
[2026-08-06 10:30:52] [INFO] SYMULACJA POMINIĘCIE: 'FREZ D4 Z4 twarde.tom' (Brak folderu w bazie)
[2026-08-06 10:30:52] [INFO] SYMULACJA POMINIĘCIE: 'FREZ D4 Z4.tom' (Brak folderu w bazie)
[2026-08-06 10:30:52] [INFO] SYMULACJA POMINIĘCIE: 'FREZ D40 Z3.tom' (Brak folderu w bazie)
[2026-08-06 10:30:52] [INFO] SYMULACJA POMINIĘCIE: 'FREZ D5 Z1 JAK WIERTLO nowy typ LEWE.tom' (Brak folderu w bazie)
[2026-08-06 10:30:52] [INFO] SYMULACJA POMINIĘCIE: 'FREZ D5 Z1 JAK WIERTLO nowy typ.tom' (Brak folderu w bazie)
[2026-08-06 10:30:52] [INFO] SYMULACJA POMINIĘCIE: 'FREZ D5 Z1.tom' (Brak folderu w bazie)
[2026-08-06 10:30:52] [INFO] SYMULACJA POMINIĘCIE: 'FREZ D5 Z2 KULA.tom' (Brak folderu w bazie)
[2026-08-06 10:30:52] [INFO] SYMULACJA POMINIĘCIE: 'FREZ D5 Z2.tom' (Brak folderu w bazie)
[2026-08-06 10:30:52] [INFO] SYMULACJA POMINIĘCIE: 'FREZ D5 Z3.tom' (Brak folderu w bazie)
[2026-08-06 10:30:52] [INFO] SYMULACJA POMINIĘCIE: 'FREZ D6 Z1 HSS .tom' (Brak folderu w bazie)
[2026-08-06 10:30:52] [INFO] SYMULACJA POMINIĘCIE: 'FREZ D6 Z2 KULA.tom' (Brak folderu w bazie)
[2026-08-06 10:30:52] [INFO] SYMULACJA POMINIĘCIE: 'FREZ D6 Z2 lewo prawy.tom' (Brak folderu w bazie)
[2026-08-06 10:30:52] [INFO] SYMULACJA POMINIĘCIE: 'FREZ D6 Z2.tom' (Brak folderu w bazie)
[2026-08-06 10:30:52] [INFO] SYMULACJA POMINIĘCIE: 'FREZ D6 Z3.tom' (Brak folderu w bazie)
[2026-08-06 10:30:52] [INFO] SYMULACJA POMINIĘCIE: 'FREZ D6 Z4 R1.tom' (Brak folderu w bazie)
[2026-08-06 10:30:52] [INFO] SYMULACJA POMINIĘCIE: 'FREZ D6 Z4.tom' (Brak folderu w bazie)
[2026-08-06 10:30:52] [INFO] SYMULACJA POMINIĘCIE: 'FREZ D6-Z2+2.tom' (Brak folderu w bazie)
[2026-08-06 10:30:52] [INFO] SYMULACJA POMINIĘCIE: 'FREZ D8 Z1 HS.tom' (Brak folderu w bazie)
[2026-08-06 10:30:52] [INFO] SYMULACJA POMINIĘCIE: 'FREZ D8 Z1 HSS .tom' (Brak folderu w bazie)
[2026-08-06 10:30:52] [INFO] SYMULACJA POMINIĘCIE: 'FREZ D8 Z1 HSS.tom' (Brak folderu w bazie)
[2026-08-06 10:30:52] [INFO] SYMULACJA POMINIĘCIE: 'FREZ D8 Z1 stary szpic.tom' (Brak folderu w bazie)
[2026-08-06 10:30:52] [INFO] SYMULACJA POMINIĘCIE: 'FREZ D8 Z1.tom' (Brak folderu w bazie)
[2026-08-06 10:30:52] [INFO] SYMULACJA POMINIĘCIE: 'FREZ D8 Z2 KULA.tom' (Brak folderu w bazie)
[2026-08-06 10:30:52] [INFO] SYMULACJA POMINIĘCIE: 'FREZ D8 Z2 lewo prawy.tom' (Brak folderu w bazie)
[2026-08-06 10:30:52] [INFO] SYMULACJA POMINIĘCIE: 'FREZ D8 Z2.tom' (Brak folderu w bazie)
[2026-08-06 10:30:52] [INFO] SYMULACJA POMINIĘCIE: 'FREZ D8 Z3 0dl.tom' (Brak folderu w bazie)
[2026-08-06 10:30:52] [INFO] SYMULACJA POMINIĘCIE: 'FREZ D8 Z3 czolo.tom' (Brak folderu w bazie)
[2026-08-06 10:30:52] [INFO] SYMULACJA POMINIĘCIE: 'FREZ D8 Z3 LEWO PRAWY.tom' (Brak folderu w bazie)
[2026-08-06 10:30:52] [INFO] SYMULACJA POMINIĘCIE: 'FREZ D8 Z3.tom' (Brak folderu w bazie)
[2026-08-06 10:30:52] [INFO] SYMULACJA POMINIĘCIE: 'FREZ D8 Z4 LEWE.tom' (Brak folderu w bazie)
[2026-08-06 10:30:52] [INFO] SYMULACJA POMINIĘCIE: 'FREZ D8 Z4.tom' (Brak folderu w bazie)
[2026-08-06 10:30:52] [INFO] SYMULACJA POMINIĘCIE: 'FREZ D8-Z2+2 nowy.tom' (Brak folderu w bazie)
[2026-08-06 10:30:52] [INFO] SYMULACJA POMINIĘCIE: 'FREZ D8-Z2+2 t.tom' (Brak folderu w bazie)
[2026-08-06 10:30:52] [INFO] SYMULACJA POMINIĘCIE: 'FREZ D8-Z2+2 v2.tom' (Brak folderu w bazie)
[2026-08-06 10:30:52] [INFO] SYMULACJA POMINIĘCIE: 'FREZ D8-Z4+2 kanalki lewe.tom' (Brak folderu w bazie)
[2026-08-06 10:30:52] [INFO] SYMULACJA POMINIĘCIE: 'FREZ D8-Z4+2 kanalki prawe i czolo.tom' (Brak folderu w bazie)
[2026-08-06 10:30:52] [INFO] SYMULACJA POMINIĘCIE: 'FREZ D8-Z4+2 t.tom' (Brak folderu w bazie)
[2026-08-06 10:30:52] [INFO] SYMULACJA POMINIĘCIE: 'FREZ KULA D16 Z2.tom' (Brak folderu w bazie)
[2026-08-06 10:30:52] [INFO] SYMULACJA POMINIĘCIE: 'FREZ KULA D18 Z2.tom' (Brak folderu w bazie)
[2026-08-06 10:30:52] [INFO] SYMULACJA POMINIĘCIE: 'FREZ KULA D20 Z2.tom' (Brak folderu w bazie)
[2026-08-06 10:30:52] [INFO] SYMULACJA POMINIĘCIE: 'FREZ T D8 Z4 R0.5.tom' (Brak folderu w bazie)
[2026-08-06 10:30:52] [INFO] SYMULACJA POMINIĘCIE: 'FREZWID D10-Z4 TEOWY BORGWARNER.tom' (Brak folderu w bazie)
[2026-08-06 10:30:52] [INFO] SYMULACJA POMINIĘCIE: 'FREZWID D12-Z4 TEOWY BORGWARNER.tom' (Brak folderu w bazie)
[2026-08-06 10:30:52] [INFO] SYMULACJA POMINIĘCIE: 'FREZWID kula D20 Z3.tom' (Brak folderu w bazie)
[2026-08-06 10:30:52] [INFO] SYMULACJA POMINIĘCIE: 'FREZWID OSTRZENIE KULA D10 Z2.tom' (Brak folderu w bazie)
[2026-08-06 10:30:52] [INFO] SYMULACJA POMINIĘCIE: 'FREZWID OSTRZENIE KULA D10 Z4.tom' (Brak folderu w bazie)
[2026-08-06 10:30:52] [INFO] SYMULACJA POMINIĘCIE: 'FREZWID OSTRZENIE KULA D12 Z2.tom' (Brak folderu w bazie)
[2026-08-06 10:30:52] [INFO] SYMULACJA POMINIĘCIE: 'FREZWID OSTRZENIE KULA D12 Z4.tom' (Brak folderu w bazie)
[2026-08-06 10:30:52] [INFO] SYMULACJA POMINIĘCIE: 'FREZWID OSTRZENIE KULA D14 Z2.tom' (Brak folderu w bazie)
[2026-08-06 10:30:52] [INFO] SYMULACJA POMINIĘCIE: 'FREZWID OSTRZENIE KULA D16 Z2.tom' (Brak folderu w bazie)
[2026-08-06 10:30:52] [INFO] SYMULACJA POMINIĘCIE: 'FREZWID OSTRZENIE KULA D20 Z3.tom' (Brak folderu w bazie)
[2026-08-06 10:30:52] [INFO] SYMULACJA POMINIĘCIE: 'FREZWID OSTRZENIE KULA D5 Z2.tom' (Brak folderu w bazie)
[2026-08-06 10:30:52] [INFO] SYMULACJA POMINIĘCIE: 'FREZWID OSTRZENIE KULA D6 Z2.tom' (Brak folderu w bazie)
[2026-08-06 10:30:52] [INFO] SYMULACJA POMINIĘCIE: 'FREZWID OSTRZENIE KULA D6 Z4.tom' (Brak folderu w bazie)
[2026-08-06 10:30:52] [INFO] SYMULACJA POMINIĘCIE: 'FREZWID OSTRZENIE KULA D8 Z2.tom' (Brak folderu w bazie)
[2026-08-06 10:30:52] [INFO] SYMULACJA POMINIĘCIE: 'FREZWID OSTRZENIE KULA D8 Z4.tom' (Brak folderu w bazie)
[2026-08-06 10:30:52] [INFO] SYMULACJA POMINIĘCIE: 'FREZWID OSTRZENIUE KULA D20 Z3 0DLUGICH.tom' (Brak folderu w bazie)
[2026-08-06 10:30:52] [INFO] SYMULACJA POMINIĘCIE: 'GOLD DOOR D8 D8.5 L2 Teowy HSS.tom' (Brak folderu w bazie)
[2026-08-06 10:30:52] [INFO] SYMULACJA POMINIĘCIE: 'KULA D12 Z3.tom' (Brak folderu w bazie)
[2026-08-06 10:30:52] [INFO] SYMULACJA POMINIĘCIE: 'KULA D20 Z3 LEWO PRAWY.tom' (Brak folderu w bazie)
[2026-08-06 10:30:52] [INFO] SYMULACJA POMINIĘCIE: 'KULA D8 LEWO-PRAWO-Z3.tom' (Brak folderu w bazie)
[2026-08-06 10:30:52] [INFO] SYMULACJA POMINIĘCIE: 'nawiertak 118st D10.tom' (Brak folderu w bazie)
[2026-08-06 10:30:52] [INFO] SYMULACJA POMINIĘCIE: 'nawiertak 90st D6.tom' (Brak folderu w bazie)
[2026-08-06 10:30:52] [INFO] SYMULACJA POMINIĘCIE: 'ostrxenie d25 z5.tom' (Brak folderu w bazie)
[2026-08-06 10:30:52] [INFO] SYMULACJA POMINIĘCIE: 'OSTRZENIE D10Z3.tom' (Brak folderu w bazie)
[2026-08-06 10:30:52] [INFO] SYMULACJA POMINIĘCIE: 'OSTRZENIE KULA D16 LEWO PRAWA.tom' (Brak folderu w bazie)
[2026-08-06 10:30:52] [INFO] SYMULACJA POMINIĘCIE: 'fazownik D20 z3 K90.tom' (Brak folderu w bazie)
[2026-08-06 10:30:52] [INFO] SYMULACJA POMINIĘCIE: 'fazownik NPOL D20 z3 K90.tom' (Brak folderu w bazie)
[2026-08-06 10:30:52] [INFO] SYMULACJA POMINIĘCIE: 'fazownik z3 D4.tom' (Brak folderu w bazie)
[2026-08-06 10:30:52] [INFO] SYMULACJA POMINIĘCIE: 'fazownik z3 D6.tom' (Brak folderu w bazie)
[2026-08-06 10:30:52] [INFO] SYMULACJA POMINIĘCIE: 'fazownik z4 D12.tom' (Brak folderu w bazie)
[2026-08-06 10:30:52] [INFO] SYMULACJA POMINIĘCIE: 'fazownik z4 D13x2.5.tom' (Brak folderu w bazie)
[2026-08-06 10:30:52] [INFO] SYMULACJA POMINIĘCIE: 'fazownik z4 D14.tom' (Brak folderu w bazie)
[2026-08-06 10:30:52] [INFO] SYMULACJA POMINIĘCIE: 'fazownik z4 D8.tom' (Brak folderu w bazie)
[2026-08-06 10:30:52] [INFO] SYMULACJA POMINIĘCIE: 'fazownik z5 D8.tom' (Brak folderu w bazie)
[2026-08-06 10:30:52] [INFO] SYMULACJA POMINIĘCIE: 'fazownik z5.tom' (Brak folderu w bazie)
[2026-08-06 10:30:52] [INFO] SYMULACJA POMINIĘCIE: 'fazownik z6 D8.tom' (Brak folderu w bazie)
[2026-08-06 10:30:52] [INFO] SYMULACJA POMINIĘCIE: 'nawiertak 10 90st AP.tom' (Brak folderu w bazie)
[2026-08-06 10:30:52] [INFO] SYMULACJA POMINIĘCIE: 'nawiertak 74st.tom' (Brak folderu w bazie)
[2026-08-06 10:30:52] [INFO] SYMULACJA POMINIĘCIE: 'nawiertak 90st D10.tom' (Brak folderu w bazie)
[2026-08-06 10:30:52] [INFO] SYMULACJA POMINIĘCIE: 'nawiertak 90st D6.tom' (Brak folderu w bazie)
[2026-08-06 10:30:52] [INFO] SYMULACJA POMINIĘCIE: 'nawiertak 90st D8.tom' (Brak folderu w bazie)
[2026-08-06 10:30:52] [INFO] SYMULACJA POMINIĘCIE: 'nawiertak 90st FACET.tom' (Brak folderu w bazie)
[2026-08-06 10:30:52] [INFO] SYMULACJA POMINIĘCIE: 'nawiertak 90st.tom' (Brak folderu w bazie)
[2026-08-06 10:30:52] [INFO] SYMULACJA POMINIĘCIE: 'PILOT D3XL10 D6.5.tom' (Brak folderu w bazie)
[2026-08-06 10:30:52] [INFO] SYMULACJA POMINIĘCIE: 'PILOT D6XL6 D10.tom' (Brak folderu w bazie)
[2026-08-06 10:30:52] [INFO] SYMULACJA POMINIĘCIE: 'PILOT D6XL6 D12.tom' (Brak folderu w bazie)
[2026-08-06 10:30:52] [INFO] SYMULACJA POMINIĘCIE: 'PILOT D6XL6 D14.tom' (Brak folderu w bazie)
[2026-08-06 10:30:52] [INFO] SYMULACJA POMINIĘCIE: 'sektest.tom' (Brak folderu w bazie)
[2026-08-06 10:30:52] [INFO] SYMULACJA POMINIĘCIE: 'TAK FACETY.tom' (Brak folderu w bazie)
[2026-08-06 10:30:52] [INFO] SYMULACJA POMINIĘCIE: 'TAK.tom' (Brak folderu w bazie)
[2026-08-06 10:30:52] [INFO] SYMULACJA POMINIĘCIE: 'WIERTLO 10 conP.tom' (Brak folderu w bazie)
[2026-08-06 10:30:52] [INFO] SYMULACJA POMINIĘCIE: 'WIERTLO 10 conR.tom' (Brak folderu w bazie)
[2026-08-06 10:30:52] [INFO] SYMULACJA POMINIĘCIE: 'WIERTLO 11 conR.tom' (Brak folderu w bazie)
[2026-08-06 10:30:52] [INFO] SYMULACJA POMINIĘCIE: 'WIERTLO 11.8 conG HSS AP.tom' (Brak folderu w bazie)
[2026-08-06 10:30:52] [INFO] SYMULACJA POMINIĘCIE: 'WIERTLO 11.8 conG.tom' (Brak folderu w bazie)
[2026-08-06 10:30:52] [INFO] SYMULACJA POMINIĘCIE: 'WIERTLO 12 conR.tom' (Brak folderu w bazie)
[2026-08-06 10:30:52] [INFO] SYMULACJA POMINIĘCIE: 'WIERTLO 12 facR.tom' (Brak folderu w bazie)
[2026-08-06 10:30:52] [INFO] SYMULACJA POMINIĘCIE: 'WIERTLO 14 conR.tom' (Brak folderu w bazie)
[2026-08-06 10:30:52] [INFO] SYMULACJA POMINIĘCIE: 'WIERTLO 15 conR.tom' (Brak folderu w bazie)
[2026-08-06 10:30:52] [INFO] SYMULACJA POMINIĘCIE: 'WIERTLO 16 conR.tom' (Brak folderu w bazie)
[2026-08-06 10:30:52] [INFO] SYMULACJA POMINIĘCIE: 'WIERTLO 17 conG HSS AP.tom' (Brak folderu w bazie)
[2026-08-06 10:30:52] [INFO] SYMULACJA POMINIĘCIE: 'WIERTLO 17.5 conG.tom' (Brak folderu w bazie)
[2026-08-06 10:30:52] [INFO] SYMULACJA POMINIĘCIE: 'WIERTLO 17.5 conR.tom' (Brak folderu w bazie)
[2026-08-06 10:30:52] [INFO] SYMULACJA POMINIĘCIE: 'WIERTLO 17.5 facR.tom' (Brak folderu w bazie)
[2026-08-06 10:30:52] [INFO] SYMULACJA POMINIĘCIE: 'WIERTLO 19.6 conR.tom' (Brak folderu w bazie)
[2026-08-06 10:30:52] [INFO] SYMULACJA POMINIĘCIE: 'WIERTLO 20 conR.tom' (Brak folderu w bazie)
[2026-08-06 10:30:52] [INFO] SYMULACJA POMINIĘCIE: 'WIERTLO 3 conR.tom' (Brak folderu w bazie)
[2026-08-06 10:30:52] [INFO] SYMULACJA POMINIĘCIE: 'WIERTLO 3.6 conR.tom' (Brak folderu w bazie)
[2026-08-06 10:30:52] [INFO] SYMULACJA POMINIĘCIE: 'WIERTLO 3.7 conR HSS.tom' (Brak folderu w bazie)
[2026-08-06 10:30:52] [INFO] SYMULACJA POMINIĘCIE: 'WIERTLO 4 conR.tom' (Brak folderu w bazie)
[2026-08-06 10:30:52] [INFO] SYMULACJA POMINIĘCIE: 'WIERTLO 4.3 conR.tom' (Brak folderu w bazie)
[2026-08-06 10:30:52] [INFO] SYMULACJA POMINIĘCIE: 'WIERTLO 5 conP.tom' (Brak folderu w bazie)
[2026-08-06 10:30:52] [INFO] SYMULACJA POMINIĘCIE: 'WIERTLO 5 conR.tom' (Brak folderu w bazie)
[2026-08-06 10:30:52] [INFO] SYMULACJA POMINIĘCIE: 'WIERTLO 5 facR.tom' (Brak folderu w bazie)
[2026-08-06 10:30:52] [INFO] SYMULACJA POMINIĘCIE: 'WIERTLO 6 ConR.tom' (Brak folderu w bazie)
[2026-08-06 10:30:52] [INFO] SYMULACJA POMINIĘCIE: 'WIERTLO 6.4 facR.tom' (Brak folderu w bazie)
[2026-08-06 10:30:52] [INFO] SYMULACJA POMINIĘCIE: 'WIERTLO 6.6 conR.tom' (Brak folderu w bazie)
[2026-08-06 10:30:52] [INFO] SYMULACJA POMINIĘCIE: 'WIERTLO 7 conR.tom' (Brak folderu w bazie)
[2026-08-06 10:30:52] [INFO] SYMULACJA POMINIĘCIE: 'WIERTLO 8 conR.tom' (Brak folderu w bazie)
[2026-08-06 10:30:52] [INFO] SYMULACJA POMINIĘCIE: 'WIERTLO 9 conR.tom' (Brak folderu w bazie)
[2026-08-06 10:30:52] [INFO] SYMULACJA POMINIĘCIE: 'WIERTLO D11.8 rollG.tom' (Brak folderu w bazie)
[2026-08-06 10:30:52] [INFO] SYMULACJA POMINIĘCIE: 'wiertlo frez przelotowe d7.tom' (Brak folderu w bazie)
[2026-08-06 10:30:52] [INFO] SYMULACJA POMINIĘCIE: 'WIERTLO PILOT 4.2x10 ConR.tom' (Brak folderu w bazie)
[2026-08-06 10:30:52] [INFO] SYMULACJA POMINIĘCIE: 'WIERTLO PIOT 5x5 conR.tom' (Brak folderu w bazie)
[2026-08-06 10:30:52] [INFO] SYMULACJA POMINIĘCIE: 'WIERTLO PIOT 5x5 conRv2.tom' (Brak folderu w bazie)
[2026-08-06 10:30:52] [INFO] SYMULACJA POMINIĘCIE: 'xxx 4+2.tom' (Brak folderu w bazie)
[2026-08-06 10:30:52] [INFO] SYMULACJA POMINIĘCIE: 'xxx.tom' (Brak folderu w bazie)
[2026-08-06 10:30:52] [INFO] SYMULACJA POMINIĘCIE: 'xyz.tom' (Brak folderu w bazie)
[2026-08-06 10:30:52] [INFO] SYMULACJA POMINIĘCIE: 'WIERTLO 10.tom' (Brak folderu w bazie)
[2026-08-06 10:30:52] [INFO] SYMULACJA POMINIĘCIE: 'WIERTLO 11.tom' (Brak folderu w bazie)
[2026-08-06 10:30:52] [INFO] SYMULACJA POMINIĘCIE: 'WIERTLO 14.tom' (Brak folderu w bazie)
[2026-08-06 10:30:52] [INFO] SYMULACJA POMINIĘCIE: 'WIERTLO 15.tom' (Brak folderu w bazie)
[2026-08-06 10:30:52] [INFO] SYMULACJA POMINIĘCIE: 'WIERTLO 16.tom' (Brak folderu w bazie)
[2026-08-06 10:30:52] [INFO] SYMULACJA POMINIĘCIE: 'WIERTLO 8.8.tom' (Brak folderu w bazie)
[2026-08-06 10:30:52] [INFO] SYMULACJA POMINIĘCIE: 'CHWYTY D8 L45 LUTOWANE PODAJNIK.tom' (Brak folderu w bazie)
[2026-08-06 10:30:52] [INFO] SYMULACJA POMINIĘCIE: 'D5-Z1-30-ZANIZENIE 4.9-50-JAK WIERTLO-PRAWOTNACY-LEWOSKRETNY.tom' (Brak folderu w bazie)
[2026-08-06 10:30:52] [INFO] SYMULACJA POMINIĘCIE: 'DRUTEX D4 Z1 - A1 435 sklep.tom' (Brak folderu w bazie)
[2026-08-06 10:30:52] [INFO] SYMULACJA POMINIĘCIE: 'DRUTEX D5 Z1 - A1 535 sklep.tom' (Brak folderu w bazie)
[2026-08-06 10:30:52] [INFO] SYMULACJA POMINIĘCIE: 'DRUTEX D5x8x80 Z1 L25 sklep.tom' (Brak folderu w bazie)
[2026-08-06 10:30:52] [INFO] SYMULACJA POMINIĘCIE: 'DRUTEX WIERTLO  D7 L33 K118.tom' (Brak folderu w bazie)
[2026-08-06 10:30:52] [INFO] SYMULACJA POMINIĘCIE: 'KNS D5 Z1 L30 prawotnacy-lewy nowy.tom' (Brak folderu w bazie)
[2026-08-06 10:30:52] [INFO] SYMULACJA POMINIĘCIE: 'KNS D5 Z1 L30 prawotnacy-lewy.tom' (Brak folderu w bazie)
[2026-08-06 10:30:52] [INFO] SYMULACJA POMINIĘCIE: 'PROFINE WIERTLO KLAMKA D10-PILOT 6NA6 LEWE.tom' (Brak folderu w bazie)
[2026-08-06 10:30:52] [INFO] SYMULACJA POMINIĘCIE: 'SKLEP D8-Z1-HSS L35 STARE.tom' (Brak folderu w bazie)
[2026-08-06 10:30:52] [INFO] SYMULACJA POMINIĘCIE: 'WIERTLO POD KLAMKE D-12_PILOT6-6_PRAWE-LAMACZ.tom' (Dwuznaczność (4 folderów))
[2026-08-06 10:30:52] [INFO] SYMULACJA POMINIĘCIE: 'WIERTLO POD KLAMKE D10-PILOT 6NA6 LEWE.tom' (Brak folderu w bazie)
[2026-08-06 10:30:52] [INFO] SYMULACJA POMINIĘCIE: 'WIERTLO POD KLAMKE D10-PILOT 6NA6 PRAWE.tom' (Brak folderu w bazie)
[2026-08-06 10:30:52] [INFO] SYMULACJA POMINIĘCIE: 'WIERTLO POD KLAMKE D10x6 L6 LEWE.tom' (Brak folderu w bazie)
[2026-08-06 10:30:52] [INFO] SYMULACJA POMINIĘCIE: 'WIERTLO POD KLAMKE D10x6 L6 PRAWE.tom' (Brak folderu w bazie)
[2026-08-06 10:30:52] [INFO] SYMULACJA POMINIĘCIE: 'WIERTLO POD KLAMKE D12x6 L6 LEWE.tom' (Brak folderu w bazie)
[2026-08-06 10:30:52] [INFO] SYMULACJA POMINIĘCIE: 'WIERTLO POD KLAMKE D12x6 L6 PRAWE.tom' (Brak folderu w bazie)
[2026-08-06 10:30:52] [INFO] SYMULACJA POMINIĘCIE: 'BARTYN D20-D12-Z5.tom' (Brak folderu w bazie)
[2026-08-06 10:30:52] [INFO] SYMULACJA POMINIĘCIE: 'BARTYN D33-D25-Z5 ++.tom' (Brak folderu w bazie)
[2026-08-06 10:30:52] [INFO] SYMULACJA POMINIĘCIE: 'BARTYN D33-D25-Z5.tom' (Brak folderu w bazie)
[2026-08-06 10:30:52] [INFO] SYMULACJA POMINIĘCIE: 'BETULINA D31-D25-Z4.tom' (Brak folderu w bazie)
[2026-08-06 10:30:52] [INFO] SYMULACJA POMINIĘCIE: 'SWOSZ D27 D20 Z4.tom' (Brak folderu w bazie)
[2026-08-06 10:30:52] [INFO] SYMULACJA POMINIĘCIE: 'D8 Z1 FACETY.tom' (Brak folderu w bazie)
[2026-08-06 10:30:52] [INFO] SYMULACJA POMINIĘCIE: 'WELDON FLAT PSZ.tom' (Brak folderu w bazie)
[2026-08-06 10:30:52] [INFO] SYMULACJA POMINIĘCIE: 'WIERTLO 5 conR.tom' (Brak folderu w bazie)
[2026-08-06 10:30:52] [INFO] SYMULACJA POMINIĘCIE: 'Z1 FCT D5.tom' (Brak folderu w bazie)
[2026-08-06 10:30:52] [INFO] SYMULACJA POMINIĘCIE: ' D10 Z2 KULKA .tom' (Brak folderu w bazie)
[2026-08-06 10:30:52] [INFO] SYMULACJA POMINIĘCIE: ' D10 Z3 KULKA .tom' (Brak folderu w bazie)
[2026-08-06 10:30:52] [INFO] SYMULACJA POMINIĘCIE: ' D20 Z4 TEOWY HW.tom' (Brak folderu w bazie)
[2026-08-06 10:30:52] [INFO] SYMULACJA POMINIĘCIE: '5x13.065x16 KK .tom' (Brak folderu w bazie)
[2026-08-06 10:30:52] [INFO] SYMULACJA POMINIĘCIE: '749-1 klucze.tom' (Brak folderu w bazie)
[2026-08-06 10:30:52] [INFO] SYMULACJA POMINIĘCIE: '749-2 klucze.tom' (Brak folderu w bazie)
[2026-08-06 10:30:52] [INFO] SYMULACJA POMINIĘCIE: 'ALL WINDOWS WIERTLO Z4 6x12 KLAMKA TEST.tom' (Brak folderu w bazie)
[2026-08-06 10:30:52] [INFO] SYMULACJA POMINIĘCIE: 'ALL WINDOWS x2-alu D10 Z2 35stopni.tom' (Brak folderu w bazie)
[2026-08-06 10:30:52] [INFO] SYMULACJA POMINIĘCIE: 'AP kulka 4.05.tom' (Brak folderu w bazie)
[2026-08-06 10:30:52] [INFO] SYMULACJA POMINIĘCIE: 'AP rozwiertak 12.7.tom' (Brak folderu w bazie)
[2026-08-06 10:30:52] [INFO] SYMULACJA POMINIĘCIE: 'AP rozwiertak 15.88.tom' (Brak folderu w bazie)
[2026-08-06 10:30:52] [INFO] SYMULACJA POMINIĘCIE: 'AP rozwiertak 4,95.tom' (Brak folderu w bazie)
[2026-08-06 10:30:52] [INFO] SYMULACJA POMINIĘCIE: 'AP rozwiertak 5,95.tom' (Brak folderu w bazie)
[2026-08-06 10:30:52] [INFO] SYMULACJA POMINIĘCIE: 'AP rozwiertak 6,3 - 6.tom' (Brak folderu w bazie)
[2026-08-06 10:30:52] [INFO] SYMULACJA POMINIĘCIE: 'AP rozwiertak.tom' (Brak folderu w bazie)
[2026-08-06 10:30:52] [INFO] SYMULACJA POMINIĘCIE: 'bison test.tom' (Brak folderu w bazie)
[2026-08-06 10:30:52] [INFO] SYMULACJA POMINIĘCIE: 'cross section.tom' (Brak folderu w bazie)
[2026-08-06 10:30:52] [INFO] SYMULACJA POMINIĘCIE: 'czyszczarka.z5 d22 45st ostra.tom' (Brak folderu w bazie)
[2026-08-06 10:30:52] [INFO] SYMULACJA POMINIĘCIE: 'D10-L22-Z4-HW testy.tom' (Brak folderu w bazie)
[2026-08-06 10:30:52] [INFO] SYMULACJA POMINIĘCIE: 'D12 z4 testy.tom' (Brak folderu w bazie)
[2026-08-06 10:30:52] [INFO] SYMULACJA POMINIĘCIE: 'D12-L26-Z4 S4-1235 lamacz.tom' (Brak folderu w bazie)
[2026-08-06 10:30:52] [INFO] SYMULACJA POMINIĘCIE: 'D12-L26-Z4-HW testy.tom' (Brak folderu w bazie)
[2026-08-06 10:30:52] [INFO] SYMULACJA POMINIĘCIE: 'D130 Z58 AP.tom' (Brak folderu w bazie)
[2026-08-06 10:30:52] [INFO] SYMULACJA POMINIĘCIE: 'D16-Z3-PRAWO-LEWY.tom' (Brak folderu w bazie)
[2026-08-06 10:30:52] [INFO] SYMULACJA POMINIĘCIE: 'D20 Z2 KULKA LOLIPOP KK v1 .tom' (Brak folderu w bazie)
[2026-08-06 10:30:52] [INFO] SYMULACJA POMINIĘCIE: 'D20 Z3 KULKA LOLIPOP KK v2 .tom' (Brak folderu w bazie)
[2026-08-06 10:30:52] [INFO] SYMULACJA POMINIĘCIE: 'D4-Z2-PROSTY PRZESTAWIONY PRAWY.tom' (Brak folderu w bazie)
[2026-08-06 10:30:52] [INFO] SYMULACJA POMINIĘCIE: 'D5-Z1+1-PROSTY TESTY.tom' (Brak folderu w bazie)
[2026-08-06 10:30:52] [INFO] SYMULACJA POMINIĘCIE: 'D5-Z1+1-PROSTY.tom' (Brak folderu w bazie)
[2026-08-06 10:30:52] [INFO] SYMULACJA POMINIĘCIE: 'D5-Z1-PROSTY.tom' (Brak folderu w bazie)
[2026-08-06 10:30:52] [INFO] SYMULACJA POMINIĘCIE: 'D6 Z3 LEWY.tom' (Brak folderu w bazie)
[2026-08-06 10:30:52] [INFO] SYMULACJA POMINIĘCIE: 'D6 Z3 P.tom' (Brak folderu w bazie)
[2026-08-06 10:30:52] [INFO] SYMULACJA POMINIĘCIE: 'D6-L15-Z4 poprawa.tom' (Brak folderu w bazie)
[2026-08-06 10:30:52] [INFO] SYMULACJA POMINIĘCIE: 'DREW JAR -Z2+2 PP V1.tom' (Brak folderu w bazie)
[2026-08-06 10:30:52] [INFO] SYMULACJA POMINIĘCIE: 'DREW JAR -Z2+2 PP v2.tom' (Brak folderu w bazie)
[2026-08-06 10:30:52] [INFO] SYMULACJA POMINIĘCIE: 'DREW JAR -Z2+2 PP.tom' (Brak folderu w bazie)
[2026-08-06 10:30:52] [INFO] SYMULACJA POMINIĘCIE: 'DREWCO TEST Z3 DWA PROMIENIE.tom' (Brak folderu w bazie)
[2026-08-06 10:30:52] [INFO] SYMULACJA POMINIĘCIE: 'duipauddupa.tom' (Brak folderu w bazie)
[2026-08-06 10:30:52] [INFO] SYMULACJA POMINIĘCIE: 'dupa.tom' (Brak folderu w bazie)
[2026-08-06 10:30:52] [INFO] SYMULACJA POMINIĘCIE: 'Expres D36.6 prof.tom' (Brak folderu w bazie)
[2026-08-06 10:30:52] [INFO] SYMULACJA POMINIĘCIE: 'FILPLAST D7 z2.tom' (Brak folderu w bazie)
[2026-08-06 10:30:52] [INFO] SYMULACJA POMINIĘCIE: 'FREEZ.tom' (Brak folderu w bazie)
[2026-08-06 10:30:52] [INFO] SYMULACJA POMINIĘCIE: 'frez 2+2 40x25.tom' (Brak folderu w bazie)
[2026-08-06 10:30:52] [INFO] SYMULACJA POMINIĘCIE: 'frez 2+2 D12 L40x25.tom' (Brak folderu w bazie)
[2026-08-06 10:30:52] [INFO] SYMULACJA POMINIĘCIE: 'frez 3+3 D12 L40x25.tom' (Brak folderu w bazie)
[2026-08-06 10:30:52] [INFO] SYMULACJA POMINIĘCIE: 'FREZ D12-Z3+3 test.tom' (Brak folderu w bazie)
[2026-08-06 10:30:52] [INFO] SYMULACJA POMINIĘCIE: 'FREZ INTERPROGRESS D140 Z40 K45 AP.tom' (Brak folderu w bazie)
[2026-08-06 10:30:52] [INFO] SYMULACJA POMINIĘCIE: 'FREZ INTERPROGRESS D150 Z40 AP.tom' (Brak folderu w bazie)
[2026-08-06 10:30:52] [INFO] SYMULACJA POMINIĘCIE: 'Frez pianka K75.tom' (Brak folderu w bazie)
[2026-08-06 10:30:52] [INFO] SYMULACJA POMINIĘCIE: 'frez stozkowy 1x10 V2.tom' (Brak folderu w bazie)
[2026-08-06 10:30:52] [INFO] SYMULACJA POMINIĘCIE: 'frez stozkowy 1x10 V3.tom' (Brak folderu w bazie)
[2026-08-06 10:30:52] [INFO] SYMULACJA POMINIĘCIE: 'frez stozkowy 1x10.tom' (Brak folderu w bazie)
[2026-08-06 10:30:52] [INFO] SYMULACJA POMINIĘCIE: 'frez teowy PSzlemp D12 proisty.tom' (Brak folderu w bazie)
[2026-08-06 10:30:52] [INFO] SYMULACJA POMINIĘCIE: 'frez teowy PSzlemp D7 proisty.tom' (Brak folderu w bazie)
[2026-08-06 10:30:52] [INFO] SYMULACJA POMINIĘCIE: 'frez teowy PSzlemp D7.tom' (Brak folderu w bazie)
[2026-08-06 10:30:52] [INFO] SYMULACJA POMINIĘCIE: 'Frezwid D6 Z4 L v2.tom' (Brak folderu w bazie)
[2026-08-06 10:30:52] [INFO] SYMULACJA POMINIĘCIE: 'Frezwid D6 Z4 P v2.tom' (Brak folderu w bazie)
[2026-08-06 10:30:52] [INFO] SYMULACJA POMINIĘCIE: 'Frezwid D6 Z4 P.tom' (Brak folderu w bazie)
[2026-08-06 10:30:52] [INFO] SYMULACJA POMINIĘCIE: 'FREZWID FREZ 16 STOPNI.tom' (Brak folderu w bazie)
[2026-08-06 10:30:52] [INFO] SYMULACJA POMINIĘCIE: 'FREZWID FREZ 20 STOPNI.tom' (Brak folderu w bazie)
[2026-08-06 10:30:52] [INFO] SYMULACJA POMINIĘCIE: 'FREZWID frez profil r0.3.tom' (Brak folderu w bazie)
[2026-08-06 10:30:52] [INFO] SYMULACJA POMINIĘCIE: 'FREZWID WIERTLO Z4 6x10 PRAWE KLAMKA TEST.tom' (Brak folderu w bazie)
[2026-08-06 10:30:52] [INFO] SYMULACJA POMINIĘCIE: 'frezx z3 fi30.tom' (Brak folderu w bazie)
[2026-08-06 10:30:52] [INFO] SYMULACJA POMINIĘCIE: 'frezx z3 fi40.tom' (Brak folderu w bazie)
[2026-08-06 10:30:52] [INFO] SYMULACJA POMINIĘCIE: 'GROWINAR WIERTLO D14x10 poprawa .tom' (Brak folderu w bazie)
[2026-08-06 10:30:52] [INFO] SYMULACJA POMINIĘCIE: 'gwint OPP.tom' (Brak folderu w bazie)
[2026-08-06 10:30:52] [INFO] SYMULACJA POMINIĘCIE: 'KP KULA 11.8 lamacz.tom' (Brak folderu w bazie)
[2026-08-06 10:30:52] [INFO] SYMULACJA POMINIĘCIE: 'KP KULA D16 z lamaczem.tom' (Brak folderu w bazie)
[2026-08-06 10:30:52] [INFO] SYMULACJA POMINIĘCIE: 'KULKA LOLIPOP D20 Z2 spiralna.tom' (Brak folderu w bazie)
[2026-08-06 10:30:52] [INFO] SYMULACJA POMINIĘCIE: 'KULKA LOLIPOP D32.tom' (Brak folderu w bazie)
[2026-08-06 10:30:52] [INFO] SYMULACJA POMINIĘCIE: 'lolipop d12 test v1.tom' (Brak folderu w bazie)
[2026-08-06 10:30:52] [INFO] SYMULACJA POMINIĘCIE: 'lolipop d12 test v2.tom' (Brak folderu w bazie)
[2026-08-06 10:30:52] [INFO] SYMULACJA POMINIĘCIE: 'MB TRADING Noz D6 D0,5 L30 MIECZ LAMACZ 23.08.tom' (Brak folderu w bazie)
[2026-08-06 10:30:52] [INFO] SYMULACJA POMINIĘCIE: 'Mich pilka.tom' (Brak folderu w bazie)
[2026-08-06 10:30:52] [INFO] SYMULACJA POMINIĘCIE: 'narzedzie zagniartajace crimp tool D10.tom' (Brak folderu w bazie)
[2026-08-06 10:30:52] [INFO] SYMULACJA POMINIĘCIE: 'nOZ JEDNOSTRONNY POL MIECZA.tom' (Brak folderu w bazie)
[2026-08-06 10:30:52] [INFO] SYMULACJA POMINIĘCIE: 'pilka AP.tom' (Brak folderu w bazie)
[2026-08-06 10:30:52] [INFO] SYMULACJA POMINIĘCIE: 'PILKA DO KLUCZY D35 - 42 LEWA.tom' (Brak folderu w bazie)
[2026-08-06 10:30:52] [INFO] SYMULACJA POMINIĘCIE: 'PILKA DO KLUCZY D35 - 42 PRAWA.tom' (Brak folderu w bazie)
[2026-08-06 10:30:52] [INFO] SYMULACJA POMINIĘCIE: 'PILKA DREW-PROD-Z48-PRAWA.tom' (Brak folderu w bazie)
[2026-08-06 10:30:52] [INFO] SYMULACJA POMINIĘCIE: 'PP gwintownik d22.tom' (Brak folderu w bazie)
[2026-08-06 10:30:52] [INFO] SYMULACJA POMINIĘCIE: 'RS rozwiertak 5,01.tom' (Brak folderu w bazie)
[2026-08-06 10:30:52] [INFO] SYMULACJA POMINIĘCIE: 'SONDA ANCA.tom' (Brak folderu w bazie)
[2026-08-06 10:30:52] [INFO] SYMULACJA POMINIĘCIE: 'STOZEK 5X25 60ST.tom' (Brak folderu w bazie)
[2026-08-06 10:30:52] [INFO] SYMULACJA POMINIĘCIE: 'TEST GNIAZDA.tom' (Brak folderu w bazie)
[2026-08-06 10:30:52] [INFO] SYMULACJA POMINIĘCIE: 'test R0.5 D3.tom' (Brak folderu w bazie)
[2026-08-06 10:30:52] [INFO] SYMULACJA POMINIĘCIE: 'test10mm.tom' (Brak folderu w bazie)
[2026-08-06 10:30:52] [INFO] SYMULACJA POMINIĘCIE: 'TESTY D6-L13-Z3-lamacz.tom' (Brak folderu w bazie)
[2026-08-06 10:30:52] [INFO] SYMULACJA POMINIĘCIE: 'WIERTLO D14,5x13 L9,5 PRAWE.tom' (Brak folderu w bazie)
[2026-08-06 10:30:52] [INFO] SYMULACJA POMINIĘCIE: 'WIERTLO OSYLACYJNE D10.tom' (Brak folderu w bazie)
[2026-08-06 10:30:52] [INFO] SYMULACJA POMINIĘCIE: 'wiertlo pletwa d5x3.tom' (Brak folderu w bazie)
[2026-08-06 10:30:52] [INFO] SYMULACJA POMINIĘCIE: 'WIERTLO Z4 D6x10 lewe KLAMKA test.tom' (Brak folderu w bazie)
[2026-08-06 10:30:52] [INFO] SYMULACJA POMINIĘCIE: 'WIERTLO Z4 D6x10 PRAWE KLAMKA test.tom' (Brak folderu w bazie)
[2026-08-06 10:30:52] [INFO] SYMULACJA POMINIĘCIE: 'WIERTLO Z4 D6x12 PRAWE KLAMKA test.tom' (Brak folderu w bazie)
[2026-08-06 10:30:52] [INFO] SYMULACJA POMINIĘCIE: 'WIERTLO- D13-D7-L10-Z4  LEWE oprawa.tom' (Brak folderu w bazie)
[2026-08-06 10:30:52] [INFO] SYMULACJA POMINIĘCIE: 'WIERTLO-D6.5test3-promien gash.tom' (Brak folderu w bazie)
[2026-08-06 10:30:52] [INFO] SYMULACJA POMINIĘCIE: 'Wytaczak D6 x 1.5 L15 LEWE.tom' (Brak folderu w bazie)
[2026-08-06 10:30:52] [INFO] SYMULACJA POMINIĘCIE: 'Wytaczak D8 L2.5.tom' (Brak folderu w bazie)
[2026-08-06 10:30:52] [INFO] SYMULACJA POMINIĘCIE: 'Wytaczak trapezowy D10.5 L22 LEWE.tom' (Brak folderu w bazie)
[2026-08-06 10:30:52] [INFO] SYMULACJA POMINIĘCIE: 'Wytaczak trapezowy D9.5 L25 LEWE.tom' (Brak folderu w bazie)
[2026-08-06 10:30:52] [INFO] SYMULACJA POMINIĘCIE: 'xxxad.tom' (Brak folderu w bazie)
[2026-08-06 10:30:52] [INFO] SYMULACJA POMINIĘCIE: 'p1 przod.tom' (Brak folderu w bazie)
[2026-08-06 10:30:52] [INFO] SYMULACJA POMINIĘCIE: 'p2 tyl.tom' (Brak folderu w bazie)
[2026-08-06 10:30:52] [INFO] SYMULACJA POMINIĘCIE: 'D10-L60-NOZYK DO GUMY V2.tom' (Brak folderu w bazie)
[2026-08-06 10:30:52] [INFO] SYMULACJA POMINIĘCIE: 'D10-L60-NOZYK DO GUMY V3.tom' (Brak folderu w bazie)
[2026-08-06 10:30:52] [INFO] SYMULACJA POMINIĘCIE: 'D10-L60-NOZYK DO GUMY.tom' (Brak folderu w bazie)
[2026-08-06 10:30:52] [INFO] SYMULACJA POMINIĘCIE: 'DRUTEX D5 L25 Z1 HW O1-ALU SPIRALA 20.tom' (Brak folderu w bazie)
[2026-08-06 10:30:52] [INFO] SYMULACJA POMINIĘCIE: 'DRUTEX D5 L25 Z1 HW O1-ALU SPIRALA 25.tom' (Brak folderu w bazie)
[2026-08-06 10:30:52] [INFO] SYMULACJA POMINIĘCIE: 'DRUTEX D5 L25 Z1 HW O1-ALU.tom' (Brak folderu w bazie)
[2026-08-06 10:30:52] [INFO] SYMULACJA POMINIĘCIE: 'NIDEC Z16 D40 naprzemian.tom' (Brak folderu w bazie)
[2026-08-06 10:30:52] [INFO] SYMULACJA POMINIĘCIE: ' D2 Z2 KULKA KK .tom' (Brak folderu w bazie)
[2026-08-06 10:30:52] [INFO] SYMULACJA POMINIĘCIE: ' D2 Z2 KULKA KK v2 .tom' (Brak folderu w bazie)
[2026-08-06 10:30:52] [INFO] SYMULACJA POMINIĘCIE: ' D2 Z2 KULKA KK v3 .tom' (Brak folderu w bazie)
[2026-08-06 10:30:52] [INFO] SYMULACJA POMINIĘCIE: 'D12 Z3 fazyNegatyw.tom' (Brak folderu w bazie)
[2026-08-06 10:30:52] [INFO] SYMULACJA POMINIĘCIE: 'D16 R4.6 swid.tom' (Brak folderu w bazie)
[2026-08-06 10:30:52] [INFO] SYMULACJA POMINIĘCIE: 'D16 Z2  R4 R3.5 PRAWE.tom' (Brak folderu w bazie)
[2026-08-06 10:30:52] [INFO] SYMULACJA POMINIĘCIE: 'D16 Z3 PROF PRAWE.tom' (Brak folderu w bazie)
[2026-08-06 10:30:52] [INFO] SYMULACJA POMINIĘCIE: 'D25 R2 swid.tom' (Brak folderu w bazie)
[2026-08-06 10:30:52] [INFO] SYMULACJA POMINIĘCIE: 'D25.tom' (Brak folderu w bazie)
[2026-08-06 10:30:52] [INFO] SYMULACJA POMINIĘCIE: 'D3 Z4.tom' (Brak folderu w bazie)
[2026-08-06 10:30:52] [INFO] SYMULACJA POMINIĘCIE: 'D6 L17 Z1 PrawoLewy .tom' (Brak folderu w bazie)
[2026-08-06 10:30:52] [INFO] SYMULACJA POMINIĘCIE: 'D6 L17 Z1 PrawoLewy S40 .tom' (Brak folderu w bazie)
[2026-08-06 10:30:52] [INFO] SYMULACJA POMINIĘCIE: 'D6 L17 Z1 PrawoLewy S50 .tom' (Brak folderu w bazie)
[2026-08-06 10:30:52] [INFO] SYMULACJA POMINIĘCIE: 'D6 Z1+1 L17+4.5 .tom' (Brak folderu w bazie)
[2026-08-06 10:30:52] [INFO] SYMULACJA POMINIĘCIE: 'D6 Z1+1 L17+4.5 v2 .tom' (Brak folderu w bazie)
[2026-08-06 10:30:52] [INFO] SYMULACJA POMINIĘCIE: 'D6 Z1+1 L17+4.5 v3 .tom' (Brak folderu w bazie)
[2026-08-06 10:30:52] [INFO] SYMULACJA POMINIĘCIE: 'dsad.tom' (Brak folderu w bazie)
[2026-08-06 10:30:52] [INFO] SYMULACJA POMINIĘCIE: 'f3 XL z=4 V2tomkowa.tom' (Brak folderu w bazie)
[2026-08-06 10:30:52] [INFO] SYMULACJA POMINIĘCIE: 'f3 XL z=4.tom' (Brak folderu w bazie)
[2026-08-06 10:30:52] [INFO] SYMULACJA POMINIĘCIE: 'fazownik D25 x d4 Z3 K90.tom' (Brak folderu w bazie)
[2026-08-06 10:30:52] [INFO] SYMULACJA POMINIĘCIE: 'fazownik z2 D10 R5.tom' (Brak folderu w bazie)
[2026-08-06 10:30:52] [INFO] SYMULACJA POMINIĘCIE: 'FREZ D12 Z2+2 L15X60.tom' (Brak folderu w bazie)
[2026-08-06 10:30:52] [INFO] SYMULACJA POMINIĘCIE: 'FREZ D16 L15 Z3.tom' (Brak folderu w bazie)
[2026-08-06 10:30:52] [INFO] SYMULACJA POMINIĘCIE: 'Frez d25 R13.14 do 90st.tom' (Brak folderu w bazie)
[2026-08-06 10:30:52] [INFO] SYMULACJA POMINIĘCIE: 'Frez d25 R13.14 poprawiony.tom' (Brak folderu w bazie)
[2026-08-06 10:30:52] [INFO] SYMULACJA POMINIĘCIE: 'Frez d25 R13.14.tom' (Brak folderu w bazie)
[2026-08-06 10:30:52] [INFO] SYMULACJA POMINIĘCIE: 'FREZ FAZA Z PROMIENIAMI R5 R2 .tom' (Brak folderu w bazie)
[2026-08-06 10:30:52] [INFO] SYMULACJA POMINIĘCIE: 'FREZ FAZA Z PROMIENIAMI Z4 R5 R2  .tom' (Brak folderu w bazie)
[2026-08-06 10:30:52] [INFO] SYMULACJA POMINIĘCIE: 'Frez R4 R4.tom' (Brak folderu w bazie)
[2026-08-06 10:30:52] [INFO] SYMULACJA POMINIĘCIE: 'Frez z4 R508.tom' (Brak folderu w bazie)
[2026-08-06 10:30:52] [INFO] SYMULACJA POMINIĘCIE: 'Grawer D6.tom' (Brak folderu w bazie)
[2026-08-06 10:30:52] [INFO] SYMULACJA POMINIĘCIE: 'Grawer test.tom' (Brak folderu w bazie)
[2026-08-06 10:30:52] [INFO] SYMULACJA POMINIĘCIE: 'kompensacyjny z pakietu.tom' (Brak folderu w bazie)
[2026-08-06 10:30:52] [INFO] SYMULACJA POMINIĘCIE: 'KrysteK Wiertlo czub.tom' (Brak folderu w bazie)
[2026-08-06 10:30:52] [INFO] SYMULACJA POMINIĘCIE: 'Nozyk 2.5 k30.tom' (Brak folderu w bazie)
[2026-08-06 10:30:52] [INFO] SYMULACJA POMINIĘCIE: 'nozyk.tom' (Brak folderu w bazie)
[2026-08-06 10:30:52] [INFO] SYMULACJA POMINIĘCIE: 'prf1 krzak.tom' (Brak folderu w bazie)
[2026-08-06 10:30:52] [INFO] SYMULACJA POMINIĘCIE: 'Teowy 60st.tom' (Brak folderu w bazie)
[2026-08-06 10:30:52] [INFO] SYMULACJA POMINIĘCIE: 'wałek testoyw.tom' (Brak folderu w bazie)
[2026-08-06 10:30:52] [INFO] SYMULACJA POMINIĘCIE: 'Wiertlo 15.5 z katem wstecznym.tom' (Brak folderu w bazie)
[2026-08-06 10:30:52] [INFO] SYMULACJA POMINIĘCIE: 'Wiertlo 8.4 x 20.tom' (Brak folderu w bazie)
[2026-08-06 10:30:52] [INFO] SYMULACJA POMINIĘCIE: 'Wiertlo bez czola z3 d4.35 x d8.tom' (Brak folderu w bazie)
[2026-08-06 10:30:52] [INFO] SYMULACJA POMINIĘCIE: 'WIERTLO D13 L49 proste.tom' (Brak folderu w bazie)
[2026-08-06 10:30:52] [INFO] SYMULACJA POMINIĘCIE: 'WIERTLO D14 L25 proste.tom' (Brak folderu w bazie)
[2026-08-06 10:30:52] [INFO] SYMULACJA POMINIĘCIE: 'WIERTLO D6.1 L59 90st.tom' (Brak folderu w bazie)
[2026-08-06 10:30:52] [INFO] SYMULACJA POMINIĘCIE: 'Wiertlo D8 D12 K120.tom' (Brak folderu w bazie)
[2026-08-06 10:30:52] [INFO] SYMULACJA POMINIĘCIE: 'Wiertlo D8.5xD12 K90 v2 .tom' (Brak folderu w bazie)
[2026-08-06 10:30:52] [INFO] SYMULACJA POMINIĘCIE: 'Wiertlo D8.5xD12 K90.tom' (Brak folderu w bazie)
[2026-08-06 10:30:52] [INFO] SYMULACJA POMINIĘCIE: 'Wiertlo palskie czolo z3 d6xd7.25.tom' (Brak folderu w bazie)
[2026-08-06 10:30:52] [INFO] SYMULACJA POMINIĘCIE: 'Wiertlo plaskie D14 L10 v2 glebsza.tom' (Brak folderu w bazie)
[2026-08-06 10:30:52] [INFO] SYMULACJA POMINIĘCIE: 'Wiertlo plaskie D14 L10.tom' (Brak folderu w bazie)
[2026-08-06 10:30:52] [INFO] SYMULACJA POMINIĘCIE: 'WstecznyR1.5 D 9.4.tom' (Brak folderu w bazie)
[2026-08-06 10:30:52] [INFO] SYMULACJA POMINIĘCIE: 'Frez teowy 19.05 V2.tom' (Brak folderu w bazie)
[2026-08-06 10:30:52] [INFO] SYMULACJA POMINIĘCIE: 'Frez teowy 19.05.tom' (Brak folderu w bazie)
[2026-08-06 10:30:52] [INFO] SYMULACJA POMINIĘCIE: 'PEEL EDITOR.tom' (Brak folderu w bazie)
[2026-08-06 10:30:52] [INFO] SYMULACJA POMINIĘCIE: 'S4-ST D10 weldon do symulacji wywazenia.tom' (Brak folderu w bazie)
[2026-08-06 10:30:52] [INFO] SYMULACJA POMINIĘCIE: 'D10 L25 Z3 A3-1025 08.07.24.tom' (Brak folderu w bazie)
[2026-08-06 10:30:52] [INFO] SYMULACJA POMINIĘCIE: 'D10-L22-Z4-HW.tom' (Brak folderu w bazie)
[2026-08-06 10:30:52] [INFO] SYMULACJA POMINIĘCIE: 'D12 L28 Z3 A3-1236 V5 19.06.24.tom' (Brak folderu w bazie)
[2026-08-06 10:30:52] [INFO] SYMULACJA POMINIĘCIE: 'D12-L26-Z4 S4-1235.tom' (Brak folderu w bazie)
[2026-08-06 10:30:52] [INFO] SYMULACJA POMINIĘCIE: 'D12-Z2-PROSTY PRZESTAWIONY-DRUTEX.tom' (Brak folderu w bazie)
[2026-08-06 10:30:52] [INFO] SYMULACJA POMINIĘCIE: 'D14 L32 Z3 A3-1432 09.07.24 TEST DLA KP.tom' (Brak folderu w bazie)
[2026-08-06 10:30:52] [INFO] SYMULACJA POMINIĘCIE: 'D16 L35 Z3 A3-1635 10.07.24.tom' (Brak folderu w bazie)
[2026-08-06 10:30:52] [INFO] SYMULACJA POMINIĘCIE: 'D16-L32-Z4-HW S4-1632.tom' (Brak folderu w bazie)
[2026-08-06 10:30:52] [INFO] SYMULACJA POMINIĘCIE: 'D4 L13 Z3 A3-413 26.06.24.tom' (Brak folderu w bazie)
[2026-08-06 10:30:52] [INFO] SYMULACJA POMINIĘCIE: 'D4-L11-Z4 S4-418.tom' (Brak folderu w bazie)
[2026-08-06 10:30:52] [INFO] SYMULACJA POMINIĘCIE: 'D4-L12-Z4 S4-418 walek d4.tom' (Brak folderu w bazie)
[2026-08-06 10:30:52] [INFO] SYMULACJA POMINIĘCIE: 'D4-L20-Z1-HS-NA 80-SKLEP.tom' (Brak folderu w bazie)
[2026-08-06 10:30:52] [INFO] SYMULACJA POMINIĘCIE: 'D5 L15 Z3 A3-515 04.07.24.tom' (Brak folderu w bazie)
[2026-08-06 10:30:52] [INFO] SYMULACJA POMINIĘCIE: 'D5-L12-Z4 S4-518.tom' (Brak folderu w bazie)
[2026-08-06 10:30:52] [INFO] SYMULACJA POMINIĘCIE: 'D5-L13-Z4 S4-519.tom' (Brak folderu w bazie)
[2026-08-06 10:30:52] [INFO] SYMULACJA POMINIĘCIE: 'D5-Z1-15x60-DRUTEX.tom' (Brak folderu w bazie)
[2026-08-06 10:30:53] [INFO] SYMULACJA POMINIĘCIE: 'D6 L16 Z3 A3-616 05.07.24.tom' (Brak folderu w bazie)
[2026-08-06 10:30:53] [INFO] SYMULACJA POMINIĘCIE: 'D6-L13-Z4 S4-6200.tom' (Brak folderu w bazie)
[2026-08-06 10:30:53] [INFO] SYMULACJA POMINIĘCIE: 'D8 L22 Z3 A3-822 19.06.24.tom' (Brak folderu w bazie)
[2026-08-06 10:30:53] [INFO] SYMULACJA POMINIĘCIE: 'D8-L19-Z4-HW.tom' (Brak folderu w bazie)
[2026-08-06 10:30:53] [INFO] SYMULACJA POMINIĘCIE: 'DRUTEX D4 Z1 - A1 425 sklep poprawiony.tom' (Brak folderu w bazie)
[2026-08-06 10:30:53] [INFO] SYMULACJA OK: 'FREZWID(SKLEP) D5 L30 PRAWE JW.tom' zakwalifikowany do 'BST-1 FREZWID'
[2026-08-06 10:30:53] [INFO] SYMULACJA POMINIĘCIE: 'WIERTLO POD KLAMKE D10-PILOT 6NA6 PRAWE.tom' (Brak folderu w bazie)
[2026-08-06 10:30:53] [INFO] SYMULACJA POMINIĘCIE: 'WIERTLO POD KLAMKE D12x6 L6 PRAWE.tom' (Brak folderu w bazie)
[2026-08-06 10:30:53] [INFO] SYMULACJA POMINIĘCIE: 'WIERTLO POD KLAMKE-D12-PILOT 6NA6-LEWE.tom' (Brak folderu w bazie)
[2026-08-06 10:30:53] [INFO] SYMULACJA POMINIĘCIE: 'CZOLO NIEPRZELOTOWE.tom' (Brak folderu w bazie)
[2026-08-06 10:30:53] [INFO] SYMULACJA POMINIĘCIE: 'PRO TECH WIERTLO D7x4.5 K180.tom' (Brak folderu w bazie)
[2026-08-06 10:30:53] [INFO] SYMULACJA POMINIĘCIE: 'ALPHA TECHNOLOGY WIERTLO D10x6.8 L36 K135.tom' (Brak folderu w bazie)
[2026-08-06 10:30:53] [INFO] SYMULACJA POMINIĘCIE: 'ALURON WIERTLO D6x10 .tom' (Brak folderu w bazie)
[2026-08-06 10:30:53] [INFO] SYMULACJA POMINIĘCIE: 'BALERINA SIA WIERTLO Z4 6x10 KLAMKA.tom' (Brak folderu w bazie)
[2026-08-06 10:30:53] [INFO] SYMULACJA POMINIĘCIE: 'BALTICA SYSTEM WIERTLO D6.5x10 L6.5 .tom' (Brak folderu w bazie)
[2026-08-06 10:30:53] [INFO] SYMULACJA POMINIĘCIE: 'BERTRAND D10 L50-LEWE-BEZ PILOTA.tom' (Brak folderu w bazie)
[2026-08-06 10:30:53] [INFO] SYMULACJA POMINIĘCIE: 'COMATIC D10x8.5 Z4 135 st.tom' (Brak folderu w bazie)
[2026-08-06 10:30:53] [INFO] SYMULACJA POMINIĘCIE: 'COMATIC WIERTLO D10x6.8 L36 .tom' (Brak folderu w bazie)
[2026-08-06 10:30:53] [INFO] SYMULACJA POMINIĘCIE: 'DE-MA D10 L80-LEWE-BEZ PILOTA.tom' (Brak folderu w bazie)
[2026-08-06 10:30:53] [INFO] SYMULACJA POMINIĘCIE: 'DOM-EL D10 L60-LEWE-BEZ PILOTA.tom' (Brak folderu w bazie)
[2026-08-06 10:30:53] [INFO] SYMULACJA POMINIĘCIE: 'DREKON WIERTLO D10X2.5 90st.tom' (Brak folderu w bazie)
[2026-08-06 10:30:53] [INFO] SYMULACJA POMINIĘCIE: 'ELZBIECIAK D10 L30 NIEPRZELOTOWE lewe.tom' (Brak folderu w bazie)
[2026-08-06 10:30:53] [INFO] SYMULACJA POMINIĘCIE: 'ELZBIECIAK D10 L30 NIEPRZELOTOWE.tom' (Brak folderu w bazie)
[2026-08-06 10:30:53] [INFO] SYMULACJA POMINIĘCIE: 'EUROKLIM D10 L40 PRAWE-BEZ PILOTA.tom' (Brak folderu w bazie)
[2026-08-06 10:30:53] [INFO] SYMULACJA POMINIĘCIE: 'FAKRO WIERTLO D10X4 120st.tom' (Brak folderu w bazie)
[2026-08-06 10:30:53] [INFO] SYMULACJA POMINIĘCIE: 'FARO D3,5x16 K60 PRZELOTOWE.tom' (Brak folderu w bazie)
[2026-08-06 10:30:53] [INFO] SYMULACJA POMINIĘCIE: 'FARO D4x10 L21,5x10 PRZELOTOWE lewe.tom' (Brak folderu w bazie)
[2026-08-06 10:30:53] [INFO] SYMULACJA POMINIĘCIE: 'FARO D4x10 L21,5x10 PRZELOTOWE.tom' (Brak folderu w bazie)
[2026-08-06 10:30:53] [INFO] SYMULACJA POMINIĘCIE: 'FOLMAX D10 L80-LEWE-BEZ PILOTA.tom' (Brak folderu w bazie)
[2026-08-06 10:30:53] [INFO] SYMULACJA POMINIĘCIE: 'FREZWID WIERTLO Z4 6x10 KLAMKA LEWE.tom' (Brak folderu w bazie)
[2026-08-06 10:30:53] [INFO] SYMULACJA POMINIĘCIE: 'FREZWID WIERTLO Z4 6x10 LEWE KLAMKA.tom' (Brak folderu w bazie)
[2026-08-06 10:30:53] [INFO] SYMULACJA POMINIĘCIE: 'FREZWID WIERTLO Z4 6x10 PRAWE KLAMKA.tom' (Brak folderu w bazie)
[2026-08-06 10:30:53] [INFO] SYMULACJA POMINIĘCIE: 'INTERMASZ DLA KRZYNOWEK D10 L80 NIEPRZELOTOWE.tom' (Brak folderu w bazie)
[2026-08-06 10:30:53] [INFO] SYMULACJA POMINIĘCIE: 'KLAKLA D10 L100 PROSTE.tom' (Brak folderu w bazie)
[2026-08-06 10:30:53] [INFO] SYMULACJA POMINIĘCIE: 'KORZEKWA D10 L60 NIEPRZELOTOWE LEWE.tom' (Brak folderu w bazie)
[2026-08-06 10:30:53] [INFO] SYMULACJA POMINIĘCIE: 'KORZEKWA D10 L60 NIEPRZELOTOWE PRAWE.tom' (Brak folderu w bazie)
[2026-08-06 10:30:53] [INFO] SYMULACJA POMINIĘCIE: 'LTINTUS WIERTLO Z4 D6x10 L5x80 PRAWE KLAMKA.tom' (Brak folderu w bazie)
[2026-08-06 10:30:53] [INFO] SYMULACJA POMINIĘCIE: 'LTINTUYS WIERTLO Z4 D6x10 L5X80 KLAMKA LEWE.tom' (Brak folderu w bazie)
[2026-08-06 10:30:53] [INFO] SYMULACJA POMINIĘCIE: 'LUPOL D10 L80 NIEPRZELOTOWE.tom' (Brak folderu w bazie)
[2026-08-06 10:30:53] [INFO] SYMULACJA POMINIĘCIE: 'MIKINKA D10.1- PRAWE-NIEPRZELOTOWE.tom' (Brak folderu w bazie)
[2026-08-06 10:30:53] [INFO] SYMULACJA POMINIĘCIE: 'NOWY STYL WIERTLO D6x10 60st.tom' (Brak folderu w bazie)
[2026-08-06 10:30:53] [INFO] SYMULACJA POMINIĘCIE: 'OKNOPLAST WIERTLO  D10x6 L6 LEWE.tom' (Brak folderu w bazie)
[2026-08-06 10:30:53] [INFO] SYMULACJA POMINIĘCIE: 'PAGEN WIERTLO D10X6 LEWE KLAMKA.tom' (Brak folderu w bazie)
[2026-08-06 10:30:53] [INFO] SYMULACJA POMINIĘCIE: 'PETECKI D10 L50-PRAWE-BEZ PILOTA.tom' (Brak folderu w bazie)
[2026-08-06 10:30:53] [INFO] SYMULACJA POMINIĘCIE: 'PPHU FOLMAX WIERTLO  D10x6 L6 LEWE.tom' (Brak folderu w bazie)
[2026-08-06 10:30:53] [INFO] SYMULACJA POMINIĘCIE: 'PRO TECH D20x12 L15x35 PRZELOTOWE 60 ST.tom' (Brak folderu w bazie)
[2026-08-06 10:30:53] [INFO] SYMULACJA POMINIĘCIE: 'PRO TECH D20x12,5 L15x35 PRZELOTOWE 60 ST.tom' (Brak folderu w bazie)
[2026-08-06 10:30:53] [INFO] SYMULACJA POMINIĘCIE: 'PRO TECH D20x8 L20x30 PRZELOTOWE 60 ST.tom' (Brak folderu w bazie)
[2026-08-06 10:30:53] [INFO] SYMULACJA POMINIĘCIE: 'PRO-TECH D10X4.5 K120.tom' (Brak folderu w bazie)
[2026-08-06 10:30:53] [INFO] SYMULACJA POMINIĘCIE: 'PRO-TECH D10x7.2x4.5 K120.tom' (Brak folderu w bazie)
[2026-08-06 10:30:53] [INFO] SYMULACJA POMINIĘCIE: 'PRO-TECH POGLEBIACZ D10 L15 NIEPRZELOTOWE pod wiertlo.tom' (Brak folderu w bazie)
[2026-08-06 10:30:53] [INFO] SYMULACJA POMINIĘCIE: 'stolmach D10.1x16 PRZELOTOWE lewe60st.tom' (Brak folderu w bazie)
[2026-08-06 10:30:53] [INFO] SYMULACJA POMINIĘCIE: 'TECHNO ROM TOOLS D10-PILOT 6NA6 PRAWE.tom' (Brak folderu w bazie)
[2026-08-06 10:30:53] [INFO] SYMULACJA POMINIĘCIE: 'TEHNO ROM TOOLS WIERTLO D10x6 L6 PRAWE.tom' (Brak folderu w bazie)
[2026-08-06 10:30:53] [INFO] SYMULACJA POMINIĘCIE: 'TIMBERPLUS WIERTŁO D10 L115.tom' (Brak folderu w bazie)
[2026-08-06 10:30:53] [INFO] SYMULACJA POMINIĘCIE: 'TOMBUD D10X6 PRZELOTOWE 60st LEWE.tom' (Brak folderu w bazie)
[2026-08-06 10:30:53] [INFO] SYMULACJA POMINIĘCIE: 'TOMBUD D10X6 PRZELOTOWE 60st.tom' (Brak folderu w bazie)
[2026-08-06 10:30:53] [INFO] SYMULACJA POMINIĘCIE: 'WALDEMARO WIERTLO D10X6 PRAWE KLAMKA.tom' (Brak folderu w bazie)
[2026-08-06 10:30:53] [INFO] SYMULACJA POMINIĘCIE: 'WEKTOR Wiertlo D10 K120.tom' (Brak folderu w bazie)
[2026-08-06 10:30:53] [INFO] SYMULACJA POMINIĘCIE: 'ALPINA FIRE WIERTLO D11.5x6 L6 PRAWE.tom' (Brak folderu w bazie)
[2026-08-06 10:30:53] [INFO] SYMULACJA POMINIĘCIE: 'ALU-HOUSE WIERTLO STOP D6X11.5 HSS.tom' (Brak folderu w bazie)
[2026-08-06 10:30:53] [INFO] SYMULACJA POMINIĘCIE: 'ALU-HOUSE WIERTLO STOP D6X11.5.tom' (Brak folderu w bazie)
[2026-08-06 10:30:53] [INFO] SYMULACJA POMINIĘCIE: 'GAMAD WIERTLO D11 NIEPRZELOTOWE BEZ nacinakow.tom' (Brak folderu w bazie)
[2026-08-06 10:30:53] [INFO] SYMULACJA POMINIĘCIE: 'GT TOOLS D9,5x11 L38 NIEPRZELOTOWE.tom' (Brak folderu w bazie)
[2026-08-06 10:30:53] [INFO] SYMULACJA POMINIĘCIE: 'KM-OKNO WIERTLO D11x5,5 L6,5 LEWE.tom' (Brak folderu w bazie)
[2026-08-06 10:30:53] [INFO] SYMULACJA POMINIĘCIE: 'KS SYSTEMS wiertlo D11.9X6.5 z gotowego.tom' (Brak folderu w bazie)
[2026-08-06 10:30:53] [INFO] SYMULACJA POMINIĘCIE: 'PRESTIGE WIERTLO D11X6 L8.5 PRAWE KLAMKOWE.tom' (Brak folderu w bazie)
[2026-08-06 10:30:53] [INFO] SYMULACJA POMINIĘCIE: 'TELMEX WIERTLO D9.5x11.5.tom' (Brak folderu w bazie)
[2026-08-06 10:30:53] [INFO] SYMULACJA POMINIĘCIE: 'TOMBUD WIERTLO D11X6 L8.5 PRAWE KLAMKOWE.tom' (Brak folderu w bazie)
[2026-08-06 10:30:53] [INFO] SYMULACJA POMINIĘCIE: 'TOMBUD WIERTLO D11x6 splaszczenie.tom' (Brak folderu w bazie)
[2026-08-06 10:30:53] [INFO] SYMULACJA POMINIĘCIE: 'ALUMNI SRL WIERTLO D12x5.5 PRAWE K60.tom' (Brak folderu w bazie)
[2026-08-06 10:30:53] [INFO] SYMULACJA POMINIĘCIE: 'BALERINA SIA WIERTLO Z4 6x12 KLAMKA LEWE.tom' (Brak folderu w bazie)
[2026-08-06 10:30:53] [INFO] SYMULACJA POMINIĘCIE: 'BALERINA SIA WIERTLO Z4 6x12 KLAMKA.tom' (Brak folderu w bazie)
[2026-08-06 10:30:53] [INFO] SYMULACJA POMINIĘCIE: 'BAROCKA WIERTLO D12.8x7 PRAWE NIEPRZELOTOWE.tom' (Brak folderu w bazie)
[2026-08-06 10:30:53] [INFO] SYMULACJA POMINIĘCIE: 'D12-NIEPRZELOTOWE-lewe.tom' (Brak folderu w bazie)
[2026-08-06 10:30:53] [INFO] SYMULACJA POMINIĘCIE: 'D12-NIEPRZELOTOWE-PRAWE.tom' (Brak folderu w bazie)
[2026-08-06 10:30:53] [INFO] SYMULACJA POMINIĘCIE: 'DE-MA D12 L80-PRAWE-BEZ PILOTA.tom' (Brak folderu w bazie)
[2026-08-06 10:30:53] [INFO] SYMULACJA POMINIĘCIE: 'DOM-EL D12 L60-PRAWE-BEZ PILOTA.tom' (Brak folderu w bazie)
[2026-08-06 10:30:53] [INFO] SYMULACJA POMINIĘCIE: 'ENDGRAIN WIERTLO D12x10.5 NIEPRZELOTOWE.tom' (Brak folderu w bazie)
[2026-08-06 10:30:53] [INFO] SYMULACJA POMINIĘCIE: 'EUROKLIM D12 L40-LEWE-BEZ PILOTA.tom' (Brak folderu w bazie)
[2026-08-06 10:30:53] [INFO] SYMULACJA POMINIĘCIE: 'FARO D12 L70 NIEPRZELOTOWE.tom' (Brak folderu w bazie)
[2026-08-06 10:30:53] [INFO] SYMULACJA POMINIĘCIE: 'FARO D12,5 L110 NIEPRZELOTOWE.tom' (Brak folderu w bazie)
[2026-08-06 10:30:53] [INFO] SYMULACJA POMINIĘCIE: 'FARO D12,5-NIEPRZELOTOWE-PRAWE.tom' (Brak folderu w bazie)
[2026-08-06 10:30:53] [INFO] SYMULACJA POMINIĘCIE: 'FARO D12x10.5 L15,5x59,5 NIEPRZELOTOWE.tom' (Brak folderu w bazie)
[2026-08-06 10:30:53] [INFO] SYMULACJA POMINIĘCIE: 'FARO D12x10.5 L18,5x56,5 NIEPRZELOTOWE.tom' (Brak folderu w bazie)
[2026-08-06 10:30:53] [INFO] SYMULACJA POMINIĘCIE: 'FOLMAX D12 L80-LEWE-BEZ PILOTA.tom' (Brak folderu w bazie)
[2026-08-06 10:30:53] [INFO] SYMULACJA POMINIĘCIE: 'FOLMAX D12 L80-PRAWE-BEZ PILOTA.tom' (Brak folderu w bazie)
[2026-08-06 10:30:53] [INFO] SYMULACJA POMINIĘCIE: 'FREZWID WIERTLO Z4 6x12 KLAMKA PRAWE.tom' (Brak folderu w bazie)
[2026-08-06 10:30:53] [INFO] SYMULACJA POMINIĘCIE: 'KM-OKNO WIERTLO D12x5,5 L8,5 PRAWE.tom' (Brak folderu w bazie)
[2026-08-06 10:30:53] [INFO] SYMULACJA POMINIĘCIE: 'LESZEK JURKOWSKI D12x9x8 l20x13x52 WIERTLO HSS.tom' (Brak folderu w bazie)
[2026-08-06 10:30:53] [INFO] SYMULACJA POMINIĘCIE: 'LINETY ANDRZEJ WIERTŁO D12 L100 K60.tom' (Brak folderu w bazie)
[2026-08-06 10:30:53] [INFO] SYMULACJA POMINIĘCIE: 'LTINTUS WIERTLO Z4 D6x12 L5x80 KLAMKA LEWE.tom' (Brak folderu w bazie)
[2026-08-06 10:30:53] [INFO] SYMULACJA POMINIĘCIE: 'LTINTUS WIERTLO Z4 D6x12 L5x80 KLAMKA PRAWE.tom' (Brak folderu w bazie)
[2026-08-06 10:30:53] [INFO] SYMULACJA POMINIĘCIE: 'MOZDZEN D12 L70 NIEPRZELOTOWE.tom' (Brak folderu w bazie)
[2026-08-06 10:30:53] [INFO] SYMULACJA POMINIĘCIE: 'MTEHNIK WIERTLO D12x6x6 L50-LEWE.tom' (Brak folderu w bazie)
[2026-08-06 10:30:53] [INFO] SYMULACJA POMINIĘCIE: 'PIKUSA MAREK Z2 D22.2 L30.7 KRZYZYK.tom' (Brak folderu w bazie)
[2026-08-06 10:30:53] [INFO] SYMULACJA POMINIĘCIE: 'POLICA D5,7x12 L25x15 PRZELOTOWE.tom' (Brak folderu w bazie)
[2026-08-06 10:30:53] [INFO] SYMULACJA POMINIĘCIE: 'PPHU FOLMAX WIERTLO D12x6 L6 PRAWE.tom' (Brak folderu w bazie)
[2026-08-06 10:30:53] [INFO] SYMULACJA POMINIĘCIE: 'PRO-TECH NIEPRZELOTOWE D12X8.tom' (Brak folderu w bazie)
[2026-08-06 10:30:53] [INFO] SYMULACJA POMINIĘCIE: 'RAFF WIERTLO D12x9 PRAWE NIEPRZELOTOWE.tom' (Brak folderu w bazie)
[2026-08-06 10:30:53] [INFO] SYMULACJA POMINIĘCIE: 'STOLMACH D12.4x8.5 PRAWE NIEPRZELOTOWE.tom' (Brak folderu w bazie)
[2026-08-06 10:30:53] [INFO] SYMULACJA POMINIĘCIE: 'STOLMACH WIERTLO D12x8x3.nieprzelotowe HSStom.tom' (Brak folderu w bazie)
[2026-08-06 10:30:53] [INFO] SYMULACJA POMINIĘCIE: 'techno rom tools D12X6 L6 KLAMKA lewe.tom' (Brak folderu w bazie)
[2026-08-06 10:30:53] [INFO] SYMULACJA POMINIĘCIE: 'TECHNO ROM TOOLS KLAMKA D12X6 LEWE.tom' (Brak folderu w bazie)
[2026-08-06 10:30:53] [INFO] SYMULACJA POMINIĘCIE: 'TECHNO ROM TOOLS KLAMKA D12X6.tom' (Brak folderu w bazie)
[2026-08-06 10:30:53] [INFO] SYMULACJA POMINIĘCIE: 'TEHNO ROM TOOLS WIERTLO D12x6 L6 LEWE.tom' (Brak folderu w bazie)
[2026-08-06 10:30:53] [INFO] SYMULACJA POMINIĘCIE: 'WIERTLO D12-PRAWE-BEZ PILOTA.tom' (Brak folderu w bazie)
[2026-08-06 10:30:53] [INFO] SYMULACJA POMINIĘCIE: 'WND WIERTLO D6.5x23.6 X D12.9.tom' (Brak folderu w bazie)
[2026-08-06 10:30:53] [INFO] SYMULACJA POMINIĘCIE: 'D13-NIEPRZELOTOWE-PRAWE.tom' (Brak folderu w bazie)
[2026-08-06 10:30:53] [INFO] SYMULACJA POMINIĘCIE: 'LARS WIERTLO PRZELOTOWE D8.6x10.3x13 L24.8.tom' (Brak folderu w bazie)
[2026-08-06 10:30:53] [INFO] SYMULACJA POMINIĘCIE: 'PETECKI INVESTMENT Z2 D13 L40 K90.tom' (Brak folderu w bazie)
[2026-08-06 10:30:53] [INFO] SYMULACJA POMINIĘCIE: 'PRESTIGE WIERTLO D13X6 L8.5 LEWE KLAMKOWE.tom' (Brak folderu w bazie)
[2026-08-06 10:30:53] [INFO] SYMULACJA POMINIĘCIE: 'PROFINE D13,8x6,3 K118.tom' (Brak folderu w bazie)
[2026-08-06 10:30:53] [INFO] SYMULACJA POMINIĘCIE: 'PROFINE WIERTLO D13.8X6.3-PRAWE.tom' (Brak folderu w bazie)
[2026-08-06 10:30:53] [INFO] SYMULACJA POMINIĘCIE: 'WALDEMARO WIERTLO-D13x6 L6-LEWE.tom' (Brak folderu w bazie)
[2026-08-06 10:30:53] [INFO] SYMULACJA POMINIĘCIE: 'WIERTLO-D13XD7-L60-PRAWE-NIEPRZELOTOWE.tom' (Brak folderu w bazie)
[2026-08-06 10:30:53] [INFO] SYMULACJA POMINIĘCIE: 'AGRO-JAN D14 SPECJALNE -125.tom' (Brak folderu w bazie)
[2026-08-06 10:30:53] [INFO] SYMULACJA POMINIĘCIE: 'BOLETUS BALTIC D15 L75 PRZELOTOWE 90 STOPNI.tom' (Brak folderu w bazie)
[2026-08-06 10:30:53] [INFO] SYMULACJA POMINIĘCIE: 'DALTECH D14 PROFIL z promieniami.tom' (Brak folderu w bazie)
[2026-08-06 10:30:53] [INFO] SYMULACJA POMINIĘCIE: 'DALTECH D14 PROFIL.tom' (Brak folderu w bazie)
[2026-08-06 10:30:53] [INFO] SYMULACJA POMINIĘCIE: 'DALTECH D14x11.78x8.4x5.1 K130.tom' (Brak folderu w bazie)
[2026-08-06 10:30:53] [INFO] SYMULACJA POMINIĘCIE: 'DREW-MEB WIERTLO D14 L60 NIEPRZELOT.tom' (Brak folderu w bazie)
[2026-08-06 10:30:53] [INFO] SYMULACJA POMINIĘCIE: 'GABI JERCZYNSKI WIERTLO D14 KORONA LUT.tom' (Brak folderu w bazie)
[2026-08-06 10:30:53] [INFO] SYMULACJA POMINIĘCIE: 'GROWINAR WIERTLO D14X10l35 PRAWE .tom' (Brak folderu w bazie)
[2026-08-06 10:30:53] [INFO] SYMULACJA POMINIĘCIE: 'MALPISZON D12 PRZELOTOWE 60st.tom' (Brak folderu w bazie)
[2026-08-06 10:30:53] [INFO] SYMULACJA POMINIĘCIE: 'MATBOR WIERTLO D14X8 L56 PRAWE .tom' (Brak folderu w bazie)
[2026-08-06 10:30:53] [INFO] SYMULACJA POMINIĘCIE: 'POL-SKONE WIERTLO D14x12 LEWE NIEPRZELOTOWE.tom' (Brak folderu w bazie)
[2026-08-06 10:30:53] [INFO] SYMULACJA POMINIĘCIE: 'POL-SKONE WIERTLO D14x12 PRAWE NIEPRZELOTOWE test.tom' (Brak folderu w bazie)
[2026-08-06 10:30:53] [INFO] SYMULACJA POMINIĘCIE: 'POL-SKONE WIERTLO D14x12 PRAWE NIEPRZELOTOWE.tom' (Brak folderu w bazie)
[2026-08-06 10:30:53] [INFO] SYMULACJA POMINIĘCIE: 'ROSKOSZ  D14 PRZELOTOWE 60st.tom' (Brak folderu w bazie)
[2026-08-06 10:30:53] [INFO] SYMULACJA POMINIĘCIE: 'WIESLAW NIEDZIELA D14x8 R4.tom' (Brak folderu w bazie)
[2026-08-06 10:30:53] [INFO] SYMULACJA POMINIĘCIE: 'ZEBRA D9x14 L25.5 NIEPRZELOTOWE.tom' (Brak folderu w bazie)
[2026-08-06 10:30:53] [INFO] SYMULACJA POMINIĘCIE: 'ALUMNI SRL D8x15 L46,9x15 PRZELOTOWE.tom' (Brak folderu w bazie)
[2026-08-06 10:30:53] [INFO] SYMULACJA POMINIĘCIE: 'FILICIAK WIERTLO Z2 D15X8 NIEPRZELOTOWE.tom' (Brak folderu w bazie)
[2026-08-06 10:30:53] [INFO] SYMULACJA POMINIĘCIE: 'GOLD DREW D7x15 L130 NIEPRZELOTOWE PRAWE.tom' (Brak folderu w bazie)
[2026-08-06 10:30:53] [INFO] SYMULACJA POMINIĘCIE: 'GOLD DREW D7x15 L140 NIEPRZELOTOWE PRAWE.tom' (Brak folderu w bazie)
[2026-08-06 10:30:53] [INFO] SYMULACJA POMINIĘCIE: 'GOLD DREW D7x15 NIEPRZELOTOWE LEWE.tom' (Brak folderu w bazie)
[2026-08-06 10:30:53] [INFO] SYMULACJA POMINIĘCIE: 'GOLD DREW D7x15 NIEPRZELOTOWE PRAWE.tom' (Brak folderu w bazie)
[2026-08-06 10:30:53] [INFO] SYMULACJA POMINIĘCIE: 'GOLD DREW D7x15L100 NIEPRZELOTOWE LEWE.tom' (Brak folderu w bazie)
[2026-08-06 10:30:53] [INFO] SYMULACJA POMINIĘCIE: 'GOLD DREW D7x15L130 NIEPRZELOTOWE LEWE.tom' (Brak folderu w bazie)
[2026-08-06 10:30:53] [INFO] SYMULACJA POMINIĘCIE: 'GOLD DREW D7x15L140 NIEPRZELOTOWE LEWE.tom' (Brak folderu w bazie)
[2026-08-06 10:30:53] [INFO] SYMULACJA POMINIĘCIE: 'PRO-TECH D15 X 11 L15X10.tom' (Brak folderu w bazie)
[2026-08-06 10:30:53] [INFO] SYMULACJA POMINIĘCIE: 'PRO-TECH PRZELOTOWE 15,5x6,6 L35x20.tom' (Brak folderu w bazie)
[2026-08-06 10:30:53] [INFO] SYMULACJA POMINIĘCIE: 'PRO-TECH PRZELOTOWE D15x6 L50x30.tom' (Brak folderu w bazie)
[2026-08-06 10:30:53] [INFO] SYMULACJA POMINIĘCIE: 'BASTER WIERTLO D16X10 L23 PRAWE .tom' (Brak folderu w bazie)
[2026-08-06 10:30:53] [INFO] SYMULACJA POMINIĘCIE: 'BERTSCH PUSZKA D16.tom' (Brak folderu w bazie)
[2026-08-06 10:30:53] [INFO] SYMULACJA POMINIĘCIE: 'DANDAV WIERTLO D16x6.8 HS.tom' (Brak folderu w bazie)
[2026-08-06 10:30:53] [INFO] SYMULACJA POMINIĘCIE: 'FILICIAK WIERTLO Z2 D16X9 NIEPRZELOTOWE pop.tom' (Brak folderu w bazie)
[2026-08-06 10:30:53] [INFO] SYMULACJA POMINIĘCIE: 'FILICIAK WIERTLO Z2 D16X9 NIEPRZELOTOWE.tom' (Brak folderu w bazie)
[2026-08-06 10:30:53] [INFO] SYMULACJA POMINIĘCIE: 'FMP KRAKOW WIERTLO D16x7,35 HS.tom' (Brak folderu w bazie)
[2026-08-06 10:30:53] [INFO] SYMULACJA POMINIĘCIE: 'GABI JERCZYNSKI WIERTLO D16 KORONA LUT.tom' (Brak folderu w bazie)
[2026-08-06 10:30:53] [INFO] SYMULACJA POMINIĘCIE: 'GALANTERIA W DREWNIE D10x16 z2 60stopni.tom' (Brak folderu w bazie)
[2026-08-06 10:30:53] [INFO] SYMULACJA POMINIĘCIE: 'NOWY STYL D16X11 WIERTLO LUT.tom' (Brak folderu w bazie)
[2026-08-06 10:30:53] [INFO] SYMULACJA POMINIĘCIE: 'PAWEL KRAWCZYK WIERTLO D16 KORONA.tom' (Brak folderu w bazie)
[2026-08-06 10:30:53] [INFO] SYMULACJA POMINIĘCIE: 'PRO-TECH D6x16 L30.tom' (Brak folderu w bazie)
[2026-08-06 10:30:53] [INFO] SYMULACJA POMINIĘCIE: 'DREW-JAR WIERTLO D17 60st.tom' (Brak folderu w bazie)
[2026-08-06 10:30:53] [INFO] SYMULACJA POMINIĘCIE: 'DREWNOPLAST D17x17 K120 PRAWE.tom' (Brak folderu w bazie)
[2026-08-06 10:30:53] [INFO] SYMULACJA POMINIĘCIE: 'ALURON WIERTLO D15x18 L50x80.tom' (Brak folderu w bazie)
[2026-08-06 10:30:53] [INFO] SYMULACJA POMINIĘCIE: 'PALETA TRANS DREW WIERTLO D18 L65 K90 PRAWE.tom' (Brak folderu w bazie)
[2026-08-06 10:30:53] [INFO] SYMULACJA POMINIĘCIE: 'PRO-TECH WIERTLO D18x10 PRAWE.tom' (Brak folderu w bazie)
[2026-08-06 10:30:53] [INFO] SYMULACJA POMINIĘCIE: 'SAPOR WIERTLO D18x14 PRAWE.tom' (Brak folderu w bazie)
[2026-08-06 10:30:53] [INFO] SYMULACJA OK: 'WIERTLO-D7.6-18-D7.2-42.9-PRAWE-POL-SKONE-HS.tom' zakwalifikowany do '700 POL SKONE'
[2026-08-06 10:30:53] [INFO] SYMULACJA POMINIĘCIE: 'WIESLAW NIEDZIELA D18x8 R10.tom' (Brak folderu w bazie)
[2026-08-06 10:30:53] [INFO] SYMULACJA POMINIĘCIE: 'DREW-JAR WIERTLO D20x17 60st.tom' (Brak folderu w bazie)
[2026-08-06 10:30:53] [INFO] SYMULACJA POMINIĘCIE: 'PH KONTRA WIERTLO D19 Z2 90st.tom' (Brak folderu w bazie)
[2026-08-06 10:30:53] [INFO] SYMULACJA OK: 'ACOMATIQ wierlo 5-stop z2+2.tom' zakwalifikowany do '313 ACOMATIQ'
[2026-08-06 10:30:53] [INFO] SYMULACJA OK: 'ACOMATIQ wierlo WELDONY.tom' zakwalifikowany do '313 ACOMATIQ'
[2026-08-06 10:30:53] [INFO] SYMULACJA POMINIĘCIE: 'ANDREW D22 L150 NIEPRZELOTOWE.tom' (Brak folderu w bazie)
[2026-08-06 10:30:53] [INFO] SYMULACJA POMINIĘCIE: 'ANDREW D26 L135 NIEPRZELOTOWE.tom' (Brak folderu w bazie)
[2026-08-06 10:30:53] [INFO] SYMULACJA POMINIĘCIE: 'ANDREW D26 L150 NIEPRZELOTOWE.tom' (Brak folderu w bazie)
[2026-08-06 10:30:53] [INFO] SYMULACJA POMINIĘCIE: 'ANDREW D30 L150 NIEPRZELOTOWE.tom' (Brak folderu w bazie)
[2026-08-06 10:30:53] [INFO] SYMULACJA POMINIĘCIE: 'ANDREW TEST S35 WIERTLO D26 L210 PRAWE-PRZELOTOWE.tom' (Brak folderu w bazie)
[2026-08-06 10:30:53] [INFO] SYMULACJA POMINIĘCIE: 'ANDREW WIERTLO D26 L160 PRAWE-PRZELOTOWE.tom' (Brak folderu w bazie)
[2026-08-06 10:30:53] [INFO] SYMULACJA POMINIĘCIE: 'ANDREW WIERTLO D26 L210 PRAWE-PRZELOTOWE.tom' (Brak folderu w bazie)
[2026-08-06 10:30:53] [INFO] SYMULACJA POMINIĘCIE: 'BASTER D10x20.5 120 stopni.tom' (Brak folderu w bazie)
[2026-08-06 10:30:53] [INFO] SYMULACJA POMINIĘCIE: 'BELMAFLEX WIERTLO D22x10 Z3 HS LEWE.tom' (Brak folderu w bazie)
[2026-08-06 10:30:53] [INFO] SYMULACJA POMINIĘCIE: 'BELMAFLEX WIERTLO D22x10 Z3 HS.tom' (Brak folderu w bazie)
[2026-08-06 10:30:53] [INFO] SYMULACJA POMINIĘCIE: 'BELMAFLEX WIERTLO D31.5x9.5 Z3 HS PRAWE.tom' (Brak folderu w bazie)
[2026-08-06 10:30:53] [INFO] SYMULACJA POMINIĘCIE: 'BELMAFLEX WIERTLO D31.5xD9.5 Z3 HS LEWE.tom' (Brak folderu w bazie)
[2026-08-06 10:30:53] [INFO] SYMULACJA POMINIĘCIE: 'DREKON D34x26 L150x15 NIEPRZELOTOWE HSS.tom' (Brak folderu w bazie)
[2026-08-06 10:30:53] [INFO] SYMULACJA POMINIĘCIE: 'DREW-JAR WIERTLO D20x17 L37 90st.tom' (Brak folderu w bazie)
[2026-08-06 10:30:53] [INFO] SYMULACJA POMINIĘCIE: 'DREW-JAR WIERTLO D20x17.5 L37 90st.tom' (Brak folderu w bazie)
[2026-08-06 10:30:53] [INFO] SYMULACJA POMINIĘCIE: 'DREWJAR D22 Z2 PROFIL HSS.tom' (Brak folderu w bazie)
[2026-08-06 10:30:53] [INFO] SYMULACJA POMINIĘCIE: 'DREWJAR D24 Z2 PROFIL HSS.tom' (Brak folderu w bazie)
[2026-08-06 10:30:53] [INFO] SYMULACJA POMINIĘCIE: 'DREWJAR D26 Z2 PROFIL HSS.tom' (Brak folderu w bazie)
[2026-08-06 10:30:53] [INFO] SYMULACJA POMINIĘCIE: 'FARO D20 Z3 150ST LEWE.tom' (Brak folderu w bazie)
[2026-08-06 10:30:53] [INFO] SYMULACJA POMINIĘCIE: 'FARO D20 Z3 150ST.tom' (Brak folderu w bazie)
[2026-08-06 10:30:53] [INFO] SYMULACJA POMINIĘCIE: 'FILICIAK WIERTLO Z2 D21.2X10 NIEPRZELOTOWE.tom' (Brak folderu w bazie)
[2026-08-06 10:30:53] [INFO] SYMULACJA POMINIĘCIE: 'FRONT ART CNC D8,2x20 L40x15 PRZELOTOWE.tom' (Brak folderu w bazie)
[2026-08-06 10:30:53] [INFO] SYMULACJA POMINIĘCIE: 'GT TOOLS D22 L100 NIEPRZELOTOWE.tom' (Brak folderu w bazie)
[2026-08-06 10:30:53] [INFO] SYMULACJA POMINIĘCIE: 'GT TOOLS D22 L150 NIEPRZELOTOWE.tom' (Brak folderu w bazie)
[2026-08-06 10:30:53] [INFO] SYMULACJA POMINIĘCIE: 'LAMONOPOL D20 Z4 TEST.tom' (Brak folderu w bazie)
[2026-08-06 10:30:53] [INFO] SYMULACJA POMINIĘCIE: 'LINETTY D20x10 L90 NIEPRZELOTOWE.tom' (Brak folderu w bazie)
[2026-08-06 10:30:53] [INFO] SYMULACJA POMINIĘCIE: 'MARATHOON PRZELOTOWE D24 L70 90ST CONR.tom' (Brak folderu w bazie)
[2026-08-06 10:30:53] [INFO] SYMULACJA POMINIĘCIE: 'MARDREW D19.8x20.6x26.4 nieprzelotowe.tom' (Brak folderu w bazie)
[2026-08-06 10:30:53] [INFO] SYMULACJA POMINIĘCIE: 'MASLACH WIERTLO D22 L220 PRAWE-PRZELOTOWE.tom' (Brak folderu w bazie)
[2026-08-06 10:30:53] [INFO] SYMULACJA POMINIĘCIE: 'PAMO WIERTLO LUT D26 NACINKAI.tom' (Brak folderu w bazie)
[2026-08-06 10:30:53] [INFO] SYMULACJA POMINIĘCIE: 'PH KONTRA D26 L90 PRZELOTOWE.tom' (Brak folderu w bazie)
[2026-08-06 10:30:53] [INFO] SYMULACJA POMINIĘCIE: 'PH KONTRA WIERTLO D20 L185 Z2 K90.tom' (Brak folderu w bazie)
[2026-08-06 10:30:53] [INFO] SYMULACJA POMINIĘCIE: 'PRO TECH D20x7 PRAWE PRZELOTOWE.tom' (Brak folderu w bazie)
[2026-08-06 10:30:53] [INFO] SYMULACJA POMINIĘCIE: 'PRO TECH D20x9.6 PRAWE NIEPRZELOTOWE.tom' (Brak folderu w bazie)
[2026-08-06 10:30:53] [INFO] SYMULACJA POMINIĘCIE: 'PRO TECH D25x9.6 PRAWE NIEPRZELOTOWE.tom' (Brak folderu w bazie)
[2026-08-06 10:30:53] [INFO] SYMULACJA POMINIĘCIE: 'PRO-TECH D26 L50 PRZELOTOWE.tom' (Brak folderu w bazie)
[2026-08-06 10:30:53] [INFO] SYMULACJA POMINIĘCIE: 'PRO-TECH WIERTLO D32x18 L30 K120.tom' (Brak folderu w bazie)
[2026-08-06 10:30:53] [INFO] SYMULACJA POMINIĘCIE: 'PROFI-TOOL FREZ D30 Z2 K-45.tom' (Brak folderu w bazie)
[2026-08-06 10:30:53] [INFO] SYMULACJA POMINIĘCIE: 'PROFI-TOOL FREZ D30 Z2 v2 K-45.tom' (Brak folderu w bazie)
[2026-08-06 10:30:53] [INFO] SYMULACJA POMINIĘCIE: 'STOLMACH WIERTLO D28x25x16.5 K90.tom' (Brak folderu w bazie)
[2026-08-06 10:30:53] [INFO] SYMULACJA POMINIĘCIE: 'SUPERSNOW WIERTLO D20x18.5x17 118st poprawa.tom' (Brak folderu w bazie)
[2026-08-06 10:30:53] [INFO] SYMULACJA POMINIĘCIE: 'SUPERSNOW WIERTLO D20x18.5x17 118st.tom' (Brak folderu w bazie)
[2026-08-06 10:30:53] [INFO] SYMULACJA POMINIĘCIE: 'TECHNOFORM D25 L30 NIEPRZELOTOWE.tom' (Brak folderu w bazie)
[2026-08-06 10:30:53] [INFO] SYMULACJA POMINIĘCIE: 'WIERTLO-D22-D10-Z3-HS-LEWE.tom' (Brak folderu w bazie)
[2026-08-06 10:30:53] [INFO] SYMULACJA POMINIĘCIE: 'ZAKLAD POREBA D20.5X23 CALY 10stopni.tom' (Brak folderu w bazie)
[2026-08-06 10:30:53] [INFO] SYMULACJA POMINIĘCIE: 'ZAKLAD POREBA D20.5X23 CALY 15stopni.tom' (Brak folderu w bazie)
[2026-08-06 10:30:53] [INFO] SYMULACJA POMINIĘCIE: 'ZAKLAD POREBA D20.5X23 CALY 20stopni.tom' (Brak folderu w bazie)
[2026-08-06 10:30:53] [INFO] SYMULACJA POMINIĘCIE: 'ZAKLAD POREBA D20.5X23 CALY 25stopni.tom' (Brak folderu w bazie)
[2026-08-06 10:30:53] [INFO] SYMULACJA POMINIĘCIE: 'ZAKLAD POREBA D20.5X23 CALY.tom' (Brak folderu w bazie)
[2026-08-06 10:30:53] [INFO] SYMULACJA POMINIĘCIE: 'ZAKLAD POREBA D20.5X23 ZARYS.tom' (Brak folderu w bazie)
[2026-08-06 10:30:53] [INFO] SYMULACJA POMINIĘCIE: 'FARO D3 90st HSS .tom' (Brak folderu w bazie)
[2026-08-06 10:30:53] [INFO] SYMULACJA POMINIĘCIE: 'PRO TECH D3 90st .tom' (Brak folderu w bazie)
[2026-08-06 10:30:53] [INFO] SYMULACJA POMINIĘCIE: 'WIDER WIERTLO SPEC D3 SZPIC.tom' (Brak folderu w bazie)
[2026-08-06 10:30:53] [INFO] SYMULACJA POMINIĘCIE: 'DREWNOJS WIERTLO D4 90st.tom' (Brak folderu w bazie)
[2026-08-06 10:30:53] [INFO] SYMULACJA POMINIĘCIE: 'FARO WIERTLO D4.2 K60 LEWE.tom' (Brak folderu w bazie)
[2026-08-06 10:30:53] [INFO] SYMULACJA POMINIĘCIE: 'FARO WIERTLO-D4.5-60STOPN.tom' (Brak folderu w bazie)
[2026-08-06 10:30:53] [INFO] SYMULACJA POMINIĘCIE: 'LANTRYK WIERTLO-D4-60STOPN LEWE.tom' (Brak folderu w bazie)
[2026-08-06 10:30:53] [INFO] SYMULACJA POMINIĘCIE: 'LANTRYK WIERTLO-D4-60STOPN.tom' (Brak folderu w bazie)
[2026-08-06 10:30:53] [INFO] SYMULACJA POMINIĘCIE: 'MADEX WIERTLO D4 L70 90st.tom' (Brak folderu w bazie)
[2026-08-06 10:30:53] [INFO] SYMULACJA POMINIĘCIE: 'PRO-TECH WIERTLO D4.2X3 K120.tom' (Dwuznaczność (2 folderów))
[2026-08-06 10:30:53] [INFO] SYMULACJA POMINIĘCIE: 'DRUTEX  D5 Z1 A1-518 NG.tom' (Brak folderu w bazie)
[2026-08-06 10:30:53] [INFO] SYMULACJA POMINIĘCIE: 'FUDMEN D5.1 L25 NIEPRZELOTOWE.tom' (Brak folderu w bazie)
[2026-08-06 10:30:53] [INFO] SYMULACJA POMINIĘCIE: 'LIMBA WIERTLO-D5 LEWE.tom' (Brak folderu w bazie)
[2026-08-06 10:30:53] [INFO] SYMULACJA POMINIĘCIE: 'LIMBA WIERTLO-D5 PRAWE.tom' (Brak folderu w bazie)
[2026-08-06 10:30:53] [INFO] SYMULACJA POMINIĘCIE: 'LUKASIEWICZ WIERTLO D5X3.9 K120.tom' (Brak folderu w bazie)
[2026-08-06 10:30:53] [INFO] SYMULACJA POMINIĘCIE: 'plastbud d5 z1 jak wiertlo v2.tom' (Brak folderu w bazie)
[2026-08-06 10:30:53] [INFO] SYMULACJA POMINIĘCIE: 'plastbud d5 z1 jak wiertlo v2t.tom' (Brak folderu w bazie)
[2026-08-06 10:30:53] [INFO] SYMULACJA POMINIĘCIE: 'plastbud d5 z1 jak wiertlo.tom' (Brak folderu w bazie)
[2026-08-06 10:30:53] [INFO] SYMULACJA POMINIĘCIE: 'PRO-TECH NAWIERTAK pletwa D5x3 L6.41.tom' (Brak folderu w bazie)
[2026-08-06 10:30:53] [INFO] SYMULACJA POMINIĘCIE: 'PRO-TECH NAWIERTAK pletwa D5x3.5 L7.49.tom' (Brak folderu w bazie)
[2026-08-06 10:30:53] [INFO] SYMULACJA POMINIĘCIE: 'PRO-TECH WIERTLO D5X2.5 K90.tom' (Brak folderu w bazie)
[2026-08-06 10:30:53] [INFO] SYMULACJA POMINIĘCIE: 'PRO-TECH WIERTLO-D5 L55 LEWE.tom' (Brak folderu w bazie)
[2026-08-06 10:30:53] [INFO] SYMULACJA POMINIĘCIE: 'SEGAL OKNA D5 Z1 A1-518.tom' (Brak folderu w bazie)
[2026-08-06 10:30:53] [INFO] SYMULACJA POMINIĘCIE: 'TRISTAR WIERTLO-D5-70STOPN.tom' (Brak folderu w bazie)
[2026-08-06 10:30:53] [INFO] SYMULACJA POMINIĘCIE: 'ASTJP PRZYSTAL D6,8x5,5 L5x29.tom' (Brak folderu w bazie)
[2026-08-06 10:30:53] [INFO] SYMULACJA POMINIĘCIE: 'ATMAT D6 90st frez.tom' (Brak folderu w bazie)
[2026-08-06 10:30:53] [INFO] SYMULACJA POMINIĘCIE: 'D6.8- LEWE-NIEPRZELOTOWE.tom' (Brak folderu w bazie)
[2026-08-06 10:30:53] [INFO] SYMULACJA POMINIĘCIE: 'D6.8-NIEPRZELOTOWE-LEWE.tom' (Brak folderu w bazie)
[2026-08-06 10:30:53] [INFO] SYMULACJA POMINIĘCIE: 'DRUTEX WIERTLO D6x5 L15x40 K120 prawe.tom' (Brak folderu w bazie)
[2026-08-06 10:30:53] [INFO] SYMULACJA POMINIĘCIE: 'ELZBIECIAK ROBERT D6 L50 NIEPRZELOTOWE.tom' (Brak folderu w bazie)
[2026-08-06 10:30:53] [INFO] SYMULACJA POMINIĘCIE: 'NITUS WIERTLO D6.5 120st.tom' (Brak folderu w bazie)
[2026-08-06 10:30:53] [INFO] SYMULACJA POMINIĘCIE: 'PARTNER-ALMA WIERTLO D6 L30 K118.tom' (Brak folderu w bazie)
[2026-08-06 10:30:53] [INFO] SYMULACJA POMINIĘCIE: 'stolmach D6.5x12 lewe60st popr.tom' (Brak folderu w bazie)
[2026-08-06 10:30:53] [INFO] SYMULACJA POMINIĘCIE: 'stolmach D6.5x12 prawe60st popr.tom' (Brak folderu w bazie)
[2026-08-06 10:30:53] [INFO] SYMULACJA POMINIĘCIE: 'stolmach D6.5x12 PRZELOTOWE lewe60st.tom' (Brak folderu w bazie)
[2026-08-06 10:30:53] [INFO] SYMULACJA POMINIĘCIE: 'stolmach D6.5x12 PRZELOTOWE prawe60st.tom' (Brak folderu w bazie)
[2026-08-06 10:30:53] [INFO] SYMULACJA POMINIĘCIE: 'WIERTLO-D6.5x3.4-OSTRZENIE.tom' (Brak folderu w bazie)
[2026-08-06 10:30:53] [INFO] SYMULACJA POMINIĘCIE: 'WIERTŁO-D6,8- LEWE-NIEPRZELOTOWE.tom' (Brak folderu w bazie)
[2026-08-06 10:30:53] [INFO] SYMULACJA POMINIĘCIE: 'WIERTŁO-D6,8- PRAWE-NIEPRZELOTOWE.tom' (Brak folderu w bazie)
[2026-08-06 10:30:53] [INFO] SYMULACJA POMINIĘCIE: 'ALURON WIERTLO D4x7,8 .tom' (Brak folderu w bazie)
[2026-08-06 10:30:53] [INFO] SYMULACJA POMINIĘCIE: 'DEFENDOOR D6.9x7.6 L70 NIEPRZELOTOWE poprawa bckoffa.tom' (Brak folderu w bazie)
[2026-08-06 10:30:53] [INFO] SYMULACJA POMINIĘCIE: 'DEFENDOOR D6.9x7.6 L70 NIEPRZELOTOWE.tom' (Brak folderu w bazie)
[2026-08-06 10:30:53] [INFO] SYMULACJA POMINIĘCIE: 'DREKON D 5.5x7 NIEPRZELOTOWE.tom' (Brak folderu w bazie)
[2026-08-06 10:30:53] [INFO] SYMULACJA POMINIĘCIE: 'DREKON D7.9 L70 NIEPRZELOTOWE.tom' (Brak folderu w bazie)
[2026-08-06 10:30:53] [INFO] SYMULACJA POMINIĘCIE: 'INTERMASZ DLA KRZYNOWEK D6.8x7.5 L69 NIEPRZELOTOWE.tom' (Brak folderu w bazie)
[2026-08-06 10:30:53] [INFO] SYMULACJA POMINIĘCIE: 'JARDEW D7 PRAWE NIEPRZELOTOWE HW.tom' (Brak folderu w bazie)
[2026-08-06 10:30:53] [INFO] SYMULACJA POMINIĘCIE: 'LINETTY D7 PRAWE NIEPRZELOTOWE HW.tom' (Brak folderu w bazie)
[2026-08-06 10:30:53] [INFO] SYMULACJA POMINIĘCIE: 'POL-PANEL D7.5-L31-D6.8-L36.7-PRAWE.tom' (Brak folderu w bazie)
[2026-08-06 10:30:53] [INFO] SYMULACJA POMINIĘCIE: 'POL-PANEL D7.6-L21-D6.8-L36.7-PRAWE.tom' (Brak folderu w bazie)
[2026-08-06 10:30:53] [INFO] SYMULACJA POMINIĘCIE: 'POL-SKONE WIERTLO D7.5x6.7 PRAWE NIEPRZELOT.tom' (Brak folderu w bazie)
[2026-08-06 10:30:53] [INFO] SYMULACJA POMINIĘCIE: 'POL-SKONE WIERTLO D7.5x7 PRAWE NIEPRZELOT.tom' (Brak folderu w bazie)
[2026-08-06 10:30:53] [INFO] SYMULACJA POMINIĘCIE: 'POL-SKONE WIERTLO D7.8x7.4 nieprzelotowe PRAWE.tom' (Brak folderu w bazie)
[2026-08-06 10:30:53] [INFO] SYMULACJA POMINIĘCIE: 'PRO TECH WIERTLO D7x4.5 K180 V2.tom' (Brak folderu w bazie)
[2026-08-06 10:30:53] [INFO] SYMULACJA POMINIĘCIE: 'PRO TECH WIERTLO D7x4.5 K180.tom' (Brak folderu w bazie)
[2026-08-06 10:30:53] [INFO] SYMULACJA POMINIĘCIE: 'PRO-TECH D7 PRZELOTOWE 60st.tom' (Brak folderu w bazie)
[2026-08-06 10:30:53] [INFO] SYMULACJA POMINIĘCIE: 'TELMEX WIERTŁO-D5.5X7.2-NACINAKI-60-STOPNI-HW.tom' (Brak folderu w bazie)
[2026-08-06 10:30:53] [INFO] SYMULACJA POMINIĘCIE: 'TELMEX WIERTŁO-D5.5X7.2-NACINAKI-60-STOPNI-LEWE.tom' (Brak folderu w bazie)
[2026-08-06 10:30:53] [INFO] SYMULACJA POMINIĘCIE: 'AST JP PRZYSTAL WIERTLO D6.5x8 L5x29 K120.tom' (Brak folderu w bazie)
[2026-08-06 10:30:53] [INFO] SYMULACJA POMINIĘCIE: 'ATMAT WIERTLO-D8 L30 90 STOPNI.tom' (Brak folderu w bazie)
[2026-08-06 10:30:53] [INFO] SYMULACJA POMINIĘCIE: 'BOROWSKI MICHAL D8 NIEPRZELOTOWE.tom' (Brak folderu w bazie)
[2026-08-06 10:30:53] [INFO] SYMULACJA POMINIĘCIE: 'D8- LEWE-NIEPRZELOTOWE.tom' (Brak folderu w bazie)
[2026-08-06 10:30:53] [INFO] SYMULACJA POMINIĘCIE: 'ELZBIECIAK ROBERT D8-90 STOP-PRZELOTOWE-LEWE.tom' (Brak folderu w bazie)
[2026-08-06 10:30:53] [INFO] SYMULACJA POMINIĘCIE: 'FRONT ART CNC D8.2 L37 PRZELOTOWE 60st.tom' (Brak folderu w bazie)
[2026-08-06 10:30:53] [INFO] SYMULACJA POMINIĘCIE: 'INCOBEX WIERTLO D8.4 PRAWE 60St.tom' (Brak folderu w bazie)
[2026-08-06 10:30:53] [INFO] SYMULACJA POMINIĘCIE: 'INTERMASZ DLA KRZYNOWEK D8 L75 NIEPRZELOTOWE.tom' (Brak folderu w bazie)
[2026-08-06 10:30:53] [INFO] SYMULACJA POMINIĘCIE: 'INTERPLAST WIERTLOFREZ D4x8 L20x57.tom' (Brak folderu w bazie)
[2026-08-06 10:30:53] [INFO] SYMULACJA POMINIĘCIE: 'KRAK WIERTLO D8 L100.tom' (Brak folderu w bazie)
[2026-08-06 10:30:53] [INFO] SYMULACJA POMINIĘCIE: 'KUDLA MICHAL WIERTLO-D8.5-L88-LEWE-60STOPN.tom' (Brak folderu w bazie)
[2026-08-06 10:30:53] [INFO] SYMULACJA POMINIĘCIE: 'KUDLA MICHAL WIERTLO-D8.5-L88-PRAWE-60STOPN.tom' (Brak folderu w bazie)
[2026-08-06 10:30:53] [INFO] SYMULACJA POMINIĘCIE: 'LARS WIERTLO D8.7X4L7.5-HS.tom' (Brak folderu w bazie)
[2026-08-06 10:30:53] [INFO] SYMULACJA POMINIĘCIE: 'LUPOL WIERTLO D8.1xD8.6 nieprzelot.tom' (Brak folderu w bazie)
[2026-08-06 10:30:53] [INFO] SYMULACJA POMINIĘCIE: 'MUU WIERTLO D8 L30 K60.tom' (Brak folderu w bazie)
[2026-08-06 10:30:53] [INFO] SYMULACJA POMINIĘCIE: 'NM POLSKA D8.1 L25 NIEPRZELOTOWE.tom' (Brak folderu w bazie)
[2026-08-06 10:30:53] [INFO] SYMULACJA OK: 'POL SKONE D8.5 L75 LEWE NIEPRZELOTOWE.tom' zakwalifikowany do '104 POL-SKONE'
[2026-08-06 10:30:53] [INFO] SYMULACJA POMINIĘCIE: 'POL SKONE WIERTLO-D8.5-PRAWE-NIEPRZELOTOWE.tom' (Brak folderu w bazie)
[2026-08-06 10:30:53] [INFO] SYMULACJA POMINIĘCIE: 'POLICA D4x8 L18,5x25 PRZELOTOWE.tom' (Brak folderu w bazie)
[2026-08-06 10:30:53] [INFO] SYMULACJA POMINIĘCIE: 'POLICA D4x8 L18,5x25 PRZELOTOWEe.tom' (Brak folderu w bazie)
[2026-08-06 10:30:53] [INFO] SYMULACJA POMINIĘCIE: 'POLSKONE D8 L75 NIEPRZELOTOWE.tom' (Brak folderu w bazie)
[2026-08-06 10:30:53] [INFO] SYMULACJA POMINIĘCIE: 'PORTA ELK D8.4 L78 118st.tom' (Brak folderu w bazie)
[2026-08-06 10:30:53] [INFO] SYMULACJA POMINIĘCIE: 'PRO-TECH D8 Z2 60 STOPNI .tom' (Brak folderu w bazie)
[2026-08-06 10:30:53] [INFO] SYMULACJA POMINIĘCIE: 'SPOTLIGHT D4.1x8 L80 K90.tom' (Brak folderu w bazie)
[2026-08-06 10:30:53] [INFO] SYMULACJA POMINIĘCIE: 'TRISTAR WIERTLO-D8-70STOPN.tom' (Brak folderu w bazie)
[2026-08-06 10:30:53] [INFO] SYMULACJA POMINIĘCIE: 'WIERTLO-D8.5-L88-PRAWE-60STOPN.tom' (Brak folderu w bazie)
[2026-08-06 10:30:53] [INFO] SYMULACJA POMINIĘCIE: 'WND WIERTLO HSS 3 X 5 X 8 PRAWE.tom' (Brak folderu w bazie)
[2026-08-06 10:30:53] [INFO] SYMULACJA POMINIĘCIE: 'Wtyk-Pol Wiertlo D8 L125 60st.tom' (Brak folderu w bazie)
[2026-08-06 10:30:53] [INFO] SYMULACJA POMINIĘCIE: 'AUTOMATIONSTECHNIK D9.8 PRZELOTOWE 60st.tom' (Brak folderu w bazie)
[2026-08-06 10:30:53] [INFO] SYMULACJA POMINIĘCIE: 'FARO D9.5 L80 NIEPRZELOTOWE.tom' (Brak folderu w bazie)
[2026-08-06 10:30:53] [INFO] SYMULACJA POMINIĘCIE: 'FORMELANA WIERTLO  D9.8x6 L20.tom' (Brak folderu w bazie)
[2026-08-06 10:30:53] [INFO] SYMULACJA POMINIĘCIE: 'PRO TECH WIERTLO D9.8x4.5 K180 V2.tom' (Brak folderu w bazie)
[2026-08-06 10:30:53] [INFO] SYMULACJA POMINIĘCIE: 'PRO TECH WIERTLO D9.8x4.5 K180.tom' (Brak folderu w bazie)
[2026-08-06 10:30:53] [INFO] SYMULACJA POMINIĘCIE: 'PRO TECH WIERTLO D9.8x5 K180.tom' (Brak folderu w bazie)
[2026-08-06 10:30:53] [INFO] SYMULACJA POMINIĘCIE: 'PRO-TECH D9 PRZELOTOWE 60st.tom' (Brak folderu w bazie)
[2026-08-06 10:30:53] [INFO] SYMULACJA POMINIĘCIE: 'ROLAND wiertlo D9.4x9 z gotowego.tom' (Brak folderu w bazie)
[2026-08-06 10:30:53] [INFO] SYMULACJA POMINIĘCIE: 'ROSKOSZ  D9 PRZELOTOWE 60st.tom' (Brak folderu w bazie)
[2026-08-06 10:30:53] [INFO] SYMULACJA POMINIĘCIE: 'PUSZKA-D25.tom' (Brak folderu w bazie)
[2026-08-06 10:30:53] [INFO] SYMULACJA POMINIĘCIE: 'SIA WIERTLO Z4 6x12 KLAMKA LEWE.tom' (Brak folderu w bazie)
[2026-08-06 10:30:53] [INFO] SYMULACJA POMINIĘCIE: 'MULTI OKNA FREZ A1-518.tom' (Brak folderu w bazie)
[2026-08-06 10:30:53] [INFO] SYMULACJA POMINIĘCIE: 'D10-L70-Z4-LAMACZ-WIERTŁO-HW.tom' (Brak folderu w bazie)
[2026-08-06 10:30:53] [INFO] SYMULACJA OK: 'WIERTLO D10 Z2 L100 K60 PRAWE PRZELOTOWE.tom' zakwalifikowany do '221 ROJEK OKNA I DRZWI'
[2026-08-06 10:30:53] [INFO] SYMULACJA OK: 'WIERTLO D16 L110 NIEPRZELOTOWE.tom' zakwalifikowany do '278 GOTYK'
[2026-08-06 10:30:53] [INFO] SYMULACJA POMINIĘCIE: 'WIERTLO D35.3 L35 MORSE.tom' (Dwuznaczność (2 folderów))
[2026-08-06 10:30:53] [INFO] SYMULACJA OK: 'MADEX D10-L40-Z4-HW.tom' zakwalifikowany do '345 MADEX'
[2026-08-06 10:30:53] [INFO] SYMULACJA POMINIĘCIE: 'ALL WINDOWS D6 Z4 L L30 F1.0 CIETY.tom' (Brak folderu w bazie)
[2026-08-06 10:30:53] [INFO] SYMULACJA POMINIĘCIE: 'DREW-MEB D16 L140 NIEPRZELOTOWE.tom' (Dwuznaczność (2 folderów))
[2026-08-06 10:30:53] [INFO] SYMULACJA POMINIĘCIE: 'FREZ D10 Z1 L30 F1-ALU.tom' (Dwuznaczność (2 folderów))
[2026-08-06 10:30:53] [INFO] SYMULACJA POMINIĘCIE: 'FREZ D4 Z1 L12 PRAWE F1-ALU.tom' (Dwuznaczność (2 folderów))
[2026-08-06 10:30:53] [INFO] SYMULACJA OK: 'STURTZ D6 L65 PRAWE V1-ALU.tom' zakwalifikowany do '445 STURTZ'
[2026-08-06 10:30:53] [INFO] SYMULACJA POMINIĘCIE: 'DIAM-TOOLS FREZ D53 Z10 R21.tom' (Dwuznaczność (3 folderów))
[2026-08-06 10:30:53] [INFO] SYMULACJA POMINIĘCIE: 'FLORAD Frez D25x18 Z3 .tom' (Dwuznaczność (3 folderów))
[2026-08-06 10:30:53] [INFO] SYMULACJA POMINIĘCIE: 'SOLIDER WIERTLO NIEPRZELOTOWE D4x9 .tom' (Brak folderu w bazie)
[2026-08-06 10:30:53] [INFO] SYMULACJA OK: 'O1-ALU D10 L15 POLER.tom' zakwalifikowany do '488 EXTHERM-2'
[2026-08-06 10:30:53] [INFO] SYMULACJA OK: 'O1-ALU D12 L15 POLER.tom' zakwalifikowany do '488 EXTHERM-2'
[2026-08-06 10:30:53] [INFO] SYMULACJA OK: 'O1-ALU D7 L15 POLER.tom' zakwalifikowany do '488 EXTHERM-2'
[2026-08-06 10:30:53] [INFO] SYMULACJA POMINIĘCIE: 'MB TRADING Noz Oscylacyjny D6 D0,5 L15 MIECZ.tom' (Dwuznaczność (2 folderów))
[2026-08-06 10:30:53] [INFO] SYMULACJA OK: 'OSTRZENIE WIERTLO D10.8x9.5.tom' zakwalifikowany do 'ZS-497 SOLTYS-DREW'
[2026-08-06 10:30:53] [INFO] SYMULACJA OK: 'OSTRZENIE WIERTLO D12.3x10.8.tom' zakwalifikowany do 'ZS-497 SOLTYS-DREW'
[2026-08-06 10:30:53] [INFO] SYMULACJA OK: 'WALDEMARO FREZ D14 L3 TEOWY Z6.tom' zakwalifikowany do '508 WALDEMARO'
[2026-08-06 10:30:53] [INFO] SYMULACJA POMINIĘCIE: 'ALUMNI TEHNO Z4 D12x6 LAMACZ NG.tom' (Dwuznaczność (2 folderów))
[2026-08-06 10:30:53] [INFO] SYMULACJA POMINIĘCIE: 'ALUMNI TEHNO Z4 D14x7 LAMACZ NG pop.tom' (Brak folderu w bazie)
[2026-08-06 10:30:53] [INFO] SYMULACJA OK: 'ALUMNI TEHNO Z4 D14x7 LAMACZ NG.tom' zakwalifikowany do '565 TEHNO ROM TOOLS'
[2026-08-06 10:30:53] [INFO] SYMULACJA OK: 'FREZ HS D16.7 Z2 R0.5 K-30.tom' zakwalifikowany do '568 PROFINE POLSKA'
[2026-08-06 10:30:53] [INFO] SYMULACJA OK: 'WIERTLO D5X10 L11x43.tom' zakwalifikowany do '584 FIEGA MACHINES'
[2026-08-06 10:30:53] [INFO] SYMULACJA OK: 'TECHNOCAM D9 Z3 KULKA LOLIPOP.tom' zakwalifikowany do '586 TECHNOCAM'
[2026-08-06 10:30:53] [INFO] SYMULACJA POMINIĘCIE: 'FREZ D10 Z1 A1-1040.tom' (Dwuznaczność (2 folderów))
[2026-08-06 10:30:53] [INFO] SYMULACJA OK: 'PRZEROBKA PILOT D22x20 L15 k90.tom' zakwalifikowany do 'ZS-609 WALDEMAR SZWEC ALTUS'
[2026-08-06 10:30:53] [INFO] SYMULACJA OK: 'DRUTEX D5 Z1 L20.tom' zakwalifikowany do '621 DRUTEX'
[2026-08-06 10:30:53] [INFO] SYMULACJA POMINIĘCIE: 'PREZMET D20 PRAWA pilka 6+6.tom' (Dwuznaczność (3 folderów))
[2026-08-06 10:30:53] [INFO] SYMULACJA POMINIĘCIE: 'WIERTLO D8 L78 NIEPRZELOTOWE.tom' (Dwuznaczność (2 folderów))
[2026-08-06 10:30:53] [INFO] SYMULACJA POMINIĘCIE: 'FREZ D14 L20 Z4.tom' (Brak folderu w bazie)
[2026-08-06 10:30:53] [INFO] SYMULACJA POMINIĘCIE: 'DUDA PLUS D32.4 Z2 PROFILOWY.tom' (Dwuznaczność (2 folderów))
[2026-08-06 10:30:53] [INFO] SYMULACJA OK: 'MASLACH D13 Z2 90st PRZELOTOWE HSS.tom' zakwalifikowany do '698 MASLACH'
[2026-08-06 10:30:53] [INFO] SYMULACJA OK: 'D6 Z4 P L30 F0.5 CIETY.tom' zakwalifikowany do '711 DRUTEX'
[2026-08-06 10:30:53] [INFO] SYMULACJA OK: 'OPTIMA D11 SZLIF PRAWO-LEWY DO GWINTU.tom' zakwalifikowany do '711 OPTIMA PIOTR MROZ'
[2026-08-06 10:30:53] [INFO] SYMULACJA POMINIĘCIE: 'FREZ D18 Z2 A2-1835 LEWE.tom' (Dwuznaczność (2 folderów))
[2026-08-06 10:30:53] [INFO] SYMULACJA OK: 'FREZ D18 Z2 A2-1835.tom' zakwalifikowany do '712 CDN'
[2026-08-06 10:30:53] [INFO] SYMULACJA POMINIĘCIE: 'TECHNOCAM D10 Z3 KULKA LOLIPOP.tom' (Dwuznaczność (2 folderów))
[2026-08-06 10:30:53] [INFO] SYMULACJA POMINIĘCIE: 'TECHNOCAM D12 Z3 KULKA LOLIPOP.tom' (Dwuznaczność (2 folderów))
[2026-08-06 10:30:53] [INFO] SYMULACJA POMINIĘCIE: 'TECHNOCAM D14 Z3 KULKA LOLIPOP.tom' (Dwuznaczność (2 folderów))
[2026-08-06 10:30:53] [INFO] SYMULACJA POMINIĘCIE: 'TECHNOCAM D16 Z3 KULKA LOLIPOP.tom' (Dwuznaczność (2 folderów))
[2026-08-06 10:30:53] [INFO] SYMULACJA POMINIĘCIE: 'TECHNOCAM D18 Z3 KULKA LOLIPOP.tom' (Dwuznaczność (2 folderów))
[2026-08-06 10:30:53] [INFO] SYMULACJA OK: 'WIERTLO D15.9 L77.5 LEWE-NIEPRZELOTOWE.tom' zakwalifikowany do '722 POL-SKONE'
[2026-08-06 10:30:53] [INFO] SYMULACJA POMINIĘCIE: 'PREZMET D20 LEWA pilka 6+6.tom' (Dwuznaczność (3 folderów))
[2026-08-06 10:30:53] [INFO] SYMULACJA POMINIĘCIE: 'PREZMET D20 PRAWA pilka 6+6.tom' (Dwuznaczność (3 folderów))
[2026-08-06 10:30:53] [INFO] SYMULACJA POMINIĘCIE: 'DIAM-TOOLS FREZ D53 Z10 R21.tom' (Dwuznaczność (3 folderów))
[2026-08-06 10:30:53] [INFO] SYMULACJA POMINIĘCIE: 'FREZ STOZKOWY D10 L52 K1.19.tom' (Dwuznaczność (2 folderów))
[2026-08-06 10:30:53] [INFO] SYMULACJA OK: 'FREZ D22 Z4 L20 HSS.tom' zakwalifikowany do '801 DAKO'
[2026-08-06 10:30:53] [INFO] SYMULACJA OK: 'ALUMNI SRL D10 L22 Z4 LAMACZ HW.tom' zakwalifikowany do '817 ALUMNI SRL'
[2026-08-06 10:30:53] [INFO] SYMULACJA OK: 'ALUMNI SRL D10 Z4+2 K118 ZGRUBNY.tom' zakwalifikowany do '817 ALUMNI SRL'
[2026-08-06 10:30:53] [INFO] SYMULACJA OK: 'ALUMNI SRL D8 Z4+2 K118 ZGRUBNY.tom' zakwalifikowany do '817 ALUMNI SRL'
[2026-08-06 10:30:53] [INFO] SYMULACJA OK: 'D8 L22 A3-822 LAMACZ.tom' zakwalifikowany do '817 ALUMNI SRL'
[2026-08-06 10:30:53] [INFO] SYMULACJA OK: 'WIERTLO Z2 D12 L90 K90 PRAWE.tom' zakwalifikowany do '832 PH KONTRA'
[2026-08-06 10:30:53] [INFO] SYMULACJA POMINIĘCIE: 'D8 Z3 L15 LEWO PRAWY.tom' (Dwuznaczność (2 folderów))
[2026-08-06 10:30:53] [INFO] SYMULACJA POMINIĘCIE: 'WIERTŁO-D18-L34.5-D15-L5.5-D12-L34.5-D6-L5.5-PRAWE-HS.tom' (Brak folderu w bazie)
[2026-08-06 10:30:53] [INFO] SYMULACJA OK: 'SEKO FREZ D12 Z4 L25 HW.tom' zakwalifikowany do '865 SEKO'
[2026-08-06 10:30:53] [INFO] SYMULACJA POMINIĘCIE: 'GOLD DOOR D16 L45 Z3 WYKANCZAJACO-ZGRUBNY.tom' (Dwuznaczność (3 folderów))
[2026-08-06 10:30:53] [INFO] SYMULACJA POMINIĘCIE: 'WYPYCHACZ D2.5x4.tom' (Dwuznaczność (2 folderów))
[2026-08-06 10:30:53] [INFO] SYMULACJA OK: 'FREZ D32 Z2+2 L20 HSS POPRAWKA.tom' zakwalifikowany do '928 MAR-TOM'
[2026-08-06 10:30:53] [INFO] SYMULACJA OK: 'FREZ D32 Z2+2 L20 HSS.tom' zakwalifikowany do '928 MAR-TOM'
[2026-08-06 10:30:53] [INFO] SYMULACJA OK: 'WERTLO D16 L105 LEWE NIEPRZELOTOWE HSS.tom' zakwalifikowany do '944 PLATEK ALBERT'
[2026-08-06 10:30:53] [INFO] SYMULACJA OK: 'WERTLO D16 L105 PRAWE NIEPRZELOTOWE HSS.tom' zakwalifikowany do '944 PLATEK ALBERT'
[2026-08-06 10:30:53] [INFO] SYMULACJA POMINIĘCIE: 'TECHNOCAM D16 Z3 KULKA LOLIPOP.tom' (Dwuznaczność (2 folderów))
[2026-08-06 10:30:53] [INFO] SYMULACJA POMINIĘCIE: 'TECHNOCAM D18 Z3 KULKA LOLIPOP.tom' (Dwuznaczność (2 folderów))
[2026-08-06 10:31:27] [INFO] SYMULACJA POMINIĘCIE: 'SIA WIERTLO Z4 6x12 KLAMKA LEWE.tom' (Brak folderu w bazie)
[2026-08-06 10:31:27] [INFO] SYMULACJA POMINIĘCIE: 'MULTI OKNA FREZ A1-518.tom' (Brak folderu w bazie)
[2026-08-06 10:31:27] [INFO] SYMULACJA POMINIĘCIE: 'D10-L70-Z4-LAMACZ-WIERTŁO-HW.tom' (Brak folderu w bazie)
[2026-08-06 10:31:27] [INFO] SYMULACJA OK: 'WIERTLO D10 Z2 L100 K60 PRAWE PRZELOTOWE.tom' zakwalifikowany do '221 ROJEK OKNA I DRZWI'
[2026-08-06 10:31:27] [INFO] SYMULACJA OK: 'WIERTLO D16 L110 NIEPRZELOTOWE.tom' zakwalifikowany do '278 GOTYK'
[2026-08-06 10:31:27] [INFO] SYMULACJA POMINIĘCIE: 'WIERTLO D35.3 L35 MORSE.tom' (Dwuznaczność (2 folderów))
[2026-08-06 10:31:27] [INFO] SYMULACJA OK: 'MADEX D10-L40-Z4-HW.tom' zakwalifikowany do '345 MADEX'
[2026-08-06 10:31:27] [INFO] SYMULACJA POMINIĘCIE: 'ALL WINDOWS D6 Z4 L L30 F1.0 CIETY.tom' (Brak folderu w bazie)
[2026-08-06 10:31:27] [INFO] SYMULACJA POMINIĘCIE: 'DREW-MEB D16 L140 NIEPRZELOTOWE.tom' (Dwuznaczność (2 folderów))
[2026-08-06 10:31:27] [INFO] SYMULACJA POMINIĘCIE: 'FREZ D10 Z1 L30 F1-ALU.tom' (Dwuznaczność (2 folderów))
[2026-08-06 10:31:27] [INFO] SYMULACJA POMINIĘCIE: 'FREZ D4 Z1 L12 PRAWE F1-ALU.tom' (Dwuznaczność (2 folderów))
[2026-08-06 10:31:27] [INFO] SYMULACJA OK: 'STURTZ D6 L65 PRAWE V1-ALU.tom' zakwalifikowany do '445 STURTZ'
[2026-08-06 10:31:27] [INFO] SYMULACJA POMINIĘCIE: 'DIAM-TOOLS FREZ D53 Z10 R21.tom' (Dwuznaczność (3 folderów))
[2026-08-06 10:31:27] [INFO] SYMULACJA POMINIĘCIE: 'FLORAD Frez D25x18 Z3 .tom' (Dwuznaczność (3 folderów))
[2026-08-06 10:31:27] [INFO] SYMULACJA POMINIĘCIE: 'SOLIDER WIERTLO NIEPRZELOTOWE D4x9 .tom' (Brak folderu w bazie)
[2026-08-06 10:31:27] [INFO] SYMULACJA OK: 'O1-ALU D10 L15 POLER.tom' zakwalifikowany do '488 EXTHERM-2'
[2026-08-06 10:31:27] [INFO] SYMULACJA OK: 'O1-ALU D12 L15 POLER.tom' zakwalifikowany do '488 EXTHERM-2'
[2026-08-06 10:31:27] [INFO] SYMULACJA OK: 'O1-ALU D7 L15 POLER.tom' zakwalifikowany do '488 EXTHERM-2'
[2026-08-06 10:31:27] [INFO] SYMULACJA POMINIĘCIE: 'MB TRADING Noz Oscylacyjny D6 D0,5 L15 MIECZ.tom' (Dwuznaczność (2 folderów))
[2026-08-06 10:31:27] [INFO] SYMULACJA OK: 'OSTRZENIE WIERTLO D10.8x9.5.tom' zakwalifikowany do 'ZS-497 SOLTYS-DREW'
[2026-08-06 10:31:27] [INFO] SYMULACJA OK: 'OSTRZENIE WIERTLO D12.3x10.8.tom' zakwalifikowany do 'ZS-497 SOLTYS-DREW'
[2026-08-06 10:31:27] [INFO] SYMULACJA OK: 'WALDEMARO FREZ D14 L3 TEOWY Z6.tom' zakwalifikowany do '508 WALDEMARO'
[2026-08-06 10:31:27] [INFO] SYMULACJA POMINIĘCIE: 'ALUMNI TEHNO Z4 D12x6 LAMACZ NG.tom' (Dwuznaczność (2 folderów))
[2026-08-06 10:31:27] [INFO] SYMULACJA POMINIĘCIE: 'ALUMNI TEHNO Z4 D14x7 LAMACZ NG pop.tom' (Brak folderu w bazie)
[2026-08-06 10:31:27] [INFO] SYMULACJA OK: 'ALUMNI TEHNO Z4 D14x7 LAMACZ NG.tom' zakwalifikowany do '565 TEHNO ROM TOOLS'
[2026-08-06 10:31:27] [INFO] SYMULACJA OK: 'FREZ HS D16.7 Z2 R0.5 K-30.tom' zakwalifikowany do '568 PROFINE POLSKA'
[2026-08-06 10:31:27] [INFO] SYMULACJA OK: 'WIERTLO D5X10 L11x43.tom' zakwalifikowany do '584 FIEGA MACHINES'
[2026-08-06 10:31:27] [INFO] SYMULACJA OK: 'TECHNOCAM D9 Z3 KULKA LOLIPOP.tom' zakwalifikowany do '586 TECHNOCAM'
[2026-08-06 10:31:27] [INFO] SYMULACJA POMINIĘCIE: 'FREZ D10 Z1 A1-1040.tom' (Dwuznaczność (2 folderów))
[2026-08-06 10:31:27] [INFO] SYMULACJA OK: 'PRZEROBKA PILOT D22x20 L15 k90.tom' zakwalifikowany do 'ZS-609 WALDEMAR SZWEC ALTUS'
[2026-08-06 10:31:27] [INFO] SYMULACJA OK: 'DRUTEX D5 Z1 L20.tom' zakwalifikowany do '621 DRUTEX'
[2026-08-06 10:31:27] [INFO] SYMULACJA POMINIĘCIE: 'PREZMET D20 PRAWA pilka 6+6.tom' (Dwuznaczność (3 folderów))
[2026-08-06 10:31:27] [INFO] SYMULACJA POMINIĘCIE: 'WIERTLO D8 L78 NIEPRZELOTOWE.tom' (Dwuznaczność (2 folderów))
[2026-08-06 10:31:27] [INFO] SYMULACJA POMINIĘCIE: 'FREZ D14 L20 Z4.tom' (Brak folderu w bazie)
[2026-08-06 10:31:27] [INFO] SYMULACJA POMINIĘCIE: 'DUDA PLUS D32.4 Z2 PROFILOWY.tom' (Dwuznaczność (2 folderów))
[2026-08-06 10:31:27] [INFO] SYMULACJA OK: 'MASLACH D13 Z2 90st PRZELOTOWE HSS.tom' zakwalifikowany do '698 MASLACH'
[2026-08-06 10:31:27] [INFO] SYMULACJA OK: 'D6 Z4 P L30 F0.5 CIETY.tom' zakwalifikowany do '711 DRUTEX'
[2026-08-06 10:31:27] [INFO] SYMULACJA OK: 'OPTIMA D11 SZLIF PRAWO-LEWY DO GWINTU.tom' zakwalifikowany do '711 OPTIMA PIOTR MROZ'
[2026-08-06 10:31:27] [INFO] SYMULACJA POMINIĘCIE: 'FREZ D18 Z2 A2-1835 LEWE.tom' (Dwuznaczność (2 folderów))
[2026-08-06 10:31:27] [INFO] SYMULACJA OK: 'FREZ D18 Z2 A2-1835.tom' zakwalifikowany do '712 CDN'
[2026-08-06 10:31:27] [INFO] SYMULACJA POMINIĘCIE: 'TECHNOCAM D10 Z3 KULKA LOLIPOP.tom' (Dwuznaczność (2 folderów))
[2026-08-06 10:31:27] [INFO] SYMULACJA POMINIĘCIE: 'TECHNOCAM D12 Z3 KULKA LOLIPOP.tom' (Dwuznaczność (2 folderów))
[2026-08-06 10:31:27] [INFO] SYMULACJA POMINIĘCIE: 'TECHNOCAM D14 Z3 KULKA LOLIPOP.tom' (Dwuznaczność (2 folderów))
[2026-08-06 10:31:27] [INFO] SYMULACJA POMINIĘCIE: 'TECHNOCAM D16 Z3 KULKA LOLIPOP.tom' (Dwuznaczność (2 folderów))
[2026-08-06 10:31:27] [INFO] SYMULACJA POMINIĘCIE: 'TECHNOCAM D18 Z3 KULKA LOLIPOP.tom' (Dwuznaczność (2 folderów))
[2026-08-06 10:31:27] [INFO] SYMULACJA OK: 'WIERTLO D15.9 L77.5 LEWE-NIEPRZELOTOWE.tom' zakwalifikowany do '722 POL-SKONE'
[2026-08-06 10:31:27] [INFO] SYMULACJA POMINIĘCIE: 'PREZMET D20 LEWA pilka 6+6.tom' (Dwuznaczność (3 folderów))
[2026-08-06 10:31:27] [INFO] SYMULACJA POMINIĘCIE: 'PREZMET D20 PRAWA pilka 6+6.tom' (Dwuznaczność (3 folderów))
[2026-08-06 10:31:27] [INFO] SYMULACJA POMINIĘCIE: 'DIAM-TOOLS FREZ D53 Z10 R21.tom' (Dwuznaczność (3 folderów))
[2026-08-06 10:31:27] [INFO] SYMULACJA POMINIĘCIE: 'FREZ STOZKOWY D10 L52 K1.19.tom' (Dwuznaczność (2 folderów))
[2026-08-06 10:31:27] [INFO] SYMULACJA OK: 'FREZ D22 Z4 L20 HSS.tom' zakwalifikowany do '801 DAKO'
[2026-08-06 10:31:27] [INFO] SYMULACJA OK: 'ALUMNI SRL D10 L22 Z4 LAMACZ HW.tom' zakwalifikowany do '817 ALUMNI SRL'
[2026-08-06 10:31:27] [INFO] SYMULACJA OK: 'ALUMNI SRL D10 Z4+2 K118 ZGRUBNY.tom' zakwalifikowany do '817 ALUMNI SRL'
[2026-08-06 10:31:27] [INFO] SYMULACJA OK: 'ALUMNI SRL D8 Z4+2 K118 ZGRUBNY.tom' zakwalifikowany do '817 ALUMNI SRL'
[2026-08-06 10:31:27] [INFO] SYMULACJA OK: 'D8 L22 A3-822 LAMACZ.tom' zakwalifikowany do '817 ALUMNI SRL'
[2026-08-06 10:31:27] [INFO] SYMULACJA OK: 'WIERTLO Z2 D12 L90 K90 PRAWE.tom' zakwalifikowany do '832 PH KONTRA'
[2026-08-06 10:31:27] [INFO] SYMULACJA POMINIĘCIE: 'D8 Z3 L15 LEWO PRAWY.tom' (Dwuznaczność (2 folderów))
[2026-08-06 10:31:27] [INFO] SYMULACJA POMINIĘCIE: 'WIERTŁO-D18-L34.5-D15-L5.5-D12-L34.5-D6-L5.5-PRAWE-HS.tom' (Brak folderu w bazie)
[2026-08-06 10:31:27] [INFO] SYMULACJA OK: 'SEKO FREZ D12 Z4 L25 HW.tom' zakwalifikowany do '865 SEKO'
[2026-08-06 10:31:27] [INFO] SYMULACJA POMINIĘCIE: 'GOLD DOOR D16 L45 Z3 WYKANCZAJACO-ZGRUBNY.tom' (Dwuznaczność (3 folderów))
[2026-08-06 10:31:27] [INFO] SYMULACJA POMINIĘCIE: 'WYPYCHACZ D2.5x4.tom' (Dwuznaczność (2 folderów))
[2026-08-06 10:31:27] [INFO] SYMULACJA OK: 'FREZ D32 Z2+2 L20 HSS POPRAWKA.tom' zakwalifikowany do '928 MAR-TOM'
[2026-08-06 10:31:27] [INFO] SYMULACJA OK: 'FREZ D32 Z2+2 L20 HSS.tom' zakwalifikowany do '928 MAR-TOM'
[2026-08-06 10:31:27] [INFO] SYMULACJA OK: 'WERTLO D16 L105 LEWE NIEPRZELOTOWE HSS.tom' zakwalifikowany do '944 PLATEK ALBERT'
[2026-08-06 10:31:27] [INFO] SYMULACJA OK: 'WERTLO D16 L105 PRAWE NIEPRZELOTOWE HSS.tom' zakwalifikowany do '944 PLATEK ALBERT'
[2026-08-06 10:31:27] [INFO] SYMULACJA POMINIĘCIE: 'TECHNOCAM D16 Z3 KULKA LOLIPOP.tom' (Dwuznaczność (2 folderów))
[2026-08-06 10:31:27] [INFO] SYMULACJA POMINIĘCIE: 'TECHNOCAM D18 Z3 KULKA LOLIPOP.tom' (Dwuznaczność (2 folderów))
[2026-08-06 10:35:00] [INFO] Uruchomiono aplikację Network File Manager.
[2026-08-06 10:35:23] [INFO] ZARCHIWIZOWANO: Plik 'WIERTLO D10 Z2 L100 K60 PRAWE PRZELOTOWE.tom' z maszyny 'MX7_ULTRA' do katalogu 'WYKONANIE MX7_ULTRA 22_06_26 12_39'.
[2026-08-06 10:35:38] [INFO] USUNIĘTO PUSTY FOLDER (AUTOCLEAN): '\\192.168.1.67\c$\Program Files (x86)\ANCA\RN34.1\toolroom\user\tools\WYKONANE\2026\221'
[2026-08-06 10:35:44] [INFO] SYMULACJA POMINIĘCIE: 'SIA WIERTLO Z4 6x12 KLAMKA LEWE.tom' (Brak folderu w bazie)
[2026-08-06 10:35:44] [INFO] SYMULACJA POMINIĘCIE: 'MULTI OKNA FREZ A1-518.tom' (Brak folderu w bazie)
[2026-08-06 10:35:44] [INFO] SYMULACJA POMINIĘCIE: 'D10-L70-Z4-LAMACZ-WIERTŁO-HW.tom' (Brak folderu w bazie)
[2026-08-06 10:35:44] [INFO] SYMULACJA OK: 'WIERTLO D16 L110 NIEPRZELOTOWE.tom' zakwalifikowany do '278 GOTYK'
[2026-08-06 10:35:44] [INFO] SYMULACJA POMINIĘCIE: 'WIERTLO D35.3 L35 MORSE.tom' (Dwuznaczność (2 folderów))
[2026-08-06 10:35:44] [INFO] SYMULACJA OK: 'MADEX D10-L40-Z4-HW.tom' zakwalifikowany do '345 MADEX'
[2026-08-06 10:35:44] [INFO] SYMULACJA POMINIĘCIE: 'ALL WINDOWS D6 Z4 L L30 F1.0 CIETY.tom' (Brak folderu w bazie)
[2026-08-06 10:35:44] [INFO] SYMULACJA POMINIĘCIE: 'DREW-MEB D16 L140 NIEPRZELOTOWE.tom' (Dwuznaczność (2 folderów))
[2026-08-06 10:35:44] [INFO] SYMULACJA POMINIĘCIE: 'FREZ D10 Z1 L30 F1-ALU.tom' (Dwuznaczność (2 folderów))
[2026-08-06 10:35:44] [INFO] SYMULACJA POMINIĘCIE: 'FREZ D4 Z1 L12 PRAWE F1-ALU.tom' (Dwuznaczność (2 folderów))
[2026-08-06 10:35:44] [INFO] SYMULACJA OK: 'STURTZ D6 L65 PRAWE V1-ALU.tom' zakwalifikowany do '445 STURTZ'
[2026-08-06 10:35:44] [INFO] SYMULACJA POMINIĘCIE: 'DIAM-TOOLS FREZ D53 Z10 R21.tom' (Dwuznaczność (3 folderów))
[2026-08-06 10:35:44] [INFO] SYMULACJA POMINIĘCIE: 'FLORAD Frez D25x18 Z3 .tom' (Dwuznaczność (3 folderów))
[2026-08-06 10:35:44] [INFO] SYMULACJA POMINIĘCIE: 'SOLIDER WIERTLO NIEPRZELOTOWE D4x9 .tom' (Brak folderu w bazie)
[2026-08-06 10:35:44] [INFO] SYMULACJA OK: 'O1-ALU D10 L15 POLER.tom' zakwalifikowany do '488 EXTHERM-2'
[2026-08-06 10:35:44] [INFO] SYMULACJA OK: 'O1-ALU D12 L15 POLER.tom' zakwalifikowany do '488 EXTHERM-2'
[2026-08-06 10:35:44] [INFO] SYMULACJA OK: 'O1-ALU D7 L15 POLER.tom' zakwalifikowany do '488 EXTHERM-2'
[2026-08-06 10:35:44] [INFO] SYMULACJA POMINIĘCIE: 'MB TRADING Noz Oscylacyjny D6 D0,5 L15 MIECZ.tom' (Dwuznaczność (2 folderów))
[2026-08-06 10:35:44] [INFO] SYMULACJA OK: 'OSTRZENIE WIERTLO D10.8x9.5.tom' zakwalifikowany do 'ZS-497 SOLTYS-DREW'
[2026-08-06 10:35:44] [INFO] SYMULACJA OK: 'OSTRZENIE WIERTLO D12.3x10.8.tom' zakwalifikowany do 'ZS-497 SOLTYS-DREW'
[2026-08-06 10:35:44] [INFO] SYMULACJA OK: 'WALDEMARO FREZ D14 L3 TEOWY Z6.tom' zakwalifikowany do '508 WALDEMARO'
[2026-08-06 10:35:44] [INFO] SYMULACJA POMINIĘCIE: 'ALUMNI TEHNO Z4 D12x6 LAMACZ NG.tom' (Dwuznaczność (2 folderów))
[2026-08-06 10:35:44] [INFO] SYMULACJA POMINIĘCIE: 'ALUMNI TEHNO Z4 D14x7 LAMACZ NG pop.tom' (Brak folderu w bazie)
[2026-08-06 10:35:44] [INFO] SYMULACJA OK: 'ALUMNI TEHNO Z4 D14x7 LAMACZ NG.tom' zakwalifikowany do '565 TEHNO ROM TOOLS'
[2026-08-06 10:35:44] [INFO] SYMULACJA OK: 'FREZ HS D16.7 Z2 R0.5 K-30.tom' zakwalifikowany do '568 PROFINE POLSKA'
[2026-08-06 10:35:44] [INFO] SYMULACJA OK: 'WIERTLO D5X10 L11x43.tom' zakwalifikowany do '584 FIEGA MACHINES'
[2026-08-06 10:35:44] [INFO] SYMULACJA OK: 'TECHNOCAM D9 Z3 KULKA LOLIPOP.tom' zakwalifikowany do '586 TECHNOCAM'
[2026-08-06 10:35:44] [INFO] SYMULACJA POMINIĘCIE: 'FREZ D10 Z1 A1-1040.tom' (Dwuznaczność (2 folderów))
[2026-08-06 10:35:44] [INFO] SYMULACJA OK: 'PRZEROBKA PILOT D22x20 L15 k90.tom' zakwalifikowany do 'ZS-609 WALDEMAR SZWEC ALTUS'
[2026-08-06 10:35:44] [INFO] SYMULACJA OK: 'DRUTEX D5 Z1 L20.tom' zakwalifikowany do '621 DRUTEX'
[2026-08-06 10:35:44] [INFO] SYMULACJA POMINIĘCIE: 'PREZMET D20 PRAWA pilka 6+6.tom' (Dwuznaczność (3 folderów))
[2026-08-06 10:35:44] [INFO] SYMULACJA POMINIĘCIE: 'WIERTLO D8 L78 NIEPRZELOTOWE.tom' (Dwuznaczność (2 folderów))
[2026-08-06 10:35:44] [INFO] SYMULACJA POMINIĘCIE: 'FREZ D14 L20 Z4.tom' (Brak folderu w bazie)
[2026-08-06 10:35:44] [INFO] SYMULACJA POMINIĘCIE: 'DUDA PLUS D32.4 Z2 PROFILOWY.tom' (Dwuznaczność (2 folderów))
[2026-08-06 10:35:44] [INFO] SYMULACJA OK: 'MASLACH D13 Z2 90st PRZELOTOWE HSS.tom' zakwalifikowany do '698 MASLACH'
[2026-08-06 10:35:44] [INFO] SYMULACJA OK: 'D6 Z4 P L30 F0.5 CIETY.tom' zakwalifikowany do '711 DRUTEX'
[2026-08-06 10:35:44] [INFO] SYMULACJA OK: 'OPTIMA D11 SZLIF PRAWO-LEWY DO GWINTU.tom' zakwalifikowany do '711 OPTIMA PIOTR MROZ'
[2026-08-06 10:35:44] [INFO] SYMULACJA POMINIĘCIE: 'FREZ D18 Z2 A2-1835 LEWE.tom' (Dwuznaczność (2 folderów))
[2026-08-06 10:35:44] [INFO] SYMULACJA OK: 'FREZ D18 Z2 A2-1835.tom' zakwalifikowany do '712 CDN'
[2026-08-06 10:35:44] [INFO] SYMULACJA POMINIĘCIE: 'TECHNOCAM D10 Z3 KULKA LOLIPOP.tom' (Dwuznaczność (2 folderów))
[2026-08-06 10:35:44] [INFO] SYMULACJA POMINIĘCIE: 'TECHNOCAM D12 Z3 KULKA LOLIPOP.tom' (Dwuznaczność (2 folderów))
[2026-08-06 10:35:44] [INFO] SYMULACJA POMINIĘCIE: 'TECHNOCAM D14 Z3 KULKA LOLIPOP.tom' (Dwuznaczność (2 folderów))
[2026-08-06 10:35:44] [INFO] SYMULACJA POMINIĘCIE: 'TECHNOCAM D16 Z3 KULKA LOLIPOP.tom' (Dwuznaczność (2 folderów))
[2026-08-06 10:35:44] [INFO] SYMULACJA POMINIĘCIE: 'TECHNOCAM D18 Z3 KULKA LOLIPOP.tom' (Dwuznaczność (2 folderów))
[2026-08-06 10:35:44] [INFO] SYMULACJA OK: 'WIERTLO D15.9 L77.5 LEWE-NIEPRZELOTOWE.tom' zakwalifikowany do '722 POL-SKONE'
[2026-08-06 10:35:44] [INFO] SYMULACJA POMINIĘCIE: 'PREZMET D20 LEWA pilka 6+6.tom' (Dwuznaczność (3 folderów))
[2026-08-06 10:35:44] [INFO] SYMULACJA POMINIĘCIE: 'PREZMET D20 PRAWA pilka 6+6.tom' (Dwuznaczność (3 folderów))
[2026-08-06 10:35:44] [INFO] SYMULACJA POMINIĘCIE: 'DIAM-TOOLS FREZ D53 Z10 R21.tom' (Dwuznaczność (3 folderów))
[2026-08-06 10:35:44] [INFO] SYMULACJA POMINIĘCIE: 'FREZ STOZKOWY D10 L52 K1.19.tom' (Dwuznaczność (2 folderów))
[2026-08-06 10:35:44] [INFO] SYMULACJA OK: 'FREZ D22 Z4 L20 HSS.tom' zakwalifikowany do '801 DAKO'
[2026-08-06 10:35:44] [INFO] SYMULACJA OK: 'ALUMNI SRL D10 L22 Z4 LAMACZ HW.tom' zakwalifikowany do '817 ALUMNI SRL'
[2026-08-06 10:35:44] [INFO] SYMULACJA OK: 'ALUMNI SRL D10 Z4+2 K118 ZGRUBNY.tom' zakwalifikowany do '817 ALUMNI SRL'
[2026-08-06 10:35:44] [INFO] SYMULACJA OK: 'ALUMNI SRL D8 Z4+2 K118 ZGRUBNY.tom' zakwalifikowany do '817 ALUMNI SRL'
[2026-08-06 10:35:44] [INFO] SYMULACJA OK: 'D8 L22 A3-822 LAMACZ.tom' zakwalifikowany do '817 ALUMNI SRL'
[2026-08-06 10:35:44] [INFO] SYMULACJA OK: 'WIERTLO Z2 D12 L90 K90 PRAWE.tom' zakwalifikowany do '832 PH KONTRA'
[2026-08-06 10:35:44] [INFO] SYMULACJA POMINIĘCIE: 'D8 Z3 L15 LEWO PRAWY.tom' (Dwuznaczność (2 folderów))
[2026-08-06 10:35:44] [INFO] SYMULACJA POMINIĘCIE: 'WIERTŁO-D18-L34.5-D15-L5.5-D12-L34.5-D6-L5.5-PRAWE-HS.tom' (Brak folderu w bazie)
[2026-08-06 10:35:44] [INFO] SYMULACJA OK: 'SEKO FREZ D12 Z4 L25 HW.tom' zakwalifikowany do '865 SEKO'
[2026-08-06 10:35:44] [INFO] SYMULACJA POMINIĘCIE: 'GOLD DOOR D16 L45 Z3 WYKANCZAJACO-ZGRUBNY.tom' (Dwuznaczność (3 folderów))
[2026-08-06 10:35:44] [INFO] SYMULACJA POMINIĘCIE: 'WYPYCHACZ D2.5x4.tom' (Dwuznaczność (2 folderów))
[2026-08-06 10:35:44] [INFO] SYMULACJA OK: 'FREZ D32 Z2+2 L20 HSS POPRAWKA.tom' zakwalifikowany do '928 MAR-TOM'
[2026-08-06 10:35:44] [INFO] SYMULACJA OK: 'FREZ D32 Z2+2 L20 HSS.tom' zakwalifikowany do '928 MAR-TOM'
[2026-08-06 10:35:44] [INFO] SYMULACJA OK: 'WERTLO D16 L105 LEWE NIEPRZELOTOWE HSS.tom' zakwalifikowany do '944 PLATEK ALBERT'
[2026-08-06 10:35:44] [INFO] SYMULACJA OK: 'WERTLO D16 L105 PRAWE NIEPRZELOTOWE HSS.tom' zakwalifikowany do '944 PLATEK ALBERT'
[2026-08-06 10:35:44] [INFO] SYMULACJA POMINIĘCIE: 'TECHNOCAM D16 Z3 KULKA LOLIPOP.tom' (Dwuznaczność (2 folderów))
[2026-08-06 10:35:44] [INFO] SYMULACJA POMINIĘCIE: 'TECHNOCAM D18 Z3 KULKA LOLIPOP.tom' (Dwuznaczność (2 folderów))
[2026-08-06 10:43:45] [INFO] Uruchomiono aplikację Network File Manager.
[2026-08-06 10:44:02] [INFO] SYMULACJA OK: 'WIERTLO D8.5 L80 K60 PRZELOTOWE.tom' zakwalifikowany do '132 INCOBEX'
[2026-08-06 10:44:02] [INFO] SYMULACJA POMINIĘCIE: 'WIERTLO POD KLAMKE D6x12 L6 LEWE.tom' (Dwuznaczność (8 folderów))
[2026-08-06 10:44:02] [INFO] SYMULACJA OK: '4HOME D4x10 L21,1x30 PRZELOTOWE.tom' zakwalifikowany do '193 4HOME'
[2026-08-06 10:44:02] [INFO] SYMULACJA POMINIĘCIE: 'FREZ D10x5 K90 L14 DO SZPICA PRAWE.tom' (Dwuznaczność (2 folderów))
[2026-08-06 10:44:02] [INFO] SYMULACJA POMINIĘCIE: 'D8 Z2 A2-835 HSS.tom' (Dwuznaczność (4 folderów))
[2026-08-06 10:44:02] [INFO] SYMULACJA OK: 'WIERTLO D20x10 L45 NIEPRZELOTOWE.tom' zakwalifikowany do '25 DREWHINZ'
[2026-08-06 10:44:02] [INFO] SYMULACJA POMINIĘCIE: 'PILOT D6.5XL11 D11.9 K180.tom' (Brak folderu w bazie)
[2026-08-06 10:44:02] [INFO] SYMULACJA OK: 'D10 Z2 A2-1050.tom' zakwalifikowany do '263 M&D GROUP'
[2026-08-06 10:44:02] [INFO] SYMULACJA OK: 'FREZ D4xD31,1 K30 Z2 HSS v2.tom' zakwalifikowany do '27 POLTING FOAM'
[2026-08-06 10:44:02] [INFO] SYMULACJA OK: 'STURTZ FREZ D6 Z3 HSS LEWE.tom' zakwalifikowany do '324 STURTZ'
[2026-08-06 10:44:02] [INFO] SYMULACJA OK: 'MABIT 34454_01B P110 5020.tom' zakwalifikowany do '358 MABIT'
[2026-08-06 10:44:02] [INFO] SYMULACJA POMINIĘCIE: 'SMA LSWM-03-02-005 TRZPIEN POZYCJI.tom' (Brak folderu w bazie)
[2026-08-06 10:44:02] [INFO] SYMULACJA OK: 'WIERTLO POD KLAMKE D6x10 L6 PRAWE 50x90.tom' zakwalifikowany do '386 TEHNO ROM TOOLS'
[2026-08-06 10:44:02] [INFO] SYMULACJA OK: 'MABIT 28575_01-P03-1014_1_7.tom' zakwalifikowany do '428 MABIT'
[2026-08-06 10:44:02] [INFO] SYMULACJA POMINIĘCIE: 'FREZ D6 Z1 A1-635.tom' (Dwuznaczność (2 folderów))
[2026-08-06 10:44:02] [INFO] SYMULACJA OK: 'KORPORACJA D8-L35-Z2-HS.tom' zakwalifikowany do '457 KORPORACJA VIP'
[2026-08-06 10:44:02] [INFO] SYMULACJA OK: 'KLAMKA Z4 10X6 L5 LEWA.tom' zakwalifikowany do '496 SIA MJ Logi'
[2026-08-06 10:44:02] [INFO] SYMULACJA OK: 'KLAMKA Z4 12X6 L6 PRAWA.tom' zakwalifikowany do '496 SIA MJ Logi'
[2026-08-06 10:44:02] [INFO] SYMULACJA OK: 'WIERTLO D12x4 L20x20 NIEPRZELOTOWE LEWE.tom' zakwalifikowany do '575 NIEDZIELA'
[2026-08-06 10:44:02] [INFO] SYMULACJA OK: 'WIERTLO D12x4 L20x20 NIEPRZELOTOWE.tom' zakwalifikowany do '575 NIEDZIELA'
[2026-08-06 10:44:02] [INFO] SYMULACJA POMINIĘCIE: 'WIERTLO D5X10 L15x25.tom' (Dwuznaczność (2 folderów))
[2026-08-06 10:44:02] [INFO] SYMULACJA POMINIĘCIE: 'WIERTLO D5X7.7 L20x25.tom' (Dwuznaczność (3 folderów))
[2026-08-06 10:44:02] [INFO] SYMULACJA OK: 'WIRTLO 4.5X7X10 K120.tom' zakwalifikowany do '584 FIEGA MACHINES'
[2026-08-06 10:44:02] [INFO] SYMULACJA OK: 'WIERTLO D6.5x10 L15 PRAWE.tom' zakwalifikowany do '588 KAPICA'
[2026-08-06 10:44:02] [INFO] SYMULACJA POMINIĘCIE: 'MAR-TOM PRZEROBKA NA PRZELOTOWE 60st.tom' (Brak folderu w bazie)
[2026-08-06 10:44:02] [INFO] SYMULACJA OK: 'ARCUS WIERTLO D11x5.5 L7x45 K118 PRAWE.tom' zakwalifikowany do '611 ARCUS'
[2026-08-06 10:44:02] [INFO] SYMULACJA OK: 'ARCUS WIERTLO D13x5.5 L7x45 K118 LEWE.tom' zakwalifikowany do '611 ARCUS'
[2026-08-06 10:44:02] [INFO] SYMULACJA OK: 'D10 Z2 L45 PROSTY PRZESTAWIONY.tom' zakwalifikowany do '618 NITUS'
[2026-08-06 10:44:02] [INFO] SYMULACJA OK: 'FREZ D5 Z1 A1-516.tom' zakwalifikowany do '623 OKNAR'
[2026-08-06 10:44:02] [INFO] SYMULACJA OK: 'ALUDOR FREZ A1-518.tom' zakwalifikowany do '638 ALUDOR'
[2026-08-06 10:44:02] [INFO] SYMULACJA POMINIĘCIE: 'KONINSKA FABRYKA OKIEN FREZ A1-518.tom' (Brak folderu w bazie)
[2026-08-06 10:44:02] [INFO] SYMULACJA POMINIĘCIE: 'WIERTLO POD KLAMKE D10 LEWE.tom' (Dwuznaczność (2 folderów))
[2026-08-06 10:44:02] [INFO] SYMULACJA OK: 'FREZ D10 L40 Z1 HW O1-ALU DRUTEX.tom' zakwalifikowany do '738 DRUTEX'
[2026-08-06 10:44:02] [INFO] SYMULACJA POMINIĘCIE: 'D8 Z1 A1-825 .tom' (Dwuznaczność (4 folderów))
[2026-08-06 10:44:02] [INFO] SYMULACJA POMINIĘCIE: 'D8 Z1 A1-830 .tom' (Dwuznaczność (2 folderów))
[2026-08-06 10:44:02] [INFO] SYMULACJA POMINIĘCIE: 'FREZ D8 Z2 A2-825 HSS.tom' (Dwuznaczność (2 folderów))
[2026-08-06 10:44:02] [INFO] SYMULACJA OK: 'D12 Z3 L1 CZYSZCZARKA HSS.tom' zakwalifikowany do '751 STOLLAR SYSTEMY'
[2026-08-06 10:44:02] [INFO] SYMULACJA OK: 'WIERTLO D9x3.2 L10 K120.tom' zakwalifikowany do '769 PRO-TECH'
[2026-08-06 10:44:02] [INFO] SYMULACJA OK: 'WIERTLO D9x3.2 L10 K90.tom' zakwalifikowany do '769 PRO-TECH'
[2026-08-06 10:44:02] [INFO] SYMULACJA OK: 'D4-Z1-L35-PROSTY-WIERCACY.tom' zakwalifikowany do '825 DECCO'
[2026-08-06 10:44:02] [INFO] SYMULACJA OK: 'PILOT WIERTLO D5x13 L5 PRAWE.tom' zakwalifikowany do '828 2M SYSTEM'
[2026-08-06 10:44:02] [INFO] SYMULACJA OK: 'WIERTLO POD KLAMKE D6x11 L6 LEWE 60x120.tom' zakwalifikowany do '833 KM-OKNO'
[2026-08-06 10:44:02] [INFO] SYMULACJA OK: 'WIERTLO POD KLAMKE D6x12 L6 PRAWE 60x120.tom' zakwalifikowany do '833 KM-OKNO'
[2026-08-06 10:44:02] [INFO] SYMULACJA OK: 'D5 L25 Z3 HW.tom' zakwalifikowany do '924 NEXBAU'
[2026-08-06 10:44:02] [INFO] SYMULACJA OK: 'WIERTLO D12x5 NIEPRZELOTOWE.tom' zakwalifikowany do '925 COMA-SPORT'
[2026-08-06 10:44:02] [INFO] SYMULACJA OK: 'SEGER DLA ABB FREZ D20 Z3 L20.tom' zakwalifikowany do '958 SEGER DLA ABB'
[2026-08-06 10:44:02] [INFO] SYMULACJA POMINIĘCIE: 'EMPOL WIERTLO Z4 6x12 KLAMKA PRAWE stara geometria .tom' (Dwuznaczność (2 folderów))
[2026-08-06 10:44:32] [INFO] SYMULACJA POMINIĘCIE: 'SIA WIERTLO Z4 6x12 KLAMKA LEWE.tom' (Brak folderu w bazie)
[2026-08-06 10:44:32] [INFO] SYMULACJA POMINIĘCIE: 'MULTI OKNA FREZ A1-518.tom' (Brak folderu w bazie)
[2026-08-06 10:44:32] [INFO] SYMULACJA POMINIĘCIE: 'D10-L70-Z4-LAMACZ-WIERTŁO-HW.tom' (Brak folderu w bazie)
[2026-08-06 10:44:32] [INFO] SYMULACJA OK: 'WIERTLO D16 L110 NIEPRZELOTOWE.tom' zakwalifikowany do '278 GOTYK'
[2026-08-06 10:44:32] [INFO] SYMULACJA POMINIĘCIE: 'WIERTLO D35.3 L35 MORSE.tom' (Dwuznaczność (2 folderów))
[2026-08-06 10:44:32] [INFO] SYMULACJA OK: 'MADEX D10-L40-Z4-HW.tom' zakwalifikowany do '345 MADEX'
[2026-08-06 10:44:32] [INFO] SYMULACJA POMINIĘCIE: 'ALL WINDOWS D6 Z4 L L30 F1.0 CIETY.tom' (Brak folderu w bazie)
[2026-08-06 10:44:32] [INFO] SYMULACJA POMINIĘCIE: 'DREW-MEB D16 L140 NIEPRZELOTOWE.tom' (Dwuznaczność (2 folderów))
[2026-08-06 10:44:32] [INFO] SYMULACJA POMINIĘCIE: 'FREZ D10 Z1 L30 F1-ALU.tom' (Dwuznaczność (2 folderów))
[2026-08-06 10:44:32] [INFO] SYMULACJA POMINIĘCIE: 'FREZ D4 Z1 L12 PRAWE F1-ALU.tom' (Dwuznaczność (2 folderów))
[2026-08-06 10:44:32] [INFO] SYMULACJA OK: 'STURTZ D6 L65 PRAWE V1-ALU.tom' zakwalifikowany do '445 STURTZ'
[2026-08-06 10:44:32] [INFO] SYMULACJA POMINIĘCIE: 'DIAM-TOOLS FREZ D53 Z10 R21.tom' (Dwuznaczność (3 folderów))
[2026-08-06 10:44:32] [INFO] SYMULACJA POMINIĘCIE: 'FLORAD Frez D25x18 Z3 .tom' (Dwuznaczność (3 folderów))
[2026-08-06 10:44:32] [INFO] SYMULACJA POMINIĘCIE: 'SOLIDER WIERTLO NIEPRZELOTOWE D4x9 .tom' (Brak folderu w bazie)
[2026-08-06 10:44:32] [INFO] SYMULACJA OK: 'O1-ALU D10 L15 POLER.tom' zakwalifikowany do '488 EXTHERM-2'
[2026-08-06 10:44:32] [INFO] SYMULACJA OK: 'O1-ALU D12 L15 POLER.tom' zakwalifikowany do '488 EXTHERM-2'
[2026-08-06 10:44:32] [INFO] SYMULACJA OK: 'O1-ALU D7 L15 POLER.tom' zakwalifikowany do '488 EXTHERM-2'
[2026-08-06 10:44:32] [INFO] SYMULACJA POMINIĘCIE: 'MB TRADING Noz Oscylacyjny D6 D0,5 L15 MIECZ.tom' (Dwuznaczność (2 folderów))
[2026-08-06 10:44:32] [INFO] SYMULACJA OK: 'OSTRZENIE WIERTLO D10.8x9.5.tom' zakwalifikowany do 'ZS-497 SOLTYS-DREW'
[2026-08-06 10:44:32] [INFO] SYMULACJA OK: 'OSTRZENIE WIERTLO D12.3x10.8.tom' zakwalifikowany do 'ZS-497 SOLTYS-DREW'
[2026-08-06 10:44:32] [INFO] SYMULACJA OK: 'WALDEMARO FREZ D14 L3 TEOWY Z6.tom' zakwalifikowany do '508 WALDEMARO'
[2026-08-06 10:44:32] [INFO] SYMULACJA POMINIĘCIE: 'ALUMNI TEHNO Z4 D12x6 LAMACZ NG.tom' (Dwuznaczność (2 folderów))
[2026-08-06 10:44:32] [INFO] SYMULACJA POMINIĘCIE: 'ALUMNI TEHNO Z4 D14x7 LAMACZ NG pop.tom' (Brak folderu w bazie)
[2026-08-06 10:44:32] [INFO] SYMULACJA OK: 'ALUMNI TEHNO Z4 D14x7 LAMACZ NG.tom' zakwalifikowany do '565 TEHNO ROM TOOLS'
[2026-08-06 10:44:32] [INFO] SYMULACJA OK: 'FREZ HS D16.7 Z2 R0.5 K-30.tom' zakwalifikowany do '568 PROFINE POLSKA'
[2026-08-06 10:44:32] [INFO] SYMULACJA OK: 'WIERTLO D5X10 L11x43.tom' zakwalifikowany do '584 FIEGA MACHINES'
[2026-08-06 10:44:32] [INFO] SYMULACJA OK: 'TECHNOCAM D9 Z3 KULKA LOLIPOP.tom' zakwalifikowany do '586 TECHNOCAM'
[2026-08-06 10:44:32] [INFO] SYMULACJA POMINIĘCIE: 'FREZ D10 Z1 A1-1040.tom' (Dwuznaczność (2 folderów))
[2026-08-06 10:44:32] [INFO] SYMULACJA OK: 'PRZEROBKA PILOT D22x20 L15 k90.tom' zakwalifikowany do 'ZS-609 WALDEMAR SZWEC ALTUS'
[2026-08-06 10:44:32] [INFO] SYMULACJA OK: 'DRUTEX D5 Z1 L20.tom' zakwalifikowany do '621 DRUTEX'
[2026-08-06 10:44:32] [INFO] SYMULACJA POMINIĘCIE: 'PREZMET D20 PRAWA pilka 6+6.tom' (Dwuznaczność (3 folderów))
[2026-08-06 10:44:32] [INFO] SYMULACJA POMINIĘCIE: 'WIERTLO D8 L78 NIEPRZELOTOWE.tom' (Dwuznaczność (2 folderów))
[2026-08-06 10:44:32] [INFO] SYMULACJA POMINIĘCIE: 'FREZ D14 L20 Z4.tom' (Brak folderu w bazie)
[2026-08-06 10:44:32] [INFO] SYMULACJA POMINIĘCIE: 'DUDA PLUS D32.4 Z2 PROFILOWY.tom' (Dwuznaczność (2 folderów))
[2026-08-06 10:44:32] [INFO] SYMULACJA OK: 'MASLACH D13 Z2 90st PRZELOTOWE HSS.tom' zakwalifikowany do '698 MASLACH'
[2026-08-06 10:44:32] [INFO] SYMULACJA OK: 'D6 Z4 P L30 F0.5 CIETY.tom' zakwalifikowany do '711 DRUTEX'
[2026-08-06 10:44:32] [INFO] SYMULACJA OK: 'OPTIMA D11 SZLIF PRAWO-LEWY DO GWINTU.tom' zakwalifikowany do '711 OPTIMA PIOTR MROZ'
[2026-08-06 10:44:32] [INFO] SYMULACJA POMINIĘCIE: 'FREZ D18 Z2 A2-1835 LEWE.tom' (Dwuznaczność (2 folderów))
[2026-08-06 10:44:32] [INFO] SYMULACJA OK: 'FREZ D18 Z2 A2-1835.tom' zakwalifikowany do '712 CDN'
[2026-08-06 10:44:32] [INFO] SYMULACJA POMINIĘCIE: 'TECHNOCAM D10 Z3 KULKA LOLIPOP.tom' (Dwuznaczność (2 folderów))
[2026-08-06 10:44:32] [INFO] SYMULACJA POMINIĘCIE: 'TECHNOCAM D12 Z3 KULKA LOLIPOP.tom' (Dwuznaczność (2 folderów))
[2026-08-06 10:44:32] [INFO] SYMULACJA POMINIĘCIE: 'TECHNOCAM D14 Z3 KULKA LOLIPOP.tom' (Dwuznaczność (2 folderów))
[2026-08-06 10:44:32] [INFO] SYMULACJA POMINIĘCIE: 'TECHNOCAM D16 Z3 KULKA LOLIPOP.tom' (Dwuznaczność (2 folderów))
[2026-08-06 10:44:32] [INFO] SYMULACJA POMINIĘCIE: 'TECHNOCAM D18 Z3 KULKA LOLIPOP.tom' (Dwuznaczność (2 folderów))
[2026-08-06 10:44:32] [INFO] SYMULACJA OK: 'WIERTLO D15.9 L77.5 LEWE-NIEPRZELOTOWE.tom' zakwalifikowany do '722 POL-SKONE'
[2026-08-06 10:44:32] [INFO] SYMULACJA POMINIĘCIE: 'PREZMET D20 LEWA pilka 6+6.tom' (Dwuznaczność (3 folderów))
[2026-08-06 10:44:32] [INFO] SYMULACJA POMINIĘCIE: 'PREZMET D20 PRAWA pilka 6+6.tom' (Dwuznaczność (3 folderów))
[2026-08-06 10:44:32] [INFO] SYMULACJA POMINIĘCIE: 'DIAM-TOOLS FREZ D53 Z10 R21.tom' (Dwuznaczność (3 folderów))
[2026-08-06 10:44:32] [INFO] SYMULACJA POMINIĘCIE: 'FREZ STOZKOWY D10 L52 K1.19.tom' (Dwuznaczność (2 folderów))
[2026-08-06 10:44:32] [INFO] SYMULACJA OK: 'FREZ D22 Z4 L20 HSS.tom' zakwalifikowany do '801 DAKO'
[2026-08-06 10:44:32] [INFO] SYMULACJA OK: 'ALUMNI SRL D10 L22 Z4 LAMACZ HW.tom' zakwalifikowany do '817 ALUMNI SRL'
[2026-08-06 10:44:32] [INFO] SYMULACJA OK: 'ALUMNI SRL D10 Z4+2 K118 ZGRUBNY.tom' zakwalifikowany do '817 ALUMNI SRL'
[2026-08-06 10:44:32] [INFO] SYMULACJA OK: 'ALUMNI SRL D8 Z4+2 K118 ZGRUBNY.tom' zakwalifikowany do '817 ALUMNI SRL'
[2026-08-06 10:44:32] [INFO] SYMULACJA OK: 'D8 L22 A3-822 LAMACZ.tom' zakwalifikowany do '817 ALUMNI SRL'
[2026-08-06 10:44:32] [INFO] SYMULACJA OK: 'WIERTLO Z2 D12 L90 K90 PRAWE.tom' zakwalifikowany do '832 PH KONTRA'
[2026-08-06 10:44:32] [INFO] SYMULACJA POMINIĘCIE: 'D8 Z3 L15 LEWO PRAWY.tom' (Dwuznaczność (2 folderów))
[2026-08-06 10:44:32] [INFO] SYMULACJA POMINIĘCIE: 'WIERTŁO-D18-L34.5-D15-L5.5-D12-L34.5-D6-L5.5-PRAWE-HS.tom' (Brak folderu w bazie)
[2026-08-06 10:44:32] [INFO] SYMULACJA OK: 'SEKO FREZ D12 Z4 L25 HW.tom' zakwalifikowany do '865 SEKO'
[2026-08-06 10:44:32] [INFO] SYMULACJA POMINIĘCIE: 'GOLD DOOR D16 L45 Z3 WYKANCZAJACO-ZGRUBNY.tom' (Dwuznaczność (3 folderów))
[2026-08-06 10:44:32] [INFO] SYMULACJA POMINIĘCIE: 'WYPYCHACZ D2.5x4.tom' (Dwuznaczność (2 folderów))
[2026-08-06 10:44:32] [INFO] SYMULACJA OK: 'FREZ D32 Z2+2 L20 HSS POPRAWKA.tom' zakwalifikowany do '928 MAR-TOM'
[2026-08-06 10:44:32] [INFO] SYMULACJA OK: 'FREZ D32 Z2+2 L20 HSS.tom' zakwalifikowany do '928 MAR-TOM'
[2026-08-06 10:44:32] [INFO] SYMULACJA OK: 'WERTLO D16 L105 LEWE NIEPRZELOTOWE HSS.tom' zakwalifikowany do '944 PLATEK ALBERT'
[2026-08-06 10:44:32] [INFO] SYMULACJA OK: 'WERTLO D16 L105 PRAWE NIEPRZELOTOWE HSS.tom' zakwalifikowany do '944 PLATEK ALBERT'
[2026-08-06 10:44:32] [INFO] SYMULACJA POMINIĘCIE: 'TECHNOCAM D16 Z3 KULKA LOLIPOP.tom' (Dwuznaczność (2 folderów))
[2026-08-06 10:44:32] [INFO] SYMULACJA POMINIĘCIE: 'TECHNOCAM D18 Z3 KULKA LOLIPOP.tom' (Dwuznaczność (2 folderów))
[2026-08-06 10:44:37] [INFO] AUTO-ARCHIWIZACJA POMINIĘTO: 'SIA WIERTLO Z4 6x12 KLAMKA LEWE.tom'. Powód: Brak folderu w bazie
[2026-08-06 10:44:37] [INFO] AUTO-ARCHIWIZACJA POMINIĘTO: 'MULTI OKNA FREZ A1-518.tom'. Powód: Brak folderu w bazie
[2026-08-06 10:44:37] [INFO] AUTO-ARCHIWIZACJA POMINIĘTO: 'D10-L70-Z4-LAMACZ-WIERTŁO-HW.tom'. Powód: Brak folderu w bazie
[2026-08-06 10:44:38] [INFO] AUTO-ARCHIWIZACJA SUKCES: 'WIERTLO D16 L110 NIEPRZELOTOWE.tom' -> '278 GOTYK'
[2026-08-06 10:44:38] [INFO] AUTO-ARCHIWIZACJA POMINIĘTO: 'WIERTLO D35.3 L35 MORSE.tom'. Powód: Dwuznaczność (2 folderów)
[2026-08-06 10:44:38] [INFO] AUTO-ARCHIWIZACJA SUKCES: 'MADEX D10-L40-Z4-HW.tom' -> '345 MADEX'
[2026-08-06 10:44:38] [INFO] AUTO-ARCHIWIZACJA POMINIĘTO: 'ALL WINDOWS D6 Z4 L L30 F1.0 CIETY.tom'. Powód: Brak folderu w bazie
[2026-08-06 10:44:38] [INFO] AUTO-ARCHIWIZACJA POMINIĘTO: 'DREW-MEB D16 L140 NIEPRZELOTOWE.tom'. Powód: Dwuznaczność (2 folderów)
[2026-08-06 10:44:38] [INFO] AUTO-ARCHIWIZACJA POMINIĘTO: 'FREZ D10 Z1 L30 F1-ALU.tom'. Powód: Dwuznaczność (2 folderów)
[2026-08-06 10:44:38] [INFO] AUTO-ARCHIWIZACJA POMINIĘTO: 'FREZ D4 Z1 L12 PRAWE F1-ALU.tom'. Powód: Dwuznaczność (2 folderów)
[2026-08-06 10:44:38] [INFO] AUTO-ARCHIWIZACJA SUKCES: 'STURTZ D6 L65 PRAWE V1-ALU.tom' -> '445 STURTZ'
[2026-08-06 10:44:38] [INFO] AUTO-ARCHIWIZACJA POMINIĘTO: 'DIAM-TOOLS FREZ D53 Z10 R21.tom'. Powód: Dwuznaczność (3 folderów)
[2026-08-06 10:44:38] [INFO] AUTO-ARCHIWIZACJA POMINIĘTO: 'FLORAD Frez D25x18 Z3 .tom'. Powód: Dwuznaczność (3 folderów)
[2026-08-06 10:44:38] [INFO] AUTO-ARCHIWIZACJA POMINIĘTO: 'SOLIDER WIERTLO NIEPRZELOTOWE D4x9 .tom'. Powód: Brak folderu w bazie
[2026-08-06 10:44:38] [INFO] AUTO-ARCHIWIZACJA SUKCES: 'O1-ALU D10 L15 POLER.tom' -> '488 EXTHERM-2'
[2026-08-06 10:44:39] [INFO] AUTO-ARCHIWIZACJA SUKCES: 'O1-ALU D12 L15 POLER.tom' -> '488 EXTHERM-2'
[2026-08-06 10:44:39] [INFO] AUTO-ARCHIWIZACJA SUKCES: 'O1-ALU D7 L15 POLER.tom' -> '488 EXTHERM-2'
[2026-08-06 10:44:39] [INFO] AUTO-ARCHIWIZACJA POMINIĘTO: 'MB TRADING Noz Oscylacyjny D6 D0,5 L15 MIECZ.tom'. Powód: Dwuznaczność (2 folderów)
[2026-08-06 10:44:39] [INFO] AUTO-ARCHIWIZACJA SUKCES: 'OSTRZENIE WIERTLO D10.8x9.5.tom' -> 'ZS-497 SOLTYS-DREW'
[2026-08-06 10:44:39] [INFO] AUTO-ARCHIWIZACJA SUKCES: 'OSTRZENIE WIERTLO D12.3x10.8.tom' -> 'ZS-497 SOLTYS-DREW'
[2026-08-06 10:44:39] [INFO] AUTO-ARCHIWIZACJA SUKCES: 'WALDEMARO FREZ D14 L3 TEOWY Z6.tom' -> '508 WALDEMARO'
[2026-08-06 10:44:39] [INFO] AUTO-ARCHIWIZACJA POMINIĘTO: 'ALUMNI TEHNO Z4 D12x6 LAMACZ NG.tom'. Powód: Dwuznaczność (2 folderów)
[2026-08-06 10:44:39] [INFO] AUTO-ARCHIWIZACJA POMINIĘTO: 'ALUMNI TEHNO Z4 D14x7 LAMACZ NG pop.tom'. Powód: Brak folderu w bazie
[2026-08-06 10:44:40] [INFO] AUTO-ARCHIWIZACJA SUKCES: 'ALUMNI TEHNO Z4 D14x7 LAMACZ NG.tom' -> '565 TEHNO ROM TOOLS'
[2026-08-06 10:44:40] [INFO] AUTO-ARCHIWIZACJA SUKCES: 'FREZ HS D16.7 Z2 R0.5 K-30.tom' -> '568 PROFINE POLSKA'
[2026-08-06 10:44:40] [INFO] AUTO-ARCHIWIZACJA SUKCES: 'WIERTLO D5X10 L11x43.tom' -> '584 FIEGA MACHINES'
[2026-08-06 10:44:40] [INFO] AUTO-ARCHIWIZACJA SUKCES: 'TECHNOCAM D9 Z3 KULKA LOLIPOP.tom' -> '586 TECHNOCAM'
[2026-08-06 10:44:40] [INFO] AUTO-ARCHIWIZACJA POMINIĘTO: 'FREZ D10 Z1 A1-1040.tom'. Powód: Dwuznaczność (2 folderów)
[2026-08-06 10:44:41] [INFO] AUTO-ARCHIWIZACJA SUKCES: 'PRZEROBKA PILOT D22x20 L15 k90.tom' -> 'ZS-609 WALDEMAR SZWEC ALTUS'
[2026-08-06 10:44:41] [INFO] AUTO-ARCHIWIZACJA SUKCES: 'DRUTEX D5 Z1 L20.tom' -> '621 DRUTEX'
[2026-08-06 10:44:41] [INFO] AUTO-ARCHIWIZACJA POMINIĘTO: 'PREZMET D20 PRAWA pilka 6+6.tom'. Powód: Dwuznaczność (3 folderów)
[2026-08-06 10:44:41] [INFO] AUTO-ARCHIWIZACJA POMINIĘTO: 'WIERTLO D8 L78 NIEPRZELOTOWE.tom'. Powód: Dwuznaczność (2 folderów)
[2026-08-06 10:44:41] [INFO] AUTO-ARCHIWIZACJA POMINIĘTO: 'FREZ D14 L20 Z4.tom'. Powód: Brak folderu w bazie
[2026-08-06 10:44:41] [INFO] AUTO-ARCHIWIZACJA POMINIĘTO: 'DUDA PLUS D32.4 Z2 PROFILOWY.tom'. Powód: Dwuznaczność (2 folderów)
[2026-08-06 10:44:41] [INFO] AUTO-ARCHIWIZACJA SUKCES: 'MASLACH D13 Z2 90st PRZELOTOWE HSS.tom' -> '698 MASLACH'
[2026-08-06 10:44:41] [INFO] AUTO-ARCHIWIZACJA SUKCES: 'D6 Z4 P L30 F0.5 CIETY.tom' -> '711 DRUTEX'
[2026-08-06 10:44:41] [INFO] AUTO-ARCHIWIZACJA SUKCES: 'OPTIMA D11 SZLIF PRAWO-LEWY DO GWINTU.tom' -> '711 OPTIMA PIOTR MROZ'
[2026-08-06 10:44:41] [INFO] AUTO-ARCHIWIZACJA POMINIĘTO: 'FREZ D18 Z2 A2-1835 LEWE.tom'. Powód: Dwuznaczność (2 folderów)
[2026-08-06 10:44:42] [INFO] AUTO-ARCHIWIZACJA SUKCES: 'FREZ D18 Z2 A2-1835.tom' -> '712 CDN'
[2026-08-06 10:44:42] [INFO] AUTO-ARCHIWIZACJA POMINIĘTO: 'TECHNOCAM D10 Z3 KULKA LOLIPOP.tom'. Powód: Dwuznaczność (2 folderów)
[2026-08-06 10:44:42] [INFO] AUTO-ARCHIWIZACJA POMINIĘTO: 'TECHNOCAM D12 Z3 KULKA LOLIPOP.tom'. Powód: Dwuznaczność (2 folderów)
[2026-08-06 10:44:42] [INFO] AUTO-ARCHIWIZACJA POMINIĘTO: 'TECHNOCAM D14 Z3 KULKA LOLIPOP.tom'. Powód: Dwuznaczność (2 folderów)
[2026-08-06 10:44:42] [INFO] AUTO-ARCHIWIZACJA POMINIĘTO: 'TECHNOCAM D16 Z3 KULKA LOLIPOP.tom'. Powód: Dwuznaczność (2 folderów)
[2026-08-06 10:44:42] [INFO] AUTO-ARCHIWIZACJA POMINIĘTO: 'TECHNOCAM D18 Z3 KULKA LOLIPOP.tom'. Powód: Dwuznaczność (2 folderów)
[2026-08-06 10:44:42] [INFO] AUTO-ARCHIWIZACJA SUKCES: 'WIERTLO D15.9 L77.5 LEWE-NIEPRZELOTOWE.tom' -> '722 POL-SKONE'
[2026-08-06 10:44:42] [INFO] AUTO-ARCHIWIZACJA POMINIĘTO: 'PREZMET D20 LEWA pilka 6+6.tom'. Powód: Dwuznaczność (3 folderów)
[2026-08-06 10:44:42] [INFO] AUTO-ARCHIWIZACJA POMINIĘTO: 'PREZMET D20 PRAWA pilka 6+6.tom'. Powód: Dwuznaczność (3 folderów)
[2026-08-06 10:44:42] [INFO] AUTO-ARCHIWIZACJA POMINIĘTO: 'DIAM-TOOLS FREZ D53 Z10 R21.tom'. Powód: Dwuznaczność (3 folderów)
[2026-08-06 10:44:42] [INFO] AUTO-ARCHIWIZACJA POMINIĘTO: 'FREZ STOZKOWY D10 L52 K1.19.tom'. Powód: Dwuznaczność (2 folderów)
[2026-08-06 10:44:42] [INFO] AUTO-ARCHIWIZACJA SUKCES: 'FREZ D22 Z4 L20 HSS.tom' -> '801 DAKO'
[2026-08-06 10:44:42] [INFO] AUTO-ARCHIWIZACJA SUKCES: 'ALUMNI SRL D10 L22 Z4 LAMACZ HW.tom' -> '817 ALUMNI SRL'
[2026-08-06 10:44:43] [INFO] AUTO-ARCHIWIZACJA SUKCES: 'ALUMNI SRL D10 Z4+2 K118 ZGRUBNY.tom' -> '817 ALUMNI SRL'
[2026-08-06 10:44:43] [INFO] AUTO-ARCHIWIZACJA SUKCES: 'ALUMNI SRL D8 Z4+2 K118 ZGRUBNY.tom' -> '817 ALUMNI SRL'
[2026-08-06 10:44:43] [INFO] AUTO-ARCHIWIZACJA SUKCES: 'D8 L22 A3-822 LAMACZ.tom' -> '817 ALUMNI SRL'
[2026-08-06 10:44:43] [INFO] AUTO-ARCHIWIZACJA SUKCES: 'WIERTLO Z2 D12 L90 K90 PRAWE.tom' -> '832 PH KONTRA'
[2026-08-06 10:44:43] [INFO] AUTO-ARCHIWIZACJA POMINIĘTO: 'D8 Z3 L15 LEWO PRAWY.tom'. Powód: Dwuznaczność (2 folderów)
[2026-08-06 10:44:43] [INFO] AUTO-ARCHIWIZACJA POMINIĘTO: 'WIERTŁO-D18-L34.5-D15-L5.5-D12-L34.5-D6-L5.5-PRAWE-HS.tom'. Powód: Brak folderu w bazie
[2026-08-06 10:44:43] [INFO] AUTO-ARCHIWIZACJA SUKCES: 'SEKO FREZ D12 Z4 L25 HW.tom' -> '865 SEKO'
[2026-08-06 10:44:43] [INFO] AUTO-ARCHIWIZACJA POMINIĘTO: 'GOLD DOOR D16 L45 Z3 WYKANCZAJACO-ZGRUBNY.tom'. Powód: Dwuznaczność (3 folderów)
[2026-08-06 10:44:43] [INFO] AUTO-ARCHIWIZACJA POMINIĘTO: 'WYPYCHACZ D2.5x4.tom'. Powód: Dwuznaczność (2 folderów)
[2026-08-06 10:44:44] [INFO] AUTO-ARCHIWIZACJA SUKCES: 'FREZ D32 Z2+2 L20 HSS POPRAWKA.tom' -> '928 MAR-TOM'
[2026-08-06 10:44:44] [INFO] AUTO-ARCHIWIZACJA SUKCES: 'FREZ D32 Z2+2 L20 HSS.tom' -> '928 MAR-TOM'
[2026-08-06 10:44:44] [INFO] AUTO-ARCHIWIZACJA SUKCES: 'WERTLO D16 L105 LEWE NIEPRZELOTOWE HSS.tom' -> '944 PLATEK ALBERT'
[2026-08-06 10:44:45] [INFO] AUTO-ARCHIWIZACJA SUKCES: 'WERTLO D16 L105 PRAWE NIEPRZELOTOWE HSS.tom' -> '944 PLATEK ALBERT'
[2026-08-06 10:44:45] [INFO] AUTO-ARCHIWIZACJA POMINIĘTO: 'TECHNOCAM D16 Z3 KULKA LOLIPOP.tom'. Powód: Dwuznaczność (2 folderów)
[2026-08-06 10:44:45] [INFO] AUTO-ARCHIWIZACJA POMINIĘTO: 'TECHNOCAM D18 Z3 KULKA LOLIPOP.tom'. Powód: Dwuznaczność (2 folderów)
[2026-08-06 10:44:54] [INFO] USUNIĘTO PUSTY FOLDER (AUTOCLEAN): '\\192.168.1.67\c$\Program Files (x86)\ANCA\RN34.1\toolroom\user\tools\WYKONANE\2026\278'
[2026-08-06 10:44:54] [INFO] USUNIĘTO PUSTY FOLDER (AUTOCLEAN): '\\192.168.1.67\c$\Program Files (x86)\ANCA\RN34.1\toolroom\user\tools\WYKONANE\2026\345'
[2026-08-06 10:44:54] [INFO] USUNIĘTO PUSTY FOLDER (AUTOCLEAN): '\\192.168.1.67\c$\Program Files (x86)\ANCA\RN34.1\toolroom\user\tools\WYKONANE\2026\445'
[2026-08-06 10:44:54] [INFO] USUNIĘTO PUSTY FOLDER (AUTOCLEAN): '\\192.168.1.67\c$\Program Files (x86)\ANCA\RN34.1\toolroom\user\tools\WYKONANE\2026\488'
[2026-08-06 10:44:54] [INFO] USUNIĘTO PUSTY FOLDER (AUTOCLEAN): '\\192.168.1.67\c$\Program Files (x86)\ANCA\RN34.1\toolroom\user\tools\WYKONANE\2026\497'
[2026-08-06 10:44:54] [INFO] USUNIĘTO PUSTY FOLDER (AUTOCLEAN): '\\192.168.1.67\c$\Program Files (x86)\ANCA\RN34.1\toolroom\user\tools\WYKONANE\2026\508'
[2026-08-06 10:44:54] [INFO] USUNIĘTO PUSTY FOLDER (AUTOCLEAN): '\\192.168.1.67\c$\Program Files (x86)\ANCA\RN34.1\toolroom\user\tools\WYKONANE\2026\568'
[2026-08-06 10:44:54] [INFO] USUNIĘTO PUSTY FOLDER (AUTOCLEAN): '\\192.168.1.67\c$\Program Files (x86)\ANCA\RN34.1\toolroom\user\tools\WYKONANE\2026\584'
[2026-08-06 10:44:54] [INFO] USUNIĘTO PUSTY FOLDER (AUTOCLEAN): '\\192.168.1.67\c$\Program Files (x86)\ANCA\RN34.1\toolroom\user\tools\WYKONANE\2026\586'
[2026-08-06 10:44:54] [INFO] USUNIĘTO PUSTY FOLDER (AUTOCLEAN): '\\192.168.1.67\c$\Program Files (x86)\ANCA\RN34.1\toolroom\user\tools\WYKONANE\2026\609'
[2026-08-06 10:44:54] [INFO] USUNIĘTO PUSTY FOLDER (AUTOCLEAN): '\\192.168.1.67\c$\Program Files (x86)\ANCA\RN34.1\toolroom\user\tools\WYKONANE\2026\621'
[2026-08-06 10:44:54] [INFO] USUNIĘTO PUSTY FOLDER (AUTOCLEAN): '\\192.168.1.67\c$\Program Files (x86)\ANCA\RN34.1\toolroom\user\tools\WYKONANE\2026\698'
[2026-08-06 10:44:54] [INFO] USUNIĘTO PUSTY FOLDER (AUTOCLEAN): '\\192.168.1.67\c$\Program Files (x86)\ANCA\RN34.1\toolroom\user\tools\WYKONANE\2026\711'
[2026-08-06 10:44:54] [INFO] USUNIĘTO PUSTY FOLDER (AUTOCLEAN): '\\192.168.1.67\c$\Program Files (x86)\ANCA\RN34.1\toolroom\user\tools\WYKONANE\2026\722'
[2026-08-06 10:44:54] [INFO] USUNIĘTO PUSTY FOLDER (AUTOCLEAN): '\\192.168.1.67\c$\Program Files (x86)\ANCA\RN34.1\toolroom\user\tools\WYKONANE\2026\801'
[2026-08-06 10:44:54] [INFO] USUNIĘTO PUSTY FOLDER (AUTOCLEAN): '\\192.168.1.67\c$\Program Files (x86)\ANCA\RN34.1\toolroom\user\tools\WYKONANE\2026\817'
[2026-08-06 10:44:54] [INFO] USUNIĘTO PUSTY FOLDER (AUTOCLEAN): '\\192.168.1.67\c$\Program Files (x86)\ANCA\RN34.1\toolroom\user\tools\WYKONANE\2026\832'
[2026-08-06 10:44:54] [INFO] USUNIĘTO PUSTY FOLDER (AUTOCLEAN): '\\192.168.1.67\c$\Program Files (x86)\ANCA\RN34.1\toolroom\user\tools\WYKONANE\2026\865'
[2026-08-06 10:44:54] [INFO] USUNIĘTO PUSTY FOLDER (AUTOCLEAN): '\\192.168.1.67\c$\Program Files (x86)\ANCA\RN34.1\toolroom\user\tools\WYKONANE\2026\928'
[2026-08-06 10:44:54] [INFO] USUNIĘTO PUSTY FOLDER (AUTOCLEAN): '\\192.168.1.67\c$\Program Files (x86)\ANCA\RN34.1\toolroom\user\tools\WYKONANE\2026\944'
[2026-08-06 10:47:04] [INFO] ZARCHIWIZOWANO: Plik 'FREZ D5 Z1 A1-518.tom' z maszyny 'MX7_ULTRA' do katalogu 'WYKONANIE MX7_ULTRA 01_04_26 11_34'.
[2026-08-06 10:51:33] [INFO] ZARCHIWIZOWANO: Plik 'WIERTLO D35.3 L35 MORSE.tom' z maszyny 'MX7_ULTRA' do katalogu 'WYKONANIE MX7_ULTRA 20_05_26 20_14'.
[2026-08-06 10:51:37] [INFO] USUNIĘTO PUSTY FOLDER (AUTOCLEAN): '\\192.168.1.67\c$\Program Files (x86)\ANCA\RN34.1\toolroom\user\tools\WYKONANE\2026\154'
[2026-08-06 10:51:37] [INFO] USUNIĘTO PUSTY FOLDER (AUTOCLEAN): '\\192.168.1.67\c$\Program Files (x86)\ANCA\RN34.1\toolroom\user\tools\WYKONANE\2026\168'
[2026-08-06 10:51:37] [INFO] USUNIĘTO PUSTY FOLDER (AUTOCLEAN): '\\192.168.1.67\c$\Program Files (x86)\ANCA\RN34.1\toolroom\user\tools\WYKONANE\2026\297'
[2026-08-06 10:52:07] [INFO] USUNIĘTO FOLDER Z ZAWARTOŚCIĄ (1 elem.): '\\192.168.1.67\c$\Program Files (x86)\ANCA\RN34.1\toolroom\user\tools\WYKONANE\2026\595'
[2026-08-06 10:52:19] [INFO] ZARCHIWIZOWANO: Plik 'ALUMNI TEHNO Z4 D12x6 LAMACZ NG.tom' z maszyny 'MX7_ULTRA' do katalogu 'WYKONANIE MX7_ULTRA 02_06_26 17_53'.
[2026-08-06 10:52:21] [INFO] ZARCHIWIZOWANO: Plik 'ALUMNI TEHNO Z4 D14x7 LAMACZ NG pop.tom' z maszyny 'MX7_ULTRA' do katalogu 'WYKONANIE MX7_ULTRA 03_06_26 10_46'.
[2026-08-06 11:01:33] [INFO] ZARCHIWIZOWANO: Plik 'MB TRADING Noz Oscylacyjny D6 D0,5 L15 MIECZ.tom' z maszyny 'MX7_ULTRA' do katalogu 'WYKONANIE MX7_ULTRA 31_07_26 09_33'.
[2026-08-06 11:01:44] [INFO] ZARCHIWIZOWANO: Plik 'DIAM-TOOLS FREZ D53 Z10 R21.tom' z maszyny 'MX7_ULTRA' do katalogu 'WYKONANIE MX7_ULTRA 12_05_26 17_58'.
[2026-08-06 11:02:04] [INFO] ZARCHIWIZOWANO: Plik 'FLORAD Frez D25x18 Z3 .tom' z maszyny 'MX7_ULTRA' do katalogu 'WYKONANIE MX7_ULTRA 22_07_26 19_05'.
[2026-08-06 11:02:22] [INFO] USUNIĘTO FOLDER Z ZAWARTOŚCIĄ (1 elem.): '\\192.168.1.67\c$\Program Files (x86)\ANCA\RN34.1\toolroom\user\tools\WYKONANE\2026\893'
[2026-08-06 11:02:46] [INFO] USUNIĘTO FOLDER Z ZAWARTOŚCIĄ (1 elem.): '\\192.168.1.67\c$\Program Files (x86)\ANCA\RN34.1\toolroom\user\tools\WYKONANE\2026\866'
[2026-08-06 11:03:09] [INFO] ZARCHIWIZOWANO: Plik 'TECHNOCAM D10 Z3 KULKA LOLIPOP.tom' z maszyny 'MX7_ULTRA' do katalogu 'WYKONANIE MX7_ULTRA 26_06_26 12_21'.
[2026-08-06 11:03:11] [INFO] ZARCHIWIZOWANO: Plik 'TECHNOCAM D12 Z3 KULKA LOLIPOP.tom' z maszyny 'MX7_ULTRA' do katalogu 'WYKONANIE MX7_ULTRA 03_06_26 19_29'.
[2026-08-06 11:03:12] [INFO] ZARCHIWIZOWANO: Plik 'TECHNOCAM D14 Z3 KULKA LOLIPOP.tom' z maszyny 'MX7_ULTRA' do katalogu 'WYKONANIE MX7_ULTRA 03_06_26 22_28'.
[2026-08-06 11:03:14] [INFO] ZARCHIWIZOWANO: Plik 'TECHNOCAM D16 Z3 KULKA LOLIPOP.tom' z maszyny 'MX7_ULTRA' do katalogu 'WYKONANIE MX7_ULTRA 08_06_26 11_12'.
[2026-08-06 11:03:16] [INFO] ZARCHIWIZOWANO: Plik 'TECHNOCAM D18 Z3 KULKA LOLIPOP.tom' z maszyny 'MX7_ULTRA' do katalogu 'WYKONANIE MX7_ULTRA 08_06_26 14_52'.
[2026-08-06 11:03:31] [INFO] USUNIĘTO FOLDER Z ZAWARTOŚCIĄ (1 elem.): '\\192.168.1.67\c$\Program Files (x86)\ANCA\RN34.1\toolroom\user\tools\WYKONANE\2026\645'
[2026-08-06 11:03:37] [INFO] ZARCHIWIZOWANO: Plik 'PREZMET D20 PRAWA pilka 6+6.tom' z maszyny 'MX7_ULTRA' do katalogu 'WYKONANIE MX7_ULTRA 19_06_26 14_56'.
[2026-08-06 11:04:27] [INFO] USUNIĘTO FOLDER Z ZAWARTOŚCIĄ (2 elem.): '\\192.168.1.67\c$\Program Files (x86)\ANCA\RN34.1\toolroom\user\tools\WYKONANE\2026\411'
[2026-08-06 11:04:30] [INFO] USUNIĘTO PUSTY FOLDER (AUTOCLEAN): '\\192.168.1.67\c$\Program Files (x86)\ANCA\RN34.1\toolroom\user\tools\WYKONANE\2026\450'
[2026-08-06 11:04:30] [INFO] USUNIĘTO PUSTY FOLDER (AUTOCLEAN): '\\192.168.1.67\c$\Program Files (x86)\ANCA\RN34.1\toolroom\user\tools\WYKONANE\2026\492'
[2026-08-06 11:04:30] [INFO] USUNIĘTO PUSTY FOLDER (AUTOCLEAN): '\\192.168.1.67\c$\Program Files (x86)\ANCA\RN34.1\toolroom\user\tools\WYKONANE\2026\565'
[2026-08-06 11:04:30] [INFO] USUNIĘTO PUSTY FOLDER (AUTOCLEAN): '\\192.168.1.67\c$\Program Files (x86)\ANCA\RN34.1\toolroom\user\tools\WYKONANE\2026\630'
[2026-08-06 11:04:30] [INFO] USUNIĘTO PUSTY FOLDER (AUTOCLEAN): '\\192.168.1.67\c$\Program Files (x86)\ANCA\RN34.1\toolroom\user\tools\WYKONANE\2026\716'
[2026-08-06 11:07:09] [INFO] USUNIĘTO FOLDER Z ZAWARTOŚCIĄ (1 elem.): '\\192.168.1.67\c$\Program Files (x86)\ANCA\RN34.1\toolroom\user\tools\WYKONANE\2026\692'
[2026-08-06 11:07:39] [INFO] USUNIĘTO FOLDER Z ZAWARTOŚCIĄ (1 elem.): '\\192.168.1.67\c$\Program Files (x86)\ANCA\RN34.1\toolroom\user\tools\WYKONANE\2026\838'
[2026-08-06 11:07:47] [INFO] ZARCHIWIZOWANO: Plik 'FREZ STOZKOWY D10 L52 K1.19.tom' z maszyny 'MX7_ULTRA' do katalogu 'WYKONANIE MX7_ULTRA 29_05_26 15_05'.
[2026-08-06 11:07:55] [INFO] ZARCHIWIZOWANO: Plik 'PREZMET D20 LEWA pilka 6+6.tom' z maszyny 'MX7_ULTRA' do katalogu 'WYKONANIE MX7_ULTRA 10_04_26 19_47'.
[2026-08-06 11:07:57] [INFO] ZARCHIWIZOWANO: Plik 'PREZMET D20 PRAWA pilka 6+6.tom' z maszyny 'MX7_ULTRA' do katalogu 'WYKONANIE MX7_ULTRA 09_04_26 22_26'.
[2026-08-06 11:08:31] [INFO] ZARCHIWIZOWANO: Plik 'FREZ D18 Z2 A2-1835 LEWE.tom' z maszyny 'MX7_ULTRA' do katalogu 'WYKONANIE MX7_ULTRA 23_06_26 12_29'.
[2026-08-06 11:08:47] [INFO] USUNIĘTO PUSTY FOLDER (AUTOCLEAN): '\\192.168.1.67\c$\Program Files (x86)\ANCA\RN34.1\toolroom\user\tools\WYKONANE\2026\712'
[2026-08-06 11:08:47] [INFO] USUNIĘTO PUSTY FOLDER (AUTOCLEAN): '\\192.168.1.67\c$\Program Files (x86)\ANCA\RN34.1\toolroom\user\tools\WYKONANE\2026\734'
[2026-08-06 11:08:47] [INFO] USUNIĘTO PUSTY FOLDER (AUTOCLEAN): '\\192.168.1.67\c$\Program Files (x86)\ANCA\RN34.1\toolroom\user\tools\WYKONANE\2026\797'
[2026-08-06 11:11:33] [INFO] USUNIĘTO PUSTY FOLDER (AUTOCLEAN): '\\192.168.1.67\c$\Program Files (x86)\ANCA\RN34.1\toolroom\user\tools\WYKONANE\2026\452'
[2026-08-06 11:11:33] [INFO] USUNIĘTO PUSTY FOLDER (AUTOCLEAN): '\\192.168.1.67\c$\Program Files (x86)\ANCA\RN34.1\toolroom\user\tools\WYKONANE\2026\855'
[2026-08-06 11:11:44] [INFO] ZARCHIWIZOWANO: Plik 'DIAM-TOOLS FREZ D53 Z10 R21.tom' z maszyny 'MX7_ULTRA' do katalogu 'WYKONANIE MX7_ULTRA 11_05_26 15_20'.
[2026-08-06 11:12:01] [INFO] USUNIĘTO FOLDER Z ZAWARTOŚCIĄ (1 elem.): '\\192.168.1.67\c$\Program Files (x86)\ANCA\RN34.1\toolroom\user\tools\WYKONANE\2026\393'
[2026-08-06 11:12:19] [INFO] USUNIĘTO PUSTY FOLDER (AUTOCLEAN): '\\192.168.1.67\c$\Program Files (x86)\ANCA\RN34.1\toolroom\user\tools\WYKONANE\2026\736'
[2026-08-06 11:12:29] [INFO] ZARCHIWIZOWANO: Plik 'TECHNOCAM D16 Z3 KULKA LOLIPOP.tom' z maszyny 'MX7_ULTRA' do katalogu 'WYKONANIE MX7_ULTRA 29_06_26 13_28'.
[2026-08-06 11:12:31] [INFO] ZARCHIWIZOWANO: Plik 'TECHNOCAM D18 Z3 KULKA LOLIPOP.tom' z maszyny 'MX7_ULTRA' do katalogu 'WYKONANIE MX7_ULTRA 30_06_26 11_16'.
[2026-08-06 11:13:25] [INFO] USUNIĘTO PUSTY FOLDER (AUTOCLEAN): '\\192.168.1.67\c$\Program Files (x86)\ANCA\RN34.1\toolroom\user\tools\WYKONANE\2026\373'
[2026-08-06 11:13:25] [INFO] USUNIĘTO PUSTY FOLDER (AUTOCLEAN): '\\192.168.1.67\c$\Program Files (x86)\ANCA\RN34.1\toolroom\user\tools\WYKONANE\2026\rls-15'
[2026-08-06 11:13:59] [INFO] USUNIĘTO PLIK: '\\192.168.1.67\c$\Program Files (x86)\ANCA\RN34.1\toolroom\user\tools\WYKONANE\2026\SIA WIERTLO Z4 6x12 KLAMKA LEWE.tom'
[2026-08-06 11:14:02] [INFO] USUNIĘTO PUSTY FOLDER: '\\192.168.1.67\c$\Program Files (x86)\ANCA\RN34.1\toolroom\user\tools\WYKONANE\2026\672'
[2026-08-06 11:17:27] [INFO] SYMULACJA POMINIĘCIE: 'AGAT PLUS D8 Z4 L45.tom' (Brak folderu w bazie)
[2026-08-06 11:17:27] [INFO] SYMULACJA POMINIĘCIE: 'ALL WINDOWS D6 Z4 L L30 F1.0 CIETY.tom' (Brak folderu w bazie)
[2026-08-06 11:17:27] [INFO] SYMULACJA POMINIĘCIE: 'ALL WINDOWS D6 Z4 P L30 F1.0 CIETY.tom' (Brak folderu w bazie)
[2026-08-06 11:17:27] [INFO] SYMULACJA OK: 'ALUMNI SRL D10 L22 Z4 LAMACZ HW.tom' zakwalifikowany do '817 ALUMNI SRL'
[2026-08-06 11:17:27] [INFO] SYMULACJA OK: 'ALUMNI SRL D10 Z4+2 K118 ZGRUBNY.tom' zakwalifikowany do '817 ALUMNI SRL'
[2026-08-06 11:17:27] [INFO] SYMULACJA OK: 'ALUMNI SRL D12 Z4+2 K90 ZGRUBNY.tom' zakwalifikowany do '817 ALUMNI SRL'
[2026-08-06 11:17:27] [INFO] SYMULACJA OK: 'ALUMNI SRL D8 Z4+2 K118 ZGRUBNY.tom' zakwalifikowany do '817 ALUMNI SRL'
[2026-08-06 11:17:27] [INFO] SYMULACJA POMINIĘCIE: 'ALUMNI TEHNO Z4 D12x6 LAMACZ NG.tom' (Dwuznaczność (3 folderów))
[2026-08-06 11:17:27] [INFO] SYMULACJA OK: 'ALUMNI TEHNO Z4 D12x6 LAMACZ.tom' zakwalifikowany do '51 TEHNO ROM TOOLS'
[2026-08-06 11:17:27] [INFO] SYMULACJA OK: 'ALUMNI TEHNO Z4 D14x7 LAMACZ NG.tom' zakwalifikowany do '565 TEHNO ROM TOOLS'
[2026-08-06 11:17:27] [INFO] SYMULACJA POMINIĘCIE: 'D10-L70-Z4-LAMACZ-WIERTŁO-HW.tom' (Brak folderu w bazie)
[2026-08-06 11:17:27] [INFO] SYMULACJA POMINIĘCIE: 'D16 Z4 RYFEL.tom' (Brak folderu w bazie)
[2026-08-06 11:17:27] [INFO] SYMULACJA POMINIĘCIE: 'D5 L30 Z1 PRAWO-LEWY HW POLER JW.tom' (Brak folderu w bazie)
[2026-08-06 11:17:27] [INFO] SYMULACJA POMINIĘCIE: 'D5 L30 Z1 PRAWO-LEWY HW POLER.tom' (Brak folderu w bazie)
[2026-08-06 11:17:27] [INFO] SYMULACJA POMINIĘCIE: 'D5 L35 Z3 HSS.tom' (Dwuznaczność (2 folderów))
[2026-08-06 11:17:27] [INFO] SYMULACJA OK: 'D5-Z1-15-DRUTEX.tom' zakwalifikowany do 'ZP-42 FREZWID(SKLEP)'
[2026-08-06 11:17:27] [INFO] SYMULACJA OK: 'D6 Z4 P L30 F0.5 CIETY.tom' zakwalifikowany do '711 DRUTEX'
[2026-08-06 11:17:27] [INFO] SYMULACJA OK: 'D8 L22 A3-822 LAMACZ.tom' zakwalifikowany do '817 ALUMNI SRL'
[2026-08-06 11:17:27] [INFO] SYMULACJA POMINIĘCIE: 'D8_Z4_L38_LAMACZ_Hss_CZOŁO JAK  WIERTŁO.tom' (Brak folderu w bazie)
[2026-08-06 11:17:27] [INFO] SYMULACJA POMINIĘCIE: 'DIAM-TOOLS FREZ D53 Z10 R21.tom' (Dwuznaczność (5 folderów))
[2026-08-06 11:17:27] [INFO] SYMULACJA OK: 'DRUTEX D5 Z1 L20.tom' zakwalifikowany do '621 DRUTEX'
[2026-08-06 11:17:27] [INFO] SYMULACJA POMINIĘCIE: 'EMPOL WIERTLO Z4 6x12 KLAMKA PRAWE stara geometria .tom' (Dwuznaczność (2 folderów))
[2026-08-06 11:17:27] [INFO] SYMULACJA POMINIĘCIE: 'Fazownik D10 k35.tom' (Brak folderu w bazie)
[2026-08-06 11:17:27] [INFO] SYMULACJA POMINIĘCIE: 'Fazownik d12 k60 d6.4.tom' (Brak folderu w bazie)
[2026-08-06 11:17:27] [INFO] SYMULACJA POMINIĘCIE: 'Fazownik D12 k60.tom' (Brak folderu w bazie)
[2026-08-06 11:17:27] [INFO] SYMULACJA POMINIĘCIE: 'FLORAD Frez D25x18 Z3 .tom' (Dwuznaczność (4 folderów))
[2026-08-06 11:17:27] [INFO] SYMULACJA OK: 'FREZ D12 R7.2 Z4.tom' zakwalifikowany do '0'
[2026-08-06 11:17:27] [INFO] SYMULACJA OK: 'FREZ D12 Z2+2 L37+23 K130.tom' zakwalifikowany do '503 DRUTEX'
[2026-08-06 11:17:27] [INFO] SYMULACJA POMINIĘCIE: 'FREZ D14 L20 Z4.tom' (Brak folderu w bazie)
[2026-08-06 11:17:27] [INFO] SYMULACJA OK: 'FREZ D18 Z2 A2-1835.tom' zakwalifikowany do '712 CDN'
[2026-08-06 11:17:27] [INFO] SYMULACJA POMINIĘCIE: 'FREZ D22 Z2 L80 PROSTY PRZESTAWIONY.tom' (Dwuznaczność (2 folderów))
[2026-08-06 11:17:27] [INFO] SYMULACJA OK: 'FREZ D22 Z4 L20 HSS.tom' zakwalifikowany do '801 DAKO'
[2026-08-06 11:17:27] [INFO] SYMULACJA OK: 'FREZ D32 Z2 L150 PROSTY PRZESTAWIONY.tom' zakwalifikowany do '38 HEKAL'
[2026-08-06 11:17:27] [INFO] SYMULACJA OK: 'FREZ D32 Z2+2 L20 HSS POPRAWKA.tom' zakwalifikowany do '928 MAR-TOM'
[2026-08-06 11:17:27] [INFO] SYMULACJA OK: 'FREZ D32 Z2+2 L20 HSS.tom' zakwalifikowany do '928 MAR-TOM'
[2026-08-06 11:17:27] [INFO] SYMULACJA POMINIĘCIE: 'FREZ D40 Z18 HW.tom' (Dwuznaczność (2 folderów))
[2026-08-06 11:17:27] [INFO] SYMULACJA POMINIĘCIE: 'FREZ D6 Z2+2 L15x50 v2.tom' (Brak folderu w bazie)
[2026-08-06 11:17:27] [INFO] SYMULACJA POMINIĘCIE: 'Frez d85 z8 ostrzenie.tom' (Brak folderu w bazie)
[2026-08-06 11:17:27] [INFO] SYMULACJA OK: 'FREZ HS D16.7 Z2 R0.5 K-30.tom' zakwalifikowany do '568 PROFINE POLSKA'
[2026-08-06 11:17:27] [INFO] SYMULACJA POMINIĘCIE: 'FREZ K40 Z3 L1.6.tom' (Brak folderu w bazie)
[2026-08-06 11:17:27] [INFO] SYMULACJA POMINIĘCIE: 'Frez promieniowy R2 D5.2 K2.tom' (Brak folderu w bazie)
[2026-08-06 11:17:27] [INFO] SYMULACJA POMINIĘCIE: 'FREZ STOZKOWY D10 L52 K1.19.tom' (Dwuznaczność (3 folderów))
[2026-08-06 11:17:27] [INFO] SYMULACJA POMINIĘCIE: 'FREZ TEOWY D19.5 PRAWA pilka 4+4.tom' (Brak folderu w bazie)
[2026-08-06 11:17:27] [INFO] SYMULACJA OK: 'FREZWID D5 L30 PRAWE JW K120 POLER.tom' zakwalifikowany do 'BST-1 FREZWID'
[2026-08-06 11:17:27] [INFO] SYMULACJA POMINIĘCIE: 'FREZWID NAWIERTAK D10 90st.tom' (Brak folderu w bazie)
[2026-08-06 11:17:27] [INFO] SYMULACJA POMINIĘCIE: 'FREZWID NAWIERTAK D12 90st.tom' (Brak folderu w bazie)
[2026-08-06 11:17:27] [INFO] SYMULACJA POMINIĘCIE: 'FREZWID NAWIERTAK D6 90st.tom' (Brak folderu w bazie)
[2026-08-06 11:17:27] [INFO] SYMULACJA POMINIĘCIE: 'GOLD DOOR D16 L45 Z3 WYKANCZAJACO-ZGRUBNY.tom' (Dwuznaczność (3 folderów))
[2026-08-06 11:17:27] [INFO] SYMULACJA POMINIĘCIE: 'KOCZY Z2 D38 PROFIL R5.tom' (Dwuznaczność (3 folderów))
[2026-08-06 11:17:27] [INFO] SYMULACJA POMINIĘCIE: 'KONCOWKI D12.tom' (Brak folderu w bazie)
[2026-08-06 11:17:27] [INFO] SYMULACJA POMINIĘCIE: 'KP czyszczarka.D10 45st ostra Z4.tom' (Brak folderu w bazie)
[2026-08-06 11:17:27] [INFO] SYMULACJA POMINIĘCIE: 'KP czyszczarka.D10 45st ostra.tom' (Brak folderu w bazie)
[2026-08-06 11:17:27] [INFO] SYMULACJA POMINIĘCIE: 'KP FREZ D3 Z3.tom' (Brak folderu w bazie)
[2026-08-06 11:17:27] [INFO] SYMULACJA POMINIĘCIE: 'KULA D10 KP.tom' (Brak folderu w bazie)
[2026-08-06 11:17:27] [INFO] SYMULACJA POMINIĘCIE: 'KULA D12 KP.tom' (Brak folderu w bazie)
[2026-08-06 11:17:27] [INFO] SYMULACJA POMINIĘCIE: 'KULA D16 KP.tom' (Brak folderu w bazie)
[2026-08-06 11:17:27] [INFO] SYMULACJA POMINIĘCIE: 'KULA D4 KP.tom' (Brak folderu w bazie)
[2026-08-06 11:17:27] [INFO] SYMULACJA POMINIĘCIE: 'KULA D5,3 KP.tom' (Brak folderu w bazie)
[2026-08-06 11:17:27] [INFO] SYMULACJA POMINIĘCIE: 'KULA D6 KP.tom' (Brak folderu w bazie)
[2026-08-06 11:17:27] [INFO] SYMULACJA OK: 'LUC BEKAERT WIERTLO D8,3 PILOT D5 L6.tom' zakwalifikowany do '922 LUC BEKAERT MASHINENSERVICE'
[2026-08-06 11:17:27] [INFO] SYMULACJA OK: 'MADEX D10-L40-Z4-HW.tom' zakwalifikowany do '345 MADEX'
[2026-08-06 11:17:27] [INFO] SYMULACJA POMINIĘCIE: 'MAR-TOM PRZEROBKA NA PRZELOTOWE 60st.tom' (Brak folderu w bazie)
[2026-08-06 11:17:27] [INFO] SYMULACJA OK: 'MASLACH D13 Z2 90st PRZELOTOWE HSS.tom' zakwalifikowany do '698 MASLACH'
[2026-08-06 11:17:27] [INFO] SYMULACJA POMINIĘCIE: 'MB TRADING Noz Oscylacyjny D6 D0,5 L15 MIECZ.tom' (Dwuznaczność (3 folderów))
[2026-08-06 11:17:27] [INFO] SYMULACJA OK: 'MIKAR D5-L35-Z2-HW R1 K90.tom' zakwalifikowany do 'RLS-23 MIKAR'
[2026-08-06 11:17:27] [INFO] SYMULACJA POMINIĘCIE: 'MULTI OKNA FREZ A1-518.tom' (Brak folderu w bazie)
[2026-08-06 11:17:27] [INFO] SYMULACJA POMINIĘCIE: 'nawiertak 90st D10.tom' (Brak folderu w bazie)
[2026-08-06 11:17:27] [INFO] SYMULACJA POMINIĘCIE: 'nawiertak 90st D12 testy v2.tom' (Brak folderu w bazie)
[2026-08-06 11:17:27] [INFO] SYMULACJA POMINIĘCIE: 'nawiertak 90st D12 testy v3.tom' (Brak folderu w bazie)
[2026-08-06 11:17:27] [INFO] SYMULACJA POMINIĘCIE: 'nawiertak 90st D12 testy.tom' (Brak folderu w bazie)
[2026-08-06 11:17:27] [INFO] SYMULACJA POMINIĘCIE: 'nawiertak 90st D12.tom' (Brak folderu w bazie)
[2026-08-06 11:17:27] [INFO] SYMULACJA POMINIĘCIE: 'nawiertak 90st D6.tom' (Brak folderu w bazie)
[2026-08-06 11:17:27] [INFO] SYMULACJA OK: 'O1-ALU D10 L15 POLER.tom' zakwalifikowany do '488 EXTHERM-2'
[2026-08-06 11:17:27] [INFO] SYMULACJA OK: 'O1-ALU D12 L15 POLER.tom' zakwalifikowany do '488 EXTHERM-2'
[2026-08-06 11:17:27] [INFO] SYMULACJA OK: 'O1-ALU D7 L15 POLER.tom' zakwalifikowany do '488 EXTHERM-2'
[2026-08-06 11:17:27] [INFO] SYMULACJA OK: 'OPTIMA D11 SZLIF PRAWO-LEWY DO GWINTU.tom' zakwalifikowany do '711 OPTIMA PIOTR MROZ'
[2026-08-06 11:17:27] [INFO] SYMULACJA OK: 'OSTRZENIE ROZWIERTAK STOZKOWY D46.6 Z9.tom' zakwalifikowany do 'ZS-50 GALJA'
[2026-08-06 11:17:27] [INFO] SYMULACJA OK: 'OSTRZENIE WIERTLO D10.8x9.5.tom' zakwalifikowany do 'ZS-497 SOLTYS-DREW'
[2026-08-06 11:17:27] [INFO] SYMULACJA OK: 'OSTRZENIE WIERTLO D12.3x10.8.tom' zakwalifikowany do 'ZS-497 SOLTYS-DREW'
[2026-08-06 11:17:27] [INFO] SYMULACJA OK: 'PAMO WIERTLO D6 L10 HS.tom' zakwalifikowany do '619 PAMO'
[2026-08-06 11:17:27] [INFO] SYMULACJA OK: 'PH KONTRA WIERTLO D26 L165 Z2 K90.tom' zakwalifikowany do '655 PH KONTRA'
[2026-08-06 11:17:27] [INFO] SYMULACJA OK: 'PLASTBUD D20 LEWA pilka 6+6.tom' zakwalifikowany do '354 PLASTBUD'
[2026-08-06 11:17:27] [INFO] SYMULACJA OK: 'PLASTBUD D20 PRAWA pilka 6+6.tom' zakwalifikowany do '354 PLASTBUD'
[2026-08-06 11:17:27] [INFO] SYMULACJA POMINIĘCIE: 'PREZMET D20 LEWA pilka 6+6.tom' (Dwuznaczność (4 folderów))
[2026-08-06 11:17:27] [INFO] SYMULACJA POMINIĘCIE: 'PREZMET D20 PRAWA pilka 6+6 koncowka.tom' (Brak folderu w bazie)
[2026-08-06 11:17:27] [INFO] SYMULACJA POMINIĘCIE: 'PREZMET D20 PRAWA pilka 6+6.tom' (Dwuznaczność (5 folderów))
[2026-08-06 11:17:27] [INFO] SYMULACJA OK: 'PRO-TECH WIERTLO D30x21 L40 K120.tom' zakwalifikowany do '458 PRO-TECH'
[2026-08-06 11:17:27] [INFO] SYMULACJA POMINIĘCIE: 'promien r1.5 maciej syrzistie.tom' (Brak folderu w bazie)
[2026-08-06 11:17:27] [INFO] SYMULACJA OK: 'PRZEROBKA PILOT D22x20 L15 k90.tom' zakwalifikowany do 'ZS-609 WALDEMAR SZWEC ALTUS'
[2026-08-06 11:17:27] [INFO] SYMULACJA POMINIĘCIE: 'Rozwiertak 22.5 Ap.tom' (Brak folderu w bazie)
[2026-08-06 11:17:27] [INFO] SYMULACJA POMINIĘCIE: 'Rozwiertak 6.06.tom' (Brak folderu w bazie)
[2026-08-06 11:17:27] [INFO] SYMULACJA OK: 'S3-ST FREZ D12 Z3 L28.tom' zakwalifikowany do 'ZP-859 FREZWID'
[2026-08-06 11:17:27] [INFO] SYMULACJA OK: 'S3-ST FREZ D4 Z3 L13.tom' zakwalifikowany do 'ZP-856 FREZWID'
[2026-08-06 11:17:27] [INFO] SYMULACJA OK: 'SCHODY TRABCZYNSKI D16 L150 NIEPRZELOTOWE.tom' zakwalifikowany do '567 SCHODY TRABCZYNSKI'
[2026-08-06 11:17:27] [INFO] SYMULACJA OK: 'SEKO FREZ D12 Z4 L25 HW.tom' zakwalifikowany do '865 SEKO'
[2026-08-06 11:17:27] [INFO] SYMULACJA OK: 'SIA WIERTLO Z4 6x10 KLAMKA LEWE .tom' zakwalifikowany do '174 SIA MJ IOGI'
[2026-08-06 11:17:27] [INFO] SYMULACJA OK: 'SIA WIERTLO Z4 6x12 KLAMKA PRAWE.tom' zakwalifikowany do '174 SIA MJ IOGI'
[2026-08-06 11:17:27] [INFO] SYMULACJA POMINIĘCIE: 'Splaszczenia pod klucz.tom' (Brak folderu w bazie)
[2026-08-06 11:17:27] [INFO] SYMULACJA OK: 'STURTZ D6 L65 PRAWE V1-ALU.tom' zakwalifikowany do '445 STURTZ'
[2026-08-06 11:17:27] [INFO] SYMULACJA POMINIĘCIE: 'SZLIF NA OKRAGLO R300.tom' (Brak folderu w bazie)
[2026-08-06 11:17:27] [INFO] SYMULACJA OK: 'TECH-MED Wiertlo D10x5.5 K90.tom' zakwalifikowany do '430 TECH-MED'
[2026-08-06 11:17:27] [INFO] SYMULACJA POMINIĘCIE: 'TECHNOCAM D10 Z3 KULKA LOLIPOP.tom' (Dwuznaczność (3 folderów))
[2026-08-06 11:17:27] [INFO] SYMULACJA POMINIĘCIE: 'TECHNOCAM D12 Z3 KULKA LOLIPOP.tom' (Dwuznaczność (3 folderów))
[2026-08-06 11:17:27] [INFO] SYMULACJA POMINIĘCIE: 'TECHNOCAM D14 Z3 KULKA LOLIPOP.tom' (Dwuznaczność (3 folderów))
[2026-08-06 11:17:27] [INFO] SYMULACJA POMINIĘCIE: 'TECHNOCAM D16 Z3 KULKA LOLIPOP.tom' (Dwuznaczność (4 folderów))
[2026-08-06 11:17:27] [INFO] SYMULACJA POMINIĘCIE: 'TECHNOCAM D18 Z3 KULKA LOLIPOP.tom' (Dwuznaczność (4 folderów))
[2026-08-06 11:17:27] [INFO] SYMULACJA OK: 'TECHNOCAM D8.5 Z3 KULKA LOLIPOP.tom' zakwalifikowany do '586 TECHNOCAM'
[2026-08-06 11:17:27] [INFO] SYMULACJA OK: 'TECHNOCAM D9 Z3 KULKA LOLIPOP HSS TEST.tom' zakwalifikowany do '0 TECHNOCAM'
[2026-08-06 11:17:27] [INFO] SYMULACJA OK: 'TECHNOCAM D9 Z3 KULKA LOLIPOP.tom' zakwalifikowany do '586 TECHNOCAM'
[2026-08-06 11:17:27] [INFO] SYMULACJA OK: 'TERAZ TWOJ DOM D16 R8.tom' zakwalifikowany do '403 TERAZ TWOJ DOM'
[2026-08-06 11:17:27] [INFO] SYMULACJA OK: 'TREKO FREZ D12 Z4 K20 R0.5 HW.tom' zakwalifikowany do '571 TREKO LASER'
[2026-08-06 11:17:27] [INFO] SYMULACJA POMINIĘCIE: 'VALEO AW900 Rolka MR1.ST6.02.05_1V2.tom' (Dwuznaczność (2 folderów))
[2026-08-06 11:17:27] [INFO] SYMULACJA OK: 'VALEO SPIRAL ze wzoru HS.tom' zakwalifikowany do '0 VALEO TEST'
[2026-08-06 11:17:27] [INFO] SYMULACJA POMINIĘCIE: 'W1-ST D5.9.tom' (Brak folderu w bazie)
[2026-08-06 11:17:27] [INFO] SYMULACJA POMINIĘCIE: 'W1-ST D6.3.tom' (Brak folderu w bazie)
[2026-08-06 11:17:27] [INFO] SYMULACJA OK: 'WALDEMARO FREZ D14 L3 TEOWY Z6.tom' zakwalifikowany do '508 WALDEMARO'
[2026-08-06 11:17:27] [INFO] SYMULACJA OK: 'WERTLO D16 L105 LEWE NIEPRZELOTOWE HSS.tom' zakwalifikowany do '944 PLATEK ALBERT'
[2026-08-06 11:17:27] [INFO] SYMULACJA OK: 'WERTLO D16 L105 PRAWE NIEPRZELOTOWE HSS.tom' zakwalifikowany do '944 PLATEK ALBERT'
[2026-08-06 11:17:27] [INFO] SYMULACJA OK: 'WIERTLO 6.8x8.2x12 .tom' zakwalifikowany do '0 CZERWIEC'
[2026-08-06 11:17:27] [INFO] SYMULACJA POMINIĘCIE: 'WIERTLO D10 Z2 L100 K60 PRAWE PRZELOTOWE.tom' (Dwuznaczność (2 folderów))
[2026-08-06 11:17:27] [INFO] SYMULACJA POMINIĘCIE: 'WIERTLO D12-LEWE-LAMACZ NA CZOLE.tom' (Dwuznaczność (2 folderów))
[2026-08-06 11:17:27] [INFO] SYMULACJA POMINIĘCIE: 'WIERTLO D12-PRAWE-LAMACZ NA CZOLE.tom' (Dwuznaczność (2 folderów))
[2026-08-06 11:17:27] [INFO] SYMULACJA POMINIĘCIE: 'WIERTLO D12x6 PRAWE K120 NACINAKI.tom' (Dwuznaczność (2 folderów))
[2026-08-06 11:17:27] [INFO] SYMULACJA POMINIĘCIE: 'WIERTLO D14 L120 K90 PRZELOTOWE.tom' (Dwuznaczność (2 folderów))
[2026-08-06 11:17:27] [INFO] SYMULACJA OK: 'WIERTLO D15.9 L77.5 LEWE-NIEPRZELOTOWE.tom' zakwalifikowany do '722 POL-SKONE'
[2026-08-06 11:17:27] [INFO] SYMULACJA OK: 'WIERTLO D16 L110 NIEPRZELOTOWE.tom' zakwalifikowany do '278 GOTYK'
[2026-08-06 11:17:27] [INFO] SYMULACJA POMINIĘCIE: 'WIERTLO D35.3 L35 MORSE.tom' (Dwuznaczność (2 folderów))
[2026-08-06 11:17:27] [INFO] SYMULACJA OK: 'WIERTLO D5 K60 SZLIF CZOLA.tom' zakwalifikowany do '609 MAR-TOM'
[2026-08-06 11:17:27] [INFO] SYMULACJA OK: 'WIERTLO D5X10 L11x43.tom' zakwalifikowany do '584 FIEGA MACHINES'
[2026-08-06 11:17:27] [INFO] SYMULACJA POMINIĘCIE: 'wiertlo d6.3.tom' (Brak folderu w bazie)
[2026-08-06 11:17:27] [INFO] SYMULACJA OK: 'WIERTLO KLAMKA D14x6 L6 LEWE 45x84.tom' zakwalifikowany do '564 PROFINE'
[2026-08-06 11:17:27] [INFO] SYMULACJA OK: 'WIERTLO NIEPRZELOTOWE D4x9 .tom' zakwalifikowany do '452 SOLIDER'
[2026-08-06 11:17:27] [INFO] SYMULACJA OK: 'WIERTLO POD KLAMKE D6x12 L6 L50 LEWE.tom' zakwalifikowany do 'BST-1 FREZWID'
[2026-08-06 11:17:27] [INFO] SYMULACJA OK: 'WIERTLO POD KLAMKE D6x12 L6 L60 PRAWE.tom' zakwalifikowany do 'BST-1 FREZWID'
[2026-08-06 11:17:27] [INFO] SYMULACJA POMINIĘCIE: 'WIERTLO POD KLAMKE D6x12 L6 PRAWE.tom' (Dwuznaczność (3 folderów))
[2026-08-06 11:17:27] [INFO] SYMULACJA OK: 'WIERTLO Z2 D12 L90 K90 PRAWE.tom' zakwalifikowany do '832 PH KONTRA'
[2026-08-06 11:17:27] [INFO] SYMULACJA POMINIĘCIE: 'WIERTLO- D12 L200 Z1 PRAWE-ROWEK 45STOPNI profil.tom' (Brak folderu w bazie)
[2026-08-06 11:17:27] [INFO] SYMULACJA OK: 'WIERTLO- D12 L200 Z1 PRAWE-ROWEK 45STOPNI.tom' zakwalifikowany do '197 ANTKOWIAK DANUTA'
[2026-08-06 11:17:27] [INFO] SYMULACJA POMINIĘCIE: 'WiertloGwintujace 4.2 M5 L5.tom' (Brak folderu w bazie)
[2026-08-06 11:17:27] [INFO] SYMULACJA POMINIĘCIE: 'WiertloGwintujace M5.tom' (Brak folderu w bazie)
[2026-08-06 11:17:27] [INFO] SYMULACJA POMINIĘCIE: 'WIERTŁO-D18-L34.5-D15-L5.5-D12-L34.5-D6-L5.5-PRAWE-HS.tom' (Brak folderu w bazie)
[2026-08-06 11:17:27] [INFO] SYMULACJA OK: 'Wytaczak K60 D9.5 LEWE.tom' zakwalifikowany do '0'
[2026-08-06 11:21:46] [INFO] SYMULACJA POMINIĘCIE: 'AGAT PLUS D8 Z4 L45.tom' (Brak folderu w bazie)
[2026-08-06 11:21:46] [INFO] SYMULACJA POMINIĘCIE: 'ALL WINDOWS D6 Z4 L L30 F1.0 CIETY.tom' (Brak folderu w bazie)
[2026-08-06 11:21:46] [INFO] SYMULACJA POMINIĘCIE: 'ALL WINDOWS D6 Z4 P L30 F1.0 CIETY.tom' (Brak folderu w bazie)
[2026-08-06 11:21:46] [INFO] SYMULACJA OK: 'ALUMNI SRL D10 L22 Z4 LAMACZ HW.tom' zakwalifikowany do '817 ALUMNI SRL'
[2026-08-06 11:21:46] [INFO] SYMULACJA OK: 'ALUMNI SRL D10 Z4+2 K118 ZGRUBNY.tom' zakwalifikowany do '817 ALUMNI SRL'
[2026-08-06 11:21:46] [INFO] SYMULACJA OK: 'ALUMNI SRL D12 Z4+2 K90 ZGRUBNY.tom' zakwalifikowany do '817 ALUMNI SRL'
[2026-08-06 11:21:46] [INFO] SYMULACJA OK: 'ALUMNI SRL D8 Z4+2 K118 ZGRUBNY.tom' zakwalifikowany do '817 ALUMNI SRL'
[2026-08-06 11:21:46] [INFO] SYMULACJA POMINIĘCIE: 'ALUMNI TEHNO Z4 D12x6 LAMACZ NG.tom' (Dwuznaczność (3 folderów))
[2026-08-06 11:21:46] [INFO] SYMULACJA OK: 'ALUMNI TEHNO Z4 D12x6 LAMACZ.tom' zakwalifikowany do '51 TEHNO ROM TOOLS'
[2026-08-06 11:21:46] [INFO] SYMULACJA OK: 'ALUMNI TEHNO Z4 D14x7 LAMACZ NG.tom' zakwalifikowany do '565 TEHNO ROM TOOLS'
[2026-08-06 11:21:46] [INFO] SYMULACJA POMINIĘCIE: 'D10-L70-Z4-LAMACZ-WIERTŁO-HW.tom' (Brak folderu w bazie)
[2026-08-06 11:21:46] [INFO] SYMULACJA POMINIĘCIE: 'D16 Z4 RYFEL.tom' (Brak folderu w bazie)
[2026-08-06 11:21:46] [INFO] SYMULACJA POMINIĘCIE: 'D5 L30 Z1 PRAWO-LEWY HW POLER JW.tom' (Brak folderu w bazie)
[2026-08-06 11:21:46] [INFO] SYMULACJA POMINIĘCIE: 'D5 L30 Z1 PRAWO-LEWY HW POLER.tom' (Brak folderu w bazie)
[2026-08-06 11:21:46] [INFO] SYMULACJA POMINIĘCIE: 'D5 L35 Z3 HSS.tom' (Dwuznaczność (2 folderów))
[2026-08-06 11:21:46] [INFO] SYMULACJA OK: 'D5-Z1-15-DRUTEX.tom' zakwalifikowany do 'ZP-42 FREZWID(SKLEP)'
[2026-08-06 11:21:46] [INFO] SYMULACJA OK: 'D6 Z4 P L30 F0.5 CIETY.tom' zakwalifikowany do '711 DRUTEX'
[2026-08-06 11:21:46] [INFO] SYMULACJA OK: 'D8 L22 A3-822 LAMACZ.tom' zakwalifikowany do '817 ALUMNI SRL'
[2026-08-06 11:21:46] [INFO] SYMULACJA POMINIĘCIE: 'D8_Z4_L38_LAMACZ_Hss_CZOŁO JAK  WIERTŁO.tom' (Brak folderu w bazie)
[2026-08-06 11:21:46] [INFO] SYMULACJA POMINIĘCIE: 'DIAM-TOOLS FREZ D53 Z10 R21.tom' (Dwuznaczność (5 folderów))
[2026-08-06 11:21:46] [INFO] SYMULACJA OK: 'DRUTEX D5 Z1 L20.tom' zakwalifikowany do '621 DRUTEX'
[2026-08-06 11:21:46] [INFO] SYMULACJA POMINIĘCIE: 'EMPOL WIERTLO Z4 6x12 KLAMKA PRAWE stara geometria .tom' (Dwuznaczność (2 folderów))
[2026-08-06 11:21:46] [INFO] SYMULACJA POMINIĘCIE: 'Fazownik D10 k35.tom' (Brak folderu w bazie)
[2026-08-06 11:21:46] [INFO] SYMULACJA POMINIĘCIE: 'Fazownik d12 k60 d6.4.tom' (Brak folderu w bazie)
[2026-08-06 11:21:46] [INFO] SYMULACJA POMINIĘCIE: 'Fazownik D12 k60.tom' (Brak folderu w bazie)
[2026-08-06 11:21:46] [INFO] SYMULACJA POMINIĘCIE: 'FLORAD Frez D25x18 Z3 .tom' (Dwuznaczność (4 folderów))
[2026-08-06 11:21:46] [INFO] SYMULACJA OK: 'FREZ D12 R7.2 Z4.tom' zakwalifikowany do '0'
[2026-08-06 11:21:46] [INFO] SYMULACJA OK: 'FREZ D12 Z2+2 L37+23 K130.tom' zakwalifikowany do '503 DRUTEX'
[2026-08-06 11:21:46] [INFO] SYMULACJA POMINIĘCIE: 'FREZ D14 L20 Z4.tom' (Brak folderu w bazie)
[2026-08-06 11:21:46] [INFO] SYMULACJA OK: 'FREZ D18 Z2 A2-1835.tom' zakwalifikowany do '712 CDN'
[2026-08-06 11:21:46] [INFO] SYMULACJA POMINIĘCIE: 'FREZ D22 Z2 L80 PROSTY PRZESTAWIONY.tom' (Dwuznaczność (2 folderów))
[2026-08-06 11:21:46] [INFO] SYMULACJA OK: 'FREZ D22 Z4 L20 HSS.tom' zakwalifikowany do '801 DAKO'
[2026-08-06 11:21:46] [INFO] SYMULACJA OK: 'FREZ D32 Z2 L150 PROSTY PRZESTAWIONY.tom' zakwalifikowany do '38 HEKAL'
[2026-08-06 11:21:46] [INFO] SYMULACJA OK: 'FREZ D32 Z2+2 L20 HSS POPRAWKA.tom' zakwalifikowany do '928 MAR-TOM'
[2026-08-06 11:21:46] [INFO] SYMULACJA OK: 'FREZ D32 Z2+2 L20 HSS.tom' zakwalifikowany do '928 MAR-TOM'
[2026-08-06 11:21:46] [INFO] SYMULACJA POMINIĘCIE: 'FREZ D40 Z18 HW.tom' (Dwuznaczność (2 folderów))
[2026-08-06 11:21:46] [INFO] SYMULACJA POMINIĘCIE: 'FREZ D6 Z2+2 L15x50 v2.tom' (Brak folderu w bazie)
[2026-08-06 11:21:46] [INFO] SYMULACJA POMINIĘCIE: 'Frez d85 z8 ostrzenie.tom' (Brak folderu w bazie)
[2026-08-06 11:21:46] [INFO] SYMULACJA OK: 'FREZ HS D16.7 Z2 R0.5 K-30.tom' zakwalifikowany do '568 PROFINE POLSKA'
[2026-08-06 11:21:46] [INFO] SYMULACJA POMINIĘCIE: 'FREZ K40 Z3 L1.6.tom' (Brak folderu w bazie)
[2026-08-06 11:21:46] [INFO] SYMULACJA POMINIĘCIE: 'Frez promieniowy R2 D5.2 K2.tom' (Brak folderu w bazie)
[2026-08-06 11:21:46] [INFO] SYMULACJA POMINIĘCIE: 'FREZ STOZKOWY D10 L52 K1.19.tom' (Dwuznaczność (3 folderów))
[2026-08-06 11:21:46] [INFO] SYMULACJA POMINIĘCIE: 'FREZ TEOWY D19.5 PRAWA pilka 4+4.tom' (Brak folderu w bazie)
[2026-08-06 11:21:46] [INFO] SYMULACJA OK: 'FREZWID D5 L30 PRAWE JW K120 POLER.tom' zakwalifikowany do 'BST-1 FREZWID'
[2026-08-06 11:21:46] [INFO] SYMULACJA POMINIĘCIE: 'FREZWID NAWIERTAK D10 90st.tom' (Brak folderu w bazie)
[2026-08-06 11:21:46] [INFO] SYMULACJA POMINIĘCIE: 'FREZWID NAWIERTAK D12 90st.tom' (Brak folderu w bazie)
[2026-08-06 11:21:46] [INFO] SYMULACJA POMINIĘCIE: 'FREZWID NAWIERTAK D6 90st.tom' (Brak folderu w bazie)
[2026-08-06 11:21:46] [INFO] SYMULACJA POMINIĘCIE: 'GOLD DOOR D16 L45 Z3 WYKANCZAJACO-ZGRUBNY.tom' (Dwuznaczność (3 folderów))
[2026-08-06 11:21:46] [INFO] SYMULACJA POMINIĘCIE: 'KOCZY Z2 D38 PROFIL R5.tom' (Dwuznaczność (3 folderów))
[2026-08-06 11:21:46] [INFO] SYMULACJA POMINIĘCIE: 'KONCOWKI D12.tom' (Brak folderu w bazie)
[2026-08-06 11:21:46] [INFO] SYMULACJA POMINIĘCIE: 'KP czyszczarka.D10 45st ostra Z4.tom' (Brak folderu w bazie)
[2026-08-06 11:21:46] [INFO] SYMULACJA POMINIĘCIE: 'KP czyszczarka.D10 45st ostra.tom' (Brak folderu w bazie)
[2026-08-06 11:21:46] [INFO] SYMULACJA POMINIĘCIE: 'KP FREZ D3 Z3.tom' (Brak folderu w bazie)
[2026-08-06 11:21:46] [INFO] SYMULACJA POMINIĘCIE: 'KULA D10 KP.tom' (Brak folderu w bazie)
[2026-08-06 11:21:46] [INFO] SYMULACJA POMINIĘCIE: 'KULA D12 KP.tom' (Brak folderu w bazie)
[2026-08-06 11:21:46] [INFO] SYMULACJA POMINIĘCIE: 'KULA D16 KP.tom' (Brak folderu w bazie)
[2026-08-06 11:21:46] [INFO] SYMULACJA POMINIĘCIE: 'KULA D4 KP.tom' (Brak folderu w bazie)
[2026-08-06 11:21:46] [INFO] SYMULACJA POMINIĘCIE: 'KULA D5,3 KP.tom' (Brak folderu w bazie)
[2026-08-06 11:21:46] [INFO] SYMULACJA POMINIĘCIE: 'KULA D6 KP.tom' (Brak folderu w bazie)
[2026-08-06 11:21:46] [INFO] SYMULACJA OK: 'LUC BEKAERT WIERTLO D8,3 PILOT D5 L6.tom' zakwalifikowany do '922 LUC BEKAERT MASHINENSERVICE'
[2026-08-06 11:21:46] [INFO] SYMULACJA OK: 'MADEX D10-L40-Z4-HW.tom' zakwalifikowany do '345 MADEX'
[2026-08-06 11:21:46] [INFO] SYMULACJA POMINIĘCIE: 'MAR-TOM PRZEROBKA NA PRZELOTOWE 60st.tom' (Brak folderu w bazie)
[2026-08-06 11:21:46] [INFO] SYMULACJA OK: 'MASLACH D13 Z2 90st PRZELOTOWE HSS.tom' zakwalifikowany do '698 MASLACH'
[2026-08-06 11:21:46] [INFO] SYMULACJA POMINIĘCIE: 'MB TRADING Noz Oscylacyjny D6 D0,5 L15 MIECZ.tom' (Dwuznaczność (3 folderów))
[2026-08-06 11:21:46] [INFO] SYMULACJA OK: 'MIKAR D5-L35-Z2-HW R1 K90.tom' zakwalifikowany do 'RLS-23 MIKAR'
[2026-08-06 11:21:46] [INFO] SYMULACJA POMINIĘCIE: 'MULTI OKNA FREZ A1-518.tom' (Brak folderu w bazie)
[2026-08-06 11:21:46] [INFO] SYMULACJA POMINIĘCIE: 'nawiertak 90st D10.tom' (Brak folderu w bazie)
[2026-08-06 11:21:46] [INFO] SYMULACJA POMINIĘCIE: 'nawiertak 90st D12 testy v2.tom' (Brak folderu w bazie)
[2026-08-06 11:21:46] [INFO] SYMULACJA POMINIĘCIE: 'nawiertak 90st D12 testy v3.tom' (Brak folderu w bazie)
[2026-08-06 11:21:46] [INFO] SYMULACJA POMINIĘCIE: 'nawiertak 90st D12 testy.tom' (Brak folderu w bazie)
[2026-08-06 11:21:46] [INFO] SYMULACJA POMINIĘCIE: 'nawiertak 90st D12.tom' (Brak folderu w bazie)
[2026-08-06 11:21:46] [INFO] SYMULACJA POMINIĘCIE: 'nawiertak 90st D6.tom' (Brak folderu w bazie)
[2026-08-06 11:21:46] [INFO] SYMULACJA OK: 'O1-ALU D10 L15 POLER.tom' zakwalifikowany do '488 EXTHERM-2'
[2026-08-06 11:21:46] [INFO] SYMULACJA OK: 'O1-ALU D12 L15 POLER.tom' zakwalifikowany do '488 EXTHERM-2'
[2026-08-06 11:21:46] [INFO] SYMULACJA OK: 'O1-ALU D7 L15 POLER.tom' zakwalifikowany do '488 EXTHERM-2'
[2026-08-06 11:21:46] [INFO] SYMULACJA OK: 'OPTIMA D11 SZLIF PRAWO-LEWY DO GWINTU.tom' zakwalifikowany do '711 OPTIMA PIOTR MROZ'
[2026-08-06 11:21:46] [INFO] SYMULACJA OK: 'OSTRZENIE ROZWIERTAK STOZKOWY D46.6 Z9.tom' zakwalifikowany do 'ZS-50 GALJA'
[2026-08-06 11:21:46] [INFO] SYMULACJA OK: 'OSTRZENIE WIERTLO D10.8x9.5.tom' zakwalifikowany do 'ZS-497 SOLTYS-DREW'
[2026-08-06 11:21:46] [INFO] SYMULACJA OK: 'OSTRZENIE WIERTLO D12.3x10.8.tom' zakwalifikowany do 'ZS-497 SOLTYS-DREW'
[2026-08-06 11:21:46] [INFO] SYMULACJA OK: 'PAMO WIERTLO D6 L10 HS.tom' zakwalifikowany do '619 PAMO'
[2026-08-06 11:21:46] [INFO] SYMULACJA OK: 'PH KONTRA WIERTLO D26 L165 Z2 K90.tom' zakwalifikowany do '655 PH KONTRA'
[2026-08-06 11:21:46] [INFO] SYMULACJA OK: 'PLASTBUD D20 LEWA pilka 6+6.tom' zakwalifikowany do '354 PLASTBUD'
[2026-08-06 11:21:46] [INFO] SYMULACJA OK: 'PLASTBUD D20 PRAWA pilka 6+6.tom' zakwalifikowany do '354 PLASTBUD'
[2026-08-06 11:21:46] [INFO] SYMULACJA POMINIĘCIE: 'PREZMET D20 LEWA pilka 6+6.tom' (Dwuznaczność (4 folderów))
[2026-08-06 11:21:46] [INFO] SYMULACJA POMINIĘCIE: 'PREZMET D20 PRAWA pilka 6+6 koncowka.tom' (Brak folderu w bazie)
[2026-08-06 11:21:46] [INFO] SYMULACJA POMINIĘCIE: 'PREZMET D20 PRAWA pilka 6+6.tom' (Dwuznaczność (5 folderów))
[2026-08-06 11:21:46] [INFO] SYMULACJA OK: 'PRO-TECH WIERTLO D30x21 L40 K120.tom' zakwalifikowany do '458 PRO-TECH'
[2026-08-06 11:21:46] [INFO] SYMULACJA POMINIĘCIE: 'promien r1.5 maciej syrzistie.tom' (Brak folderu w bazie)
[2026-08-06 11:21:46] [INFO] SYMULACJA OK: 'PRZEROBKA PILOT D22x20 L15 k90.tom' zakwalifikowany do 'ZS-609 WALDEMAR SZWEC ALTUS'
[2026-08-06 11:21:46] [INFO] SYMULACJA POMINIĘCIE: 'Rozwiertak 22.5 Ap.tom' (Brak folderu w bazie)
[2026-08-06 11:21:46] [INFO] SYMULACJA POMINIĘCIE: 'Rozwiertak 6.06.tom' (Brak folderu w bazie)
[2026-08-06 11:21:46] [INFO] SYMULACJA OK: 'S3-ST FREZ D12 Z3 L28.tom' zakwalifikowany do 'ZP-859 FREZWID'
[2026-08-06 11:21:46] [INFO] SYMULACJA OK: 'S3-ST FREZ D4 Z3 L13.tom' zakwalifikowany do 'ZP-856 FREZWID'
[2026-08-06 11:21:46] [INFO] SYMULACJA OK: 'SCHODY TRABCZYNSKI D16 L150 NIEPRZELOTOWE.tom' zakwalifikowany do '567 SCHODY TRABCZYNSKI'
[2026-08-06 11:21:46] [INFO] SYMULACJA OK: 'SEKO FREZ D12 Z4 L25 HW.tom' zakwalifikowany do '865 SEKO'
[2026-08-06 11:21:46] [INFO] SYMULACJA OK: 'SIA WIERTLO Z4 6x10 KLAMKA LEWE .tom' zakwalifikowany do '174 SIA MJ IOGI'
[2026-08-06 11:21:46] [INFO] SYMULACJA OK: 'SIA WIERTLO Z4 6x12 KLAMKA PRAWE.tom' zakwalifikowany do '174 SIA MJ IOGI'
[2026-08-06 11:21:46] [INFO] SYMULACJA POMINIĘCIE: 'Splaszczenia pod klucz.tom' (Brak folderu w bazie)
[2026-08-06 11:21:46] [INFO] SYMULACJA OK: 'STURTZ D6 L65 PRAWE V1-ALU.tom' zakwalifikowany do '445 STURTZ'
[2026-08-06 11:21:46] [INFO] SYMULACJA POMINIĘCIE: 'SZLIF NA OKRAGLO R300.tom' (Brak folderu w bazie)
[2026-08-06 11:21:46] [INFO] SYMULACJA OK: 'TECH-MED Wiertlo D10x5.5 K90.tom' zakwalifikowany do '430 TECH-MED'
[2026-08-06 11:21:46] [INFO] SYMULACJA POMINIĘCIE: 'TECHNOCAM D10 Z3 KULKA LOLIPOP.tom' (Dwuznaczność (3 folderów))
[2026-08-06 11:21:46] [INFO] SYMULACJA POMINIĘCIE: 'TECHNOCAM D12 Z3 KULKA LOLIPOP.tom' (Dwuznaczność (3 folderów))
[2026-08-06 11:21:46] [INFO] SYMULACJA POMINIĘCIE: 'TECHNOCAM D14 Z3 KULKA LOLIPOP.tom' (Dwuznaczność (3 folderów))
[2026-08-06 11:21:46] [INFO] SYMULACJA POMINIĘCIE: 'TECHNOCAM D16 Z3 KULKA LOLIPOP.tom' (Dwuznaczność (4 folderów))
[2026-08-06 11:21:46] [INFO] SYMULACJA POMINIĘCIE: 'TECHNOCAM D18 Z3 KULKA LOLIPOP.tom' (Dwuznaczność (4 folderów))
[2026-08-06 11:21:46] [INFO] SYMULACJA OK: 'TECHNOCAM D8.5 Z3 KULKA LOLIPOP.tom' zakwalifikowany do '586 TECHNOCAM'
[2026-08-06 11:21:46] [INFO] SYMULACJA OK: 'TECHNOCAM D9 Z3 KULKA LOLIPOP HSS TEST.tom' zakwalifikowany do '0 TECHNOCAM'
[2026-08-06 11:21:46] [INFO] SYMULACJA OK: 'TECHNOCAM D9 Z3 KULKA LOLIPOP.tom' zakwalifikowany do '586 TECHNOCAM'
[2026-08-06 11:21:46] [INFO] SYMULACJA OK: 'TERAZ TWOJ DOM D16 R8.tom' zakwalifikowany do '403 TERAZ TWOJ DOM'
[2026-08-06 11:21:46] [INFO] SYMULACJA OK: 'TREKO FREZ D12 Z4 K20 R0.5 HW.tom' zakwalifikowany do '571 TREKO LASER'
[2026-08-06 11:21:46] [INFO] SYMULACJA POMINIĘCIE: 'VALEO AW900 Rolka MR1.ST6.02.05_1V2.tom' (Dwuznaczność (2 folderów))
[2026-08-06 11:21:46] [INFO] SYMULACJA OK: 'VALEO SPIRAL ze wzoru HS.tom' zakwalifikowany do '0 VALEO TEST'
[2026-08-06 11:21:46] [INFO] SYMULACJA POMINIĘCIE: 'W1-ST D5.9.tom' (Brak folderu w bazie)
[2026-08-06 11:21:46] [INFO] SYMULACJA POMINIĘCIE: 'W1-ST D6.3.tom' (Brak folderu w bazie)
[2026-08-06 11:21:46] [INFO] SYMULACJA OK: 'WALDEMARO FREZ D14 L3 TEOWY Z6.tom' zakwalifikowany do '508 WALDEMARO'
[2026-08-06 11:21:46] [INFO] SYMULACJA OK: 'WERTLO D16 L105 LEWE NIEPRZELOTOWE HSS.tom' zakwalifikowany do '944 PLATEK ALBERT'
[2026-08-06 11:21:46] [INFO] SYMULACJA OK: 'WERTLO D16 L105 PRAWE NIEPRZELOTOWE HSS.tom' zakwalifikowany do '944 PLATEK ALBERT'
[2026-08-06 11:21:46] [INFO] SYMULACJA OK: 'WIERTLO 6.8x8.2x12 .tom' zakwalifikowany do '0 CZERWIEC'
[2026-08-06 11:21:46] [INFO] SYMULACJA POMINIĘCIE: 'WIERTLO D10 Z2 L100 K60 PRAWE PRZELOTOWE.tom' (Dwuznaczność (2 folderów))
[2026-08-06 11:21:46] [INFO] SYMULACJA POMINIĘCIE: 'WIERTLO D12-LEWE-LAMACZ NA CZOLE.tom' (Dwuznaczność (2 folderów))
[2026-08-06 11:21:46] [INFO] SYMULACJA POMINIĘCIE: 'WIERTLO D12-PRAWE-LAMACZ NA CZOLE.tom' (Dwuznaczność (2 folderów))
[2026-08-06 11:21:46] [INFO] SYMULACJA POMINIĘCIE: 'WIERTLO D12x6 PRAWE K120 NACINAKI.tom' (Dwuznaczność (2 folderów))
[2026-08-06 11:21:46] [INFO] SYMULACJA POMINIĘCIE: 'WIERTLO D14 L120 K90 PRZELOTOWE.tom' (Dwuznaczność (2 folderów))
[2026-08-06 11:21:46] [INFO] SYMULACJA OK: 'WIERTLO D15.9 L77.5 LEWE-NIEPRZELOTOWE.tom' zakwalifikowany do '722 POL-SKONE'
[2026-08-06 11:21:46] [INFO] SYMULACJA OK: 'WIERTLO D16 L110 NIEPRZELOTOWE.tom' zakwalifikowany do '278 GOTYK'
[2026-08-06 11:21:46] [INFO] SYMULACJA POMINIĘCIE: 'WIERTLO D35.3 L35 MORSE.tom' (Dwuznaczność (2 folderów))
[2026-08-06 11:21:46] [INFO] SYMULACJA OK: 'WIERTLO D5 K60 SZLIF CZOLA.tom' zakwalifikowany do '609 MAR-TOM'
[2026-08-06 11:21:46] [INFO] SYMULACJA OK: 'WIERTLO D5X10 L11x43.tom' zakwalifikowany do '584 FIEGA MACHINES'
[2026-08-06 11:21:46] [INFO] SYMULACJA POMINIĘCIE: 'wiertlo d6.3.tom' (Brak folderu w bazie)
[2026-08-06 11:21:46] [INFO] SYMULACJA OK: 'WIERTLO KLAMKA D14x6 L6 LEWE 45x84.tom' zakwalifikowany do '564 PROFINE'
[2026-08-06 11:21:46] [INFO] SYMULACJA OK: 'WIERTLO NIEPRZELOTOWE D4x9 .tom' zakwalifikowany do '452 SOLIDER'
[2026-08-06 11:21:46] [INFO] SYMULACJA OK: 'WIERTLO POD KLAMKE D6x12 L6 L50 LEWE.tom' zakwalifikowany do 'BST-1 FREZWID'
[2026-08-06 11:21:46] [INFO] SYMULACJA OK: 'WIERTLO POD KLAMKE D6x12 L6 L60 PRAWE.tom' zakwalifikowany do 'BST-1 FREZWID'
[2026-08-06 11:21:46] [INFO] SYMULACJA POMINIĘCIE: 'WIERTLO POD KLAMKE D6x12 L6 PRAWE.tom' (Dwuznaczność (3 folderów))
[2026-08-06 11:21:46] [INFO] SYMULACJA OK: 'WIERTLO Z2 D12 L90 K90 PRAWE.tom' zakwalifikowany do '832 PH KONTRA'
[2026-08-06 11:21:46] [INFO] SYMULACJA POMINIĘCIE: 'WIERTLO- D12 L200 Z1 PRAWE-ROWEK 45STOPNI profil.tom' (Brak folderu w bazie)
[2026-08-06 11:21:46] [INFO] SYMULACJA OK: 'WIERTLO- D12 L200 Z1 PRAWE-ROWEK 45STOPNI.tom' zakwalifikowany do '197 ANTKOWIAK DANUTA'
[2026-08-06 11:21:46] [INFO] SYMULACJA POMINIĘCIE: 'WiertloGwintujace 4.2 M5 L5.tom' (Brak folderu w bazie)
[2026-08-06 11:21:46] [INFO] SYMULACJA POMINIĘCIE: 'WiertloGwintujace M5.tom' (Brak folderu w bazie)
[2026-08-06 11:21:46] [INFO] SYMULACJA POMINIĘCIE: 'WIERTŁO-D18-L34.5-D15-L5.5-D12-L34.5-D6-L5.5-PRAWE-HS.tom' (Brak folderu w bazie)
[2026-08-06 11:21:46] [INFO] SYMULACJA OK: 'Wytaczak K60 D9.5 LEWE.tom' zakwalifikowany do '0'
[2026-08-06 11:22:26] [INFO] AUTO-ARCHIWIZACJA POMINIĘTO: 'AGAT PLUS D8 Z4 L45.tom'. Powód: Brak folderu w bazie
[2026-08-06 11:22:26] [INFO] AUTO-ARCHIWIZACJA POMINIĘTO: 'ALL WINDOWS D6 Z4 L L30 F1.0 CIETY.tom'. Powód: Brak folderu w bazie
[2026-08-06 11:22:26] [INFO] AUTO-ARCHIWIZACJA POMINIĘTO: 'ALL WINDOWS D6 Z4 P L30 F1.0 CIETY.tom'. Powód: Brak folderu w bazie
[2026-08-06 11:22:26] [INFO] AUTO-ARCHIWIZACJA SUKCES: 'ALUMNI SRL D10 L22 Z4 LAMACZ HW.tom' -> '817 ALUMNI SRL'
[2026-08-06 11:22:26] [INFO] AUTO-ARCHIWIZACJA SUKCES: 'ALUMNI SRL D10 Z4+2 K118 ZGRUBNY.tom' -> '817 ALUMNI SRL'
[2026-08-06 11:22:27] [INFO] AUTO-ARCHIWIZACJA SUKCES: 'ALUMNI SRL D12 Z4+2 K90 ZGRUBNY.tom' -> '817 ALUMNI SRL'
[2026-08-06 11:22:27] [INFO] AUTO-ARCHIWIZACJA SUKCES: 'ALUMNI SRL D8 Z4+2 K118 ZGRUBNY.tom' -> '817 ALUMNI SRL'
[2026-08-06 11:22:27] [INFO] AUTO-ARCHIWIZACJA POMINIĘTO: 'ALUMNI TEHNO Z4 D12x6 LAMACZ NG.tom'. Powód: Dwuznaczność (3 folderów)
[2026-08-06 11:22:27] [INFO] AUTO-ARCHIWIZACJA SUKCES: 'ALUMNI TEHNO Z4 D12x6 LAMACZ.tom' -> '51 TEHNO ROM TOOLS'
[2026-08-06 11:22:27] [INFO] AUTO-ARCHIWIZACJA SUKCES: 'ALUMNI TEHNO Z4 D14x7 LAMACZ NG.tom' -> '565 TEHNO ROM TOOLS'
[2026-08-06 11:22:27] [INFO] AUTO-ARCHIWIZACJA POMINIĘTO: 'D10-L70-Z4-LAMACZ-WIERTŁO-HW.tom'. Powód: Brak folderu w bazie
[2026-08-06 11:22:27] [INFO] AUTO-ARCHIWIZACJA POMINIĘTO: 'D16 Z4 RYFEL.tom'. Powód: Brak folderu w bazie
[2026-08-06 11:22:27] [INFO] AUTO-ARCHIWIZACJA POMINIĘTO: 'D5 L30 Z1 PRAWO-LEWY HW POLER JW.tom'. Powód: Brak folderu w bazie
[2026-08-06 11:22:27] [INFO] AUTO-ARCHIWIZACJA POMINIĘTO: 'D5 L30 Z1 PRAWO-LEWY HW POLER.tom'. Powód: Brak folderu w bazie
[2026-08-06 11:22:27] [INFO] AUTO-ARCHIWIZACJA POMINIĘTO: 'D5 L35 Z3 HSS.tom'. Powód: Dwuznaczność (2 folderów)
[2026-08-06 11:22:28] [INFO] AUTO-ARCHIWIZACJA SUKCES: 'D5-Z1-15-DRUTEX.tom' -> 'ZP-42 FREZWID(SKLEP)'
[2026-08-06 11:22:28] [INFO] AUTO-ARCHIWIZACJA SUKCES: 'D6 Z4 P L30 F0.5 CIETY.tom' -> '711 DRUTEX'
[2026-08-06 11:22:28] [INFO] AUTO-ARCHIWIZACJA SUKCES: 'D8 L22 A3-822 LAMACZ.tom' -> '817 ALUMNI SRL'
[2026-08-06 11:22:28] [INFO] AUTO-ARCHIWIZACJA POMINIĘTO: 'D8_Z4_L38_LAMACZ_Hss_CZOŁO JAK  WIERTŁO.tom'. Powód: Brak folderu w bazie
[2026-08-06 11:22:28] [INFO] AUTO-ARCHIWIZACJA POMINIĘTO: 'DIAM-TOOLS FREZ D53 Z10 R21.tom'. Powód: Dwuznaczność (5 folderów)
[2026-08-06 11:22:28] [INFO] AUTO-ARCHIWIZACJA SUKCES: 'DRUTEX D5 Z1 L20.tom' -> '621 DRUTEX'
[2026-08-06 11:22:28] [INFO] AUTO-ARCHIWIZACJA POMINIĘTO: 'EMPOL WIERTLO Z4 6x12 KLAMKA PRAWE stara geometria .tom'. Powód: Dwuznaczność (2 folderów)
[2026-08-06 11:22:28] [INFO] AUTO-ARCHIWIZACJA POMINIĘTO: 'Fazownik D10 k35.tom'. Powód: Brak folderu w bazie
[2026-08-06 11:22:28] [INFO] AUTO-ARCHIWIZACJA POMINIĘTO: 'Fazownik d12 k60 d6.4.tom'. Powód: Brak folderu w bazie
[2026-08-06 11:22:28] [INFO] AUTO-ARCHIWIZACJA POMINIĘTO: 'Fazownik D12 k60.tom'. Powód: Brak folderu w bazie
[2026-08-06 11:22:28] [INFO] AUTO-ARCHIWIZACJA POMINIĘTO: 'FLORAD Frez D25x18 Z3 .tom'. Powód: Dwuznaczność (4 folderów)
[2026-08-06 11:22:28] [INFO] AUTO-ARCHIWIZACJA SUKCES: 'FREZ D12 R7.2 Z4.tom' -> '0'
[2026-08-06 11:22:29] [INFO] AUTO-ARCHIWIZACJA SUKCES: 'FREZ D12 Z2+2 L37+23 K130.tom' -> '503 DRUTEX'
[2026-08-06 11:22:29] [INFO] AUTO-ARCHIWIZACJA POMINIĘTO: 'FREZ D14 L20 Z4.tom'. Powód: Brak folderu w bazie
[2026-08-06 11:22:29] [INFO] AUTO-ARCHIWIZACJA SUKCES: 'FREZ D18 Z2 A2-1835.tom' -> '712 CDN'
[2026-08-06 11:22:29] [INFO] AUTO-ARCHIWIZACJA POMINIĘTO: 'FREZ D22 Z2 L80 PROSTY PRZESTAWIONY.tom'. Powód: Dwuznaczność (2 folderów)
[2026-08-06 11:22:29] [INFO] AUTO-ARCHIWIZACJA SUKCES: 'FREZ D22 Z4 L20 HSS.tom' -> '801 DAKO'
[2026-08-06 11:22:29] [INFO] AUTO-ARCHIWIZACJA SUKCES: 'FREZ D32 Z2 L150 PROSTY PRZESTAWIONY.tom' -> '38 HEKAL'
[2026-08-06 11:22:30] [INFO] AUTO-ARCHIWIZACJA SUKCES: 'FREZ D32 Z2+2 L20 HSS POPRAWKA.tom' -> '928 MAR-TOM'
[2026-08-06 11:22:30] [INFO] AUTO-ARCHIWIZACJA SUKCES: 'FREZ D32 Z2+2 L20 HSS.tom' -> '928 MAR-TOM'
[2026-08-06 11:22:30] [INFO] AUTO-ARCHIWIZACJA POMINIĘTO: 'FREZ D40 Z18 HW.tom'. Powód: Dwuznaczność (2 folderów)
[2026-08-06 11:22:30] [INFO] AUTO-ARCHIWIZACJA POMINIĘTO: 'FREZ D6 Z2+2 L15x50 v2.tom'. Powód: Brak folderu w bazie
[2026-08-06 11:22:30] [INFO] AUTO-ARCHIWIZACJA POMINIĘTO: 'Frez d85 z8 ostrzenie.tom'. Powód: Brak folderu w bazie
[2026-08-06 11:22:30] [INFO] AUTO-ARCHIWIZACJA SUKCES: 'FREZ HS D16.7 Z2 R0.5 K-30.tom' -> '568 PROFINE POLSKA'
[2026-08-06 11:22:30] [INFO] AUTO-ARCHIWIZACJA POMINIĘTO: 'FREZ K40 Z3 L1.6.tom'. Powód: Brak folderu w bazie
[2026-08-06 11:22:30] [INFO] AUTO-ARCHIWIZACJA POMINIĘTO: 'Frez promieniowy R2 D5.2 K2.tom'. Powód: Brak folderu w bazie
[2026-08-06 11:22:30] [INFO] AUTO-ARCHIWIZACJA POMINIĘTO: 'FREZ STOZKOWY D10 L52 K1.19.tom'. Powód: Dwuznaczność (3 folderów)
[2026-08-06 11:22:30] [INFO] AUTO-ARCHIWIZACJA POMINIĘTO: 'FREZ TEOWY D19.5 PRAWA pilka 4+4.tom'. Powód: Brak folderu w bazie
[2026-08-06 11:22:31] [INFO] AUTO-ARCHIWIZACJA SUKCES: 'FREZWID D5 L30 PRAWE JW K120 POLER.tom' -> 'BST-1 FREZWID'
[2026-08-06 11:22:31] [INFO] AUTO-ARCHIWIZACJA POMINIĘTO: 'FREZWID NAWIERTAK D10 90st.tom'. Powód: Brak folderu w bazie
[2026-08-06 11:22:31] [INFO] AUTO-ARCHIWIZACJA POMINIĘTO: 'FREZWID NAWIERTAK D12 90st.tom'. Powód: Brak folderu w bazie
[2026-08-06 11:22:31] [INFO] AUTO-ARCHIWIZACJA POMINIĘTO: 'FREZWID NAWIERTAK D6 90st.tom'. Powód: Brak folderu w bazie
[2026-08-06 11:22:31] [INFO] AUTO-ARCHIWIZACJA POMINIĘTO: 'GOLD DOOR D16 L45 Z3 WYKANCZAJACO-ZGRUBNY.tom'. Powód: Dwuznaczność (3 folderów)
[2026-08-06 11:22:31] [INFO] AUTO-ARCHIWIZACJA POMINIĘTO: 'KOCZY Z2 D38 PROFIL R5.tom'. Powód: Dwuznaczność (3 folderów)
[2026-08-06 11:22:31] [INFO] AUTO-ARCHIWIZACJA POMINIĘTO: 'KONCOWKI D12.tom'. Powód: Brak folderu w bazie
[2026-08-06 11:22:31] [INFO] AUTO-ARCHIWIZACJA POMINIĘTO: 'KP czyszczarka.D10 45st ostra Z4.tom'. Powód: Brak folderu w bazie
[2026-08-06 11:22:31] [INFO] AUTO-ARCHIWIZACJA POMINIĘTO: 'KP czyszczarka.D10 45st ostra.tom'. Powód: Brak folderu w bazie
[2026-08-06 11:22:31] [INFO] AUTO-ARCHIWIZACJA POMINIĘTO: 'KP FREZ D3 Z3.tom'. Powód: Brak folderu w bazie
[2026-08-06 11:22:31] [INFO] AUTO-ARCHIWIZACJA POMINIĘTO: 'KULA D10 KP.tom'. Powód: Brak folderu w bazie
[2026-08-06 11:22:31] [INFO] AUTO-ARCHIWIZACJA POMINIĘTO: 'KULA D12 KP.tom'. Powód: Brak folderu w bazie
[2026-08-06 11:22:31] [INFO] AUTO-ARCHIWIZACJA POMINIĘTO: 'KULA D16 KP.tom'. Powód: Brak folderu w bazie
[2026-08-06 11:22:31] [INFO] AUTO-ARCHIWIZACJA POMINIĘTO: 'KULA D4 KP.tom'. Powód: Brak folderu w bazie
[2026-08-06 11:22:31] [INFO] AUTO-ARCHIWIZACJA POMINIĘTO: 'KULA D5,3 KP.tom'. Powód: Brak folderu w bazie
[2026-08-06 11:22:31] [INFO] AUTO-ARCHIWIZACJA POMINIĘTO: 'KULA D6 KP.tom'. Powód: Brak folderu w bazie
[2026-08-06 11:22:31] [INFO] AUTO-ARCHIWIZACJA SUKCES: 'LUC BEKAERT WIERTLO D8,3 PILOT D5 L6.tom' -> '922 LUC BEKAERT MASHINENSERVICE'
[2026-08-06 11:22:31] [INFO] AUTO-ARCHIWIZACJA SUKCES: 'MADEX D10-L40-Z4-HW.tom' -> '345 MADEX'
[2026-08-06 11:22:31] [INFO] AUTO-ARCHIWIZACJA POMINIĘTO: 'MAR-TOM PRZEROBKA NA PRZELOTOWE 60st.tom'. Powód: Brak folderu w bazie
[2026-08-06 11:22:31] [INFO] AUTO-ARCHIWIZACJA SUKCES: 'MASLACH D13 Z2 90st PRZELOTOWE HSS.tom' -> '698 MASLACH'
[2026-08-06 11:22:31] [INFO] AUTO-ARCHIWIZACJA POMINIĘTO: 'MB TRADING Noz Oscylacyjny D6 D0,5 L15 MIECZ.tom'. Powód: Dwuznaczność (3 folderów)
[2026-08-06 11:22:32] [INFO] AUTO-ARCHIWIZACJA SUKCES: 'MIKAR D5-L35-Z2-HW R1 K90.tom' -> 'RLS-23 MIKAR'
[2026-08-06 11:22:32] [INFO] AUTO-ARCHIWIZACJA POMINIĘTO: 'MULTI OKNA FREZ A1-518.tom'. Powód: Brak folderu w bazie
[2026-08-06 11:22:32] [INFO] AUTO-ARCHIWIZACJA POMINIĘTO: 'nawiertak 90st D10.tom'. Powód: Brak folderu w bazie
[2026-08-06 11:22:32] [INFO] AUTO-ARCHIWIZACJA POMINIĘTO: 'nawiertak 90st D12 testy v2.tom'. Powód: Brak folderu w bazie
[2026-08-06 11:22:32] [INFO] AUTO-ARCHIWIZACJA POMINIĘTO: 'nawiertak 90st D12 testy v3.tom'. Powód: Brak folderu w bazie
[2026-08-06 11:22:32] [INFO] AUTO-ARCHIWIZACJA POMINIĘTO: 'nawiertak 90st D12 testy.tom'. Powód: Brak folderu w bazie
[2026-08-06 11:22:32] [INFO] AUTO-ARCHIWIZACJA POMINIĘTO: 'nawiertak 90st D12.tom'. Powód: Brak folderu w bazie
[2026-08-06 11:22:32] [INFO] AUTO-ARCHIWIZACJA POMINIĘTO: 'nawiertak 90st D6.tom'. Powód: Brak folderu w bazie
[2026-08-06 11:22:32] [INFO] AUTO-ARCHIWIZACJA SUKCES: 'O1-ALU D10 L15 POLER.tom' -> '488 EXTHERM-2'
[2026-08-06 11:22:32] [INFO] AUTO-ARCHIWIZACJA SUKCES: 'O1-ALU D12 L15 POLER.tom' -> '488 EXTHERM-2'
[2026-08-06 11:22:32] [INFO] AUTO-ARCHIWIZACJA SUKCES: 'O1-ALU D7 L15 POLER.tom' -> '488 EXTHERM-2'
[2026-08-06 11:22:33] [INFO] AUTO-ARCHIWIZACJA SUKCES: 'OPTIMA D11 SZLIF PRAWO-LEWY DO GWINTU.tom' -> '711 OPTIMA PIOTR MROZ'
[2026-08-06 11:22:33] [INFO] AUTO-ARCHIWIZACJA SUKCES: 'OSTRZENIE ROZWIERTAK STOZKOWY D46.6 Z9.tom' -> 'ZS-50 GALJA'
[2026-08-06 11:22:33] [INFO] AUTO-ARCHIWIZACJA SUKCES: 'OSTRZENIE WIERTLO D10.8x9.5.tom' -> 'ZS-497 SOLTYS-DREW'
[2026-08-06 11:22:33] [INFO] AUTO-ARCHIWIZACJA SUKCES: 'OSTRZENIE WIERTLO D12.3x10.8.tom' -> 'ZS-497 SOLTYS-DREW'
[2026-08-06 11:22:33] [INFO] AUTO-ARCHIWIZACJA SUKCES: 'PAMO WIERTLO D6 L10 HS.tom' -> '619 PAMO'
[2026-08-06 11:22:34] [INFO] AUTO-ARCHIWIZACJA SUKCES: 'PH KONTRA WIERTLO D26 L165 Z2 K90.tom' -> '655 PH KONTRA'
[2026-08-06 11:22:34] [INFO] AUTO-ARCHIWIZACJA SUKCES: 'PLASTBUD D20 LEWA pilka 6+6.tom' -> '354 PLASTBUD'
[2026-08-06 11:22:34] [INFO] AUTO-ARCHIWIZACJA SUKCES: 'PLASTBUD D20 PRAWA pilka 6+6.tom' -> '354 PLASTBUD'
[2026-08-06 11:22:34] [INFO] AUTO-ARCHIWIZACJA POMINIĘTO: 'PREZMET D20 LEWA pilka 6+6.tom'. Powód: Dwuznaczność (4 folderów)
[2026-08-06 11:22:34] [INFO] AUTO-ARCHIWIZACJA POMINIĘTO: 'PREZMET D20 PRAWA pilka 6+6 koncowka.tom'. Powód: Brak folderu w bazie
[2026-08-06 11:22:34] [INFO] AUTO-ARCHIWIZACJA POMINIĘTO: 'PREZMET D20 PRAWA pilka 6+6.tom'. Powód: Dwuznaczność (5 folderów)
[2026-08-06 11:22:34] [INFO] AUTO-ARCHIWIZACJA SUKCES: 'PRO-TECH WIERTLO D30x21 L40 K120.tom' -> '458 PRO-TECH'
[2026-08-06 11:22:34] [INFO] AUTO-ARCHIWIZACJA POMINIĘTO: 'promien r1.5 maciej syrzistie.tom'. Powód: Brak folderu w bazie
[2026-08-06 11:22:35] [INFO] AUTO-ARCHIWIZACJA SUKCES: 'PRZEROBKA PILOT D22x20 L15 k90.tom' -> 'ZS-609 WALDEMAR SZWEC ALTUS'
[2026-08-06 11:22:35] [INFO] AUTO-ARCHIWIZACJA POMINIĘTO: 'Rozwiertak 22.5 Ap.tom'. Powód: Brak folderu w bazie
[2026-08-06 11:22:35] [INFO] AUTO-ARCHIWIZACJA POMINIĘTO: 'Rozwiertak 6.06.tom'. Powód: Brak folderu w bazie
[2026-08-06 11:22:35] [INFO] AUTO-ARCHIWIZACJA SUKCES: 'S3-ST FREZ D12 Z3 L28.tom' -> 'ZP-859 FREZWID'
[2026-08-06 11:22:35] [INFO] AUTO-ARCHIWIZACJA SUKCES: 'S3-ST FREZ D4 Z3 L13.tom' -> 'ZP-856 FREZWID'
[2026-08-06 11:22:35] [INFO] AUTO-ARCHIWIZACJA SUKCES: 'SCHODY TRABCZYNSKI D16 L150 NIEPRZELOTOWE.tom' -> '567 SCHODY TRABCZYNSKI'
[2026-08-06 11:22:35] [INFO] AUTO-ARCHIWIZACJA SUKCES: 'SEKO FREZ D12 Z4 L25 HW.tom' -> '865 SEKO'
[2026-08-06 11:22:36] [INFO] AUTO-ARCHIWIZACJA SUKCES: 'SIA WIERTLO Z4 6x10 KLAMKA LEWE .tom' -> '174 SIA MJ IOGI'
[2026-08-06 11:22:36] [INFO] AUTO-ARCHIWIZACJA SUKCES: 'SIA WIERTLO Z4 6x12 KLAMKA PRAWE.tom' -> '174 SIA MJ IOGI'
[2026-08-06 11:22:36] [INFO] AUTO-ARCHIWIZACJA POMINIĘTO: 'Splaszczenia pod klucz.tom'. Powód: Brak folderu w bazie
[2026-08-06 11:22:36] [INFO] AUTO-ARCHIWIZACJA SUKCES: 'STURTZ D6 L65 PRAWE V1-ALU.tom' -> '445 STURTZ'
[2026-08-06 11:22:36] [INFO] AUTO-ARCHIWIZACJA POMINIĘTO: 'SZLIF NA OKRAGLO R300.tom'. Powód: Brak folderu w bazie
[2026-08-06 11:22:36] [INFO] AUTO-ARCHIWIZACJA SUKCES: 'TECH-MED Wiertlo D10x5.5 K90.tom' -> '430 TECH-MED'
[2026-08-06 11:22:36] [INFO] AUTO-ARCHIWIZACJA POMINIĘTO: 'TECHNOCAM D10 Z3 KULKA LOLIPOP.tom'. Powód: Dwuznaczność (3 folderów)
[2026-08-06 11:22:37] [INFO] AUTO-ARCHIWIZACJA POMINIĘTO: 'TECHNOCAM D12 Z3 KULKA LOLIPOP.tom'. Powód: Dwuznaczność (3 folderów)
[2026-08-06 11:22:37] [INFO] AUTO-ARCHIWIZACJA POMINIĘTO: 'TECHNOCAM D14 Z3 KULKA LOLIPOP.tom'. Powód: Dwuznaczność (3 folderów)
[2026-08-06 11:22:37] [INFO] AUTO-ARCHIWIZACJA POMINIĘTO: 'TECHNOCAM D16 Z3 KULKA LOLIPOP.tom'. Powód: Dwuznaczność (4 folderów)
[2026-08-06 11:22:37] [INFO] AUTO-ARCHIWIZACJA POMINIĘTO: 'TECHNOCAM D18 Z3 KULKA LOLIPOP.tom'. Powód: Dwuznaczność (4 folderów)
[2026-08-06 11:22:37] [INFO] AUTO-ARCHIWIZACJA SUKCES: 'TECHNOCAM D8.5 Z3 KULKA LOLIPOP.tom' -> '586 TECHNOCAM'
[2026-08-06 11:22:37] [INFO] AUTO-ARCHIWIZACJA SUKCES: 'TECHNOCAM D9 Z3 KULKA LOLIPOP HSS TEST.tom' -> '0 TECHNOCAM'
[2026-08-06 11:22:37] [INFO] AUTO-ARCHIWIZACJA SUKCES: 'TECHNOCAM D9 Z3 KULKA LOLIPOP.tom' -> '586 TECHNOCAM'
[2026-08-06 11:22:37] [INFO] AUTO-ARCHIWIZACJA SUKCES: 'TERAZ TWOJ DOM D16 R8.tom' -> '403 TERAZ TWOJ DOM'
[2026-08-06 11:22:38] [INFO] AUTO-ARCHIWIZACJA SUKCES: 'TREKO FREZ D12 Z4 K20 R0.5 HW.tom' -> '571 TREKO LASER'
[2026-08-06 11:22:38] [INFO] AUTO-ARCHIWIZACJA POMINIĘTO: 'VALEO AW900 Rolka MR1.ST6.02.05_1V2.tom'. Powód: Dwuznaczność (2 folderów)
[2026-08-06 11:22:38] [INFO] AUTO-ARCHIWIZACJA SUKCES: 'VALEO SPIRAL ze wzoru HS.tom' -> '0 VALEO TEST'
[2026-08-06 11:22:38] [INFO] AUTO-ARCHIWIZACJA POMINIĘTO: 'W1-ST D5.9.tom'. Powód: Brak folderu w bazie
[2026-08-06 11:22:38] [INFO] AUTO-ARCHIWIZACJA POMINIĘTO: 'W1-ST D6.3.tom'. Powód: Brak folderu w bazie
[2026-08-06 11:22:39] [INFO] AUTO-ARCHIWIZACJA SUKCES: 'WALDEMARO FREZ D14 L3 TEOWY Z6.tom' -> '508 WALDEMARO'
[2026-08-06 11:22:39] [INFO] AUTO-ARCHIWIZACJA SUKCES: 'WERTLO D16 L105 LEWE NIEPRZELOTOWE HSS.tom' -> '944 PLATEK ALBERT'
[2026-08-06 11:22:39] [INFO] AUTO-ARCHIWIZACJA SUKCES: 'WERTLO D16 L105 PRAWE NIEPRZELOTOWE HSS.tom' -> '944 PLATEK ALBERT'
[2026-08-06 11:22:39] [INFO] AUTO-ARCHIWIZACJA SUKCES: 'WIERTLO 6.8x8.2x12 .tom' -> '0 CZERWIEC'
[2026-08-06 11:22:39] [INFO] AUTO-ARCHIWIZACJA POMINIĘTO: 'WIERTLO D10 Z2 L100 K60 PRAWE PRZELOTOWE.tom'. Powód: Dwuznaczność (2 folderów)
[2026-08-06 11:22:39] [INFO] AUTO-ARCHIWIZACJA POMINIĘTO: 'WIERTLO D12-LEWE-LAMACZ NA CZOLE.tom'. Powód: Dwuznaczność (2 folderów)
[2026-08-06 11:22:39] [INFO] AUTO-ARCHIWIZACJA POMINIĘTO: 'WIERTLO D12-PRAWE-LAMACZ NA CZOLE.tom'. Powód: Dwuznaczność (2 folderów)
[2026-08-06 11:22:39] [INFO] AUTO-ARCHIWIZACJA POMINIĘTO: 'WIERTLO D12x6 PRAWE K120 NACINAKI.tom'. Powód: Dwuznaczność (2 folderów)
[2026-08-06 11:22:39] [INFO] AUTO-ARCHIWIZACJA POMINIĘTO: 'WIERTLO D14 L120 K90 PRZELOTOWE.tom'. Powód: Dwuznaczność (2 folderów)
[2026-08-06 11:22:39] [INFO] AUTO-ARCHIWIZACJA SUKCES: 'WIERTLO D15.9 L77.5 LEWE-NIEPRZELOTOWE.tom' -> '722 POL-SKONE'
[2026-08-06 11:22:40] [INFO] AUTO-ARCHIWIZACJA SUKCES: 'WIERTLO D16 L110 NIEPRZELOTOWE.tom' -> '278 GOTYK'
[2026-08-06 11:22:40] [INFO] AUTO-ARCHIWIZACJA POMINIĘTO: 'WIERTLO D35.3 L35 MORSE.tom'. Powód: Dwuznaczność (2 folderów)
[2026-08-06 11:22:40] [INFO] AUTO-ARCHIWIZACJA SUKCES: 'WIERTLO D5 K60 SZLIF CZOLA.tom' -> '609 MAR-TOM'
[2026-08-06 11:22:40] [INFO] AUTO-ARCHIWIZACJA SUKCES: 'WIERTLO D5X10 L11x43.tom' -> '584 FIEGA MACHINES'
[2026-08-06 11:22:40] [INFO] AUTO-ARCHIWIZACJA POMINIĘTO: 'wiertlo d6.3.tom'. Powód: Brak folderu w bazie
[2026-08-06 11:22:40] [INFO] AUTO-ARCHIWIZACJA SUKCES: 'WIERTLO KLAMKA D14x6 L6 LEWE 45x84.tom' -> '564 PROFINE'
[2026-08-06 11:22:40] [INFO] AUTO-ARCHIWIZACJA SUKCES: 'WIERTLO NIEPRZELOTOWE D4x9 .tom' -> '452 SOLIDER'
[2026-08-06 11:22:41] [INFO] AUTO-ARCHIWIZACJA SUKCES: 'WIERTLO POD KLAMKE D6x12 L6 L50 LEWE.tom' -> 'BST-1 FREZWID'
[2026-08-06 11:22:41] [INFO] AUTO-ARCHIWIZACJA SUKCES: 'WIERTLO POD KLAMKE D6x12 L6 L60 PRAWE.tom' -> 'BST-1 FREZWID'
[2026-08-06 11:22:41] [INFO] AUTO-ARCHIWIZACJA POMINIĘTO: 'WIERTLO POD KLAMKE D6x12 L6 PRAWE.tom'. Powód: Dwuznaczność (3 folderów)
[2026-08-06 11:22:41] [INFO] AUTO-ARCHIWIZACJA SUKCES: 'WIERTLO Z2 D12 L90 K90 PRAWE.tom' -> '832 PH KONTRA'
[2026-08-06 11:22:41] [INFO] AUTO-ARCHIWIZACJA POMINIĘTO: 'WIERTLO- D12 L200 Z1 PRAWE-ROWEK 45STOPNI profil.tom'. Powód: Brak folderu w bazie
[2026-08-06 11:22:41] [INFO] AUTO-ARCHIWIZACJA SUKCES: 'WIERTLO- D12 L200 Z1 PRAWE-ROWEK 45STOPNI.tom' -> '197 ANTKOWIAK DANUTA'
[2026-08-06 11:22:41] [INFO] AUTO-ARCHIWIZACJA POMINIĘTO: 'WiertloGwintujace 4.2 M5 L5.tom'. Powód: Brak folderu w bazie
[2026-08-06 11:22:41] [INFO] AUTO-ARCHIWIZACJA POMINIĘTO: 'WiertloGwintujace M5.tom'. Powód: Brak folderu w bazie
[2026-08-06 11:22:41] [INFO] AUTO-ARCHIWIZACJA POMINIĘTO: 'WIERTŁO-D18-L34.5-D15-L5.5-D12-L34.5-D6-L5.5-PRAWE-HS.tom'. Powód: Brak folderu w bazie
[2026-08-06 11:22:41] [INFO] AUTO-ARCHIWIZACJA SUKCES: 'Wytaczak K60 D9.5 LEWE.tom' -> '0'
[2026-08-06 11:41:02] [INFO] Uruchomiono aplikację Network File Manager.
[2026-08-06 12:33:27] [INFO] Uruchomiono aplikację Network File Manager.
[2026-08-06 12:37:01] [INFO] Uruchomiono aplikację Network File Manager.
[2026-08-06 12:38:40] [INFO] Uruchomiono aplikację Network File Manager.
[2026-08-06 12:38:42] [INFO] SYMULACJA POMINIĘCIE: 'D16 L35.tom' (Brak folderu w bazie)
[2026-08-06 12:38:42] [INFO] SYMULACJA POMINIĘCIE: 'FREZ DO GWINTU TRAPEZOWEGO WEWNTERZNEGO-D14-Z3.tom' (Brak folderu w bazie)
[2026-08-06 12:38:42] [INFO] SYMULACJA POMINIĘCIE: 'lolipop pakiet lolipop.tom' (Brak folderu w bazie)
[2026-08-06 12:38:42] [INFO] SYMULACJA POMINIĘCIE: 'readtest.tom' (Brak folderu w bazie)
[2026-08-06 12:38:42] [INFO] SYMULACJA POMINIĘCIE: 'SZLIF NA OKRAGLO.tom' (Brak folderu w bazie)
[2026-08-06 12:38:42] [INFO] SYMULACJA POMINIĘCIE: 't.tom' (Dwuznaczność (5 folderów))
[2026-08-06 12:38:42] [INFO] SYMULACJA POMINIĘCIE: 'testowe cos.tom' (Brak folderu w bazie)
[2026-08-06 12:38:42] [INFO] SYMULACJA POMINIĘCIE: 'ABAKUS D5 L30 Z1  HW POLER LEWE.tom' (Brak folderu w bazie)
[2026-08-06 12:38:42] [INFO] SYMULACJA POMINIĘCIE: 'actual kunststofftechnik D13 Z1 L45.tom' (Brak folderu w bazie)
[2026-08-06 12:38:42] [INFO] SYMULACJA POMINIĘCIE: 'actual kunststofftechnik D5 Z1 L40 JW.tom' (Brak folderu w bazie)
[2026-08-06 12:38:42] [INFO] SYMULACJA POMINIĘCIE: 'actual kunststofftechnik D6 Z1 L65 JW.tom' (Brak folderu w bazie)
[2026-08-06 12:38:42] [INFO] SYMULACJA POMINIĘCIE: 'actual kunststofftechnik D8 Z1 L40.tom' (Brak folderu w bazie)
[2026-08-06 12:38:42] [INFO] SYMULACJA POMINIĘCIE: 'AJRAM FREZ KULA D25 Z2 L35.tom' (Brak folderu w bazie)
[2026-08-06 12:38:42] [INFO] SYMULACJA POMINIĘCIE: 'AJram v1.tom' (Brak folderu w bazie)
[2026-08-06 12:38:42] [INFO] SYMULACJA POMINIĘCIE: 'AJram v2 - kulowo.tom' (Brak folderu w bazie)
[2026-08-06 12:38:42] [INFO] SYMULACJA POMINIĘCIE: 'ALBUD D5 L30 Z1 HW.tom' (Brak folderu w bazie)
[2026-08-06 12:38:42] [INFO] SYMULACJA POMINIĘCIE: 'ALL WINDOWS GROUP FREZ D10 Z6 LEWE.tom' (Brak folderu w bazie)
[2026-08-06 12:38:42] [INFO] SYMULACJA POMINIĘCIE: 'ALL WINDOWS GROUP FREZ D10 Z6 Prawe.tom' (Brak folderu w bazie)
[2026-08-06 12:38:42] [INFO] SYMULACJA POMINIĘCIE: 'ALL WINDOWS WIERTLO Z4 6x10 KLAMKA LEWE TEST v2.tom' (Brak folderu w bazie)
[2026-08-06 12:38:42] [INFO] SYMULACJA POMINIĘCIE: 'ALL WINDOWS WIERTLO Z4 6x12 KLAMKA PRAWE v3.tom' (Brak folderu w bazie)
[2026-08-06 12:38:42] [INFO] SYMULACJA POMINIĘCIE: 'ALL WINDOWS WIERTLO Z4 6x12 KLAMKA TEST v2.tom' (Brak folderu w bazie)
[2026-08-06 12:38:42] [INFO] SYMULACJA POMINIĘCIE: 'ALUDOR D5 L50 Z1 HW O1-ALU.tom' (Brak folderu w bazie)
[2026-08-06 12:38:42] [INFO] SYMULACJA POMINIĘCIE: 'Aludor D5 Z1 A1-518 NG.tom' (Brak folderu w bazie)
[2026-08-06 12:38:42] [INFO] SYMULACJA OK: 'ALUDOR D7 Z1 A1-740.tom' zakwalifikowany do '241 ALUDOR'
[2026-08-06 12:38:42] [INFO] SYMULACJA OK: 'ALUDOR FREZ D7 Z2 L40.tom' zakwalifikowany do '241 ALUDOR'
[2026-08-06 12:38:42] [INFO] SYMULACJA POMINIĘCIE: 'BAROCKA WIERTLO D12.9x7.1 PRAWE NIEPRZELOTOWE.tom' (Brak folderu w bazie)
[2026-08-06 12:38:42] [INFO] SYMULACJA POMINIĘCIE: 'BARTYN FREZ D25 L22 WSTECZNY K40.tom' (Brak folderu w bazie)
[2026-08-06 12:38:42] [INFO] SYMULACJA POMINIĘCIE: 'BRON SCHODY D16,2 Z3 L30 LEWO PRAWY.tom' (Brak folderu w bazie)
[2026-08-06 12:38:42] [INFO] SYMULACJA OK: 'CARRIS REELS FREZ D63.5 KULA L96.5 HSS.tom' zakwalifikowany do '729 CARRIS REELS'
[2026-08-06 12:38:42] [INFO] SYMULACJA POMINIĘCIE: 'DAKO D5 Z1 A1-525 NOWE.tom' (Brak folderu w bazie)
[2026-08-06 12:38:42] [INFO] SYMULACJA POMINIĘCIE: 'DIAM-TOOLS FREZ D53 Z10 R21.tom' (Dwuznaczność (5 folderów))
[2026-08-06 12:38:42] [INFO] SYMULACJA POMINIĘCIE: 'DRUTEX D5 L25 Z1 HW O1-ALU SPIRALA 25.tom' (Brak folderu w bazie)
[2026-08-06 12:38:42] [INFO] SYMULACJA POMINIĘCIE: 'DUDEK NASADKA FAZUJACA D12.tom' (Brak folderu w bazie)
[2026-08-06 12:38:42] [INFO] SYMULACJA POMINIĘCIE: 'DUDEK NASADKA FAZUJACA D14,5.tom' (Brak folderu w bazie)
[2026-08-06 12:38:42] [INFO] SYMULACJA OK: 'EMPOL WIERTLO Z4 6x10 KLAMKA LEWE .tom' zakwalifikowany do '74 EMPOL'
[2026-08-06 12:38:42] [INFO] SYMULACJA OK: 'EMPOL WIERTLO Z4 6x12 KLAMKA PRAWE .tom' zakwalifikowany do '74 EMPOL'
[2026-08-06 12:38:42] [INFO] SYMULACJA POMINIĘCIE: 'FARO D10 Z2 MLOTECZEK.tom' (Brak folderu w bazie)
[2026-08-06 12:38:42] [INFO] SYMULACJA POMINIĘCIE: 'FARO D10x5.5 L40x20 NIEPRZELOTOWE prawe.tom' (Brak folderu w bazie)
[2026-08-06 12:38:42] [INFO] SYMULACJA POMINIĘCIE: 'FARO D11xD5.5 PRAWE-60st.tom' (Brak folderu w bazie)
[2026-08-06 12:38:42] [INFO] SYMULACJA POMINIĘCIE: 'FARO D12 L70 NIEPRZELOTOWE.tom' (Brak folderu w bazie)
[2026-08-06 12:38:42] [INFO] SYMULACJA POMINIĘCIE: 'FARO D13 Z4 L20 HSS.tom' (Brak folderu w bazie)
[2026-08-06 12:38:42] [INFO] SYMULACJA POMINIĘCIE: 'FARO D5 Z1 A1-516 NG.tom' (Brak folderu w bazie)
[2026-08-06 12:38:42] [INFO] SYMULACJA POMINIĘCIE: 'FARO D8x6 L10x14 NIEPRZELOTOWE lewe.tom' (Brak folderu w bazie)
[2026-08-06 12:38:42] [INFO] SYMULACJA POMINIĘCIE: 'FARO D8x6 L10x14 NIEPRZELOTOWE prawe.tom' (Brak folderu w bazie)
[2026-08-06 12:38:42] [INFO] SYMULACJA POMINIĘCIE: 'FARO D8x6 L10x29 NIEPRZELOTOWE lewe.tom' (Brak folderu w bazie)
[2026-08-06 12:38:42] [INFO] SYMULACJA POMINIĘCIE: 'FARO D8x6 L10x29 NIEPRZELOTOWE prawe.tom' (Brak folderu w bazie)
[2026-08-06 12:38:42] [INFO] SYMULACJA POMINIĘCIE: 'FREZWID D8-L13-Z4-HW S4-813 STOZEK 14.8 ST.tom' (Brak folderu w bazie)
[2026-08-06 12:38:42] [INFO] SYMULACJA POMINIĘCIE: 'FREZWID MAGAZYN D8 Z1 A1-835 .tom' (Brak folderu w bazie)
[2026-08-06 12:38:42] [INFO] SYMULACJA POMINIĘCIE: 'GALANTERIA LINETTY WIERTLO D11 L60 NIEPRZELOTOWE.tom' (Brak folderu w bazie)
[2026-08-06 12:38:42] [INFO] SYMULACJA POMINIĘCIE: 'GN KNIT D4 Z1 L30 pseb.tom' (Brak folderu w bazie)
[2026-08-06 12:38:42] [INFO] SYMULACJA POMINIĘCIE: 'GN KNIT D5 Z1 L20 pseb.tom' (Brak folderu w bazie)
[2026-08-06 12:38:42] [INFO] SYMULACJA POMINIĘCIE: 'GOLD DOOR WIERTLO- D7.8-L40,3-D7-L25-HW-LEWE.tom' (Brak folderu w bazie)
[2026-08-06 12:38:42] [INFO] SYMULACJA POMINIĘCIE: 'GOLD DOOR WIERTLO- D7.8-L40,3-D7-L25-HW-PRAWE.tom' (Brak folderu w bazie)
[2026-08-06 12:38:42] [INFO] SYMULACJA POMINIĘCIE: 'GORAN D12 Z3 L100.tom' (Brak folderu w bazie)
[2026-08-06 12:38:42] [INFO] SYMULACJA POMINIĘCIE: 'GT-TOOLS FREZ Poglebiacz D40 Z4 .tom' (Brak folderu w bazie)
[2026-08-06 12:38:42] [INFO] SYMULACJA OK: 'HANNECARD D5.5x6 R3xR2 L5.1 K10.tom' zakwalifikowany do '318 HANNECARD'
[2026-08-06 12:38:42] [INFO] SYMULACJA POMINIĘCIE: 'INSTYTUT MASZYN OSTRZENIE D58 Z8 K9.tom' (Brak folderu w bazie)
[2026-08-06 12:38:42] [INFO] SYMULACJA POMINIĘCIE: 'INSTYTUT MASZYN OSTRZENIE D73 Z16 K9.tom' (Brak folderu w bazie)
[2026-08-06 12:38:42] [INFO] SYMULACJA POMINIĘCIE: 'INVADO D16 Z3 L55 LEWO PRAWY.tom' (Brak folderu w bazie)
[2026-08-06 12:38:42] [INFO] SYMULACJA POMINIĘCIE: 'INVADO WIERTLO D10.1 L65 NIEPRZELOTOWE LEWE V2.tom' (Brak folderu w bazie)
[2026-08-06 12:38:42] [INFO] SYMULACJA POMINIĘCIE: 'INVADO WIERTLO D10.1 L65 NIEPRZELOTOWE LEWE.tom' (Brak folderu w bazie)
[2026-08-06 12:38:42] [INFO] SYMULACJA POMINIĘCIE: 'INVADO WIERTLO D10.1 L65 NIEPRZELOTOWE PRAWE.tom' (Brak folderu w bazie)
[2026-08-06 12:38:42] [INFO] SYMULACJA OK: 'IZO-PLAST D6 Z1 A1-640.tom' zakwalifikowany do '453 IZO - PLAST'
[2026-08-06 12:38:42] [INFO] SYMULACJA POMINIĘCIE: 'JUSTA BIS D5 Z1 L30 JW.tom' (Brak folderu w bazie)
[2026-08-06 12:38:42] [INFO] SYMULACJA POMINIĘCIE: 'KEYLITE FREZ D5 L35 K70 POLER.tom' (Brak folderu w bazie)
[2026-08-06 12:38:42] [INFO] SYMULACJA POMINIĘCIE: 'KEYLITE FREZ D5 L35 K70.tom' (Brak folderu w bazie)
[2026-08-06 12:38:42] [INFO] SYMULACJA POMINIĘCIE: 'KEYLITE RW POLSKA D9 Z3 L40 LEWO PRAWY.tom' (Brak folderu w bazie)
[2026-08-06 12:38:42] [INFO] SYMULACJA POMINIĘCIE: 'KEYLITE RW POLSKA D9 Z3 L40 PRAWO LEWY.tom' (Brak folderu w bazie)
[2026-08-06 12:38:42] [INFO] SYMULACJA POMINIĘCIE: 'KEYLITE WIERTLO PRAWE-D5-L30-60-STOPNI.tom' (Brak folderu w bazie)
[2026-08-06 12:38:42] [INFO] SYMULACJA POMINIĘCIE: 'KEYLITE WIERTLO PRAWE-D7.5-L30-60-STOPNI.tom' (Brak folderu w bazie)
[2026-08-06 12:38:42] [INFO] SYMULACJA POMINIĘCIE: 'KEYLITE WIERTLO PRAWE-D8.5-L30-60-STOPNI.tom' (Brak folderu w bazie)
[2026-08-06 12:38:42] [INFO] SYMULACJA POMINIĘCIE: 'KRONPLAST D8 L20 Z3 HS.tom' (Brak folderu w bazie)
[2026-08-06 12:38:42] [INFO] SYMULACJA POMINIĘCIE: 'KULA D6 KP.tom' (Brak folderu w bazie)
[2026-08-06 12:38:42] [INFO] SYMULACJA POMINIĘCIE: 'LISSY FREZ D12x8 L10x10 Z2.tom' (Brak folderu w bazie)
[2026-08-06 12:38:42] [INFO] SYMULACJA POMINIĘCIE: 'LUMBER ECO-TEC LTD D12 Z3+3 L10 X 30 vTom.tom' (Brak folderu w bazie)
[2026-08-06 12:38:42] [INFO] SYMULACJA POMINIĘCIE: 'LUMBER ECO-TEC LTD D12 Z3+3 L10 X 30.tom' (Brak folderu w bazie)
[2026-08-06 12:38:42] [INFO] SYMULACJA OK: 'MASLACH D13 Z2 90st PRZELOTOWE HSS.tom' zakwalifikowany do '698 MASLACH'
[2026-08-06 12:38:42] [INFO] SYMULACJA POMINIĘCIE: 'MASLACH D18 Z2 90st PRZELOTOWE HSS.tom' (Brak folderu w bazie)
[2026-08-06 12:38:42] [INFO] SYMULACJA POMINIĘCIE: 'MEJZA D20 Z2 PROFIL R2 R9.tom' (Brak folderu w bazie)
[2026-08-06 12:38:42] [INFO] SYMULACJA POMINIĘCIE: 'MIKINKA D12 Z2 L13 PROFIL PROSTY.tom' (Brak folderu w bazie)
[2026-08-06 12:38:42] [INFO] SYMULACJA POMINIĘCIE: 'MULTIDREW D6X20 R10 NIEPRZELOTOWE PROFIL.tom' (Brak folderu w bazie)
[2026-08-06 12:38:42] [INFO] SYMULACJA POMINIĘCIE: 'NADWOZIA PARTNER D8 Z1 L12 O1-ALU POLER.tom' (Brak folderu w bazie)
[2026-08-06 12:38:42] [INFO] SYMULACJA POMINIĘCIE: 'OKLAND D25 Z4 PILKA.tom' (Brak folderu w bazie)
[2026-08-06 12:38:42] [INFO] SYMULACJA POMINIĘCIE: 'OKNA POL D5 Z1 A1-518 NG.tom' (Brak folderu w bazie)
[2026-08-06 12:38:42] [INFO] SYMULACJA POMINIĘCIE: 'OKNOPLUS FREZ PILKOWY D24 L12 Z3+3.tom' (Brak folderu w bazie)
[2026-08-06 12:38:42] [INFO] SYMULACJA POMINIĘCIE: 'PALETA TRANS DREW D12 Z2 90st PRZELOTOWE.tom' (Brak folderu w bazie)
[2026-08-06 12:38:42] [INFO] SYMULACJA POMINIĘCIE: 'PALETA TRANS DREW D14 Z2 90st PRZELOTOWE.tom' (Brak folderu w bazie)
[2026-08-06 12:38:42] [INFO] SYMULACJA POMINIĘCIE: 'PILCH D10 Z2 L21 LEWO PRAWY.tom' (Brak folderu w bazie)
[2026-08-06 12:38:42] [INFO] SYMULACJA POMINIĘCIE: 'PILCH D10 Z2 L42 LEWO PRAWY.tom' (Brak folderu w bazie)
[2026-08-06 12:38:42] [INFO] SYMULACJA POMINIĘCIE: 'PILCH D4 Z2 L12 LEWO PRAWY.tom' (Brak folderu w bazie)
[2026-08-06 12:38:42] [INFO] SYMULACJA POMINIĘCIE: 'PILCH D6 Z2 L12 LEWO PRAWY.tom' (Brak folderu w bazie)
[2026-08-06 12:38:42] [INFO] SYMULACJA POMINIĘCIE: 'PILCH D8 Z2 L21 LEWO PRAWY.tom' (Brak folderu w bazie)
[2026-08-06 12:38:42] [INFO] SYMULACJA POMINIĘCIE: 'PILCH D8 Z2 L32 LEWO PRAWY.tom' (Brak folderu w bazie)
[2026-08-06 12:38:42] [INFO] SYMULACJA POMINIĘCIE: 'PILCH D8 Z2 L32 PRAWY.tom' (Brak folderu w bazie)
[2026-08-06 12:38:42] [INFO] SYMULACJA POMINIĘCIE: 'PLAS-BUD D6 L25 Z1 .tom' (Brak folderu w bazie)
[2026-08-06 12:38:42] [INFO] SYMULACJA POMINIĘCIE: 'PLAS-BUD D6 L30 Z1 .tom' (Brak folderu w bazie)
[2026-08-06 12:38:42] [INFO] SYMULACJA POMINIĘCIE: 'PLASTBUD D5 Z1 A1-545.tom' (Brak folderu w bazie)
[2026-08-06 12:38:42] [INFO] SYMULACJA POMINIĘCIE: 'POL-SKONE D8 L65 NIEPRZELOTOWE.tom' (Brak folderu w bazie)
[2026-08-06 12:38:42] [INFO] SYMULACJA POMINIĘCIE: 'POTPOL D10 Z2 A2-1040.tom' (Brak folderu w bazie)
[2026-08-06 12:38:42] [INFO] SYMULACJA POMINIĘCIE: 'PRESTIGE D16 PROFIL R3,8 R2,63 PROFIL.tom' (Brak folderu w bazie)
[2026-08-06 12:38:42] [INFO] SYMULACJA POMINIĘCIE: 'PRESTIGE D4,9 L40 NIEPRZELOTOWE.tom' (Brak folderu w bazie)
[2026-08-06 12:38:42] [INFO] SYMULACJA POMINIĘCIE: 'PREZMET D5 L25 Z3 hss.tom' (Brak folderu w bazie)
[2026-08-06 12:38:42] [INFO] SYMULACJA POMINIĘCIE: 'PRO TECH D25,3x8 L35x70 PRZELOTOWE 60 ST.tom' (Brak folderu w bazie)
[2026-08-06 12:38:42] [INFO] SYMULACJA POMINIĘCIE: 'PRO TECH D8,5x18,3 L35x70 PRZELOTOWE HSS.tom' (Brak folderu w bazie)
[2026-08-06 12:38:42] [INFO] SYMULACJA POMINIĘCIE: 'PRO TECH WIERTŁO D25 L13 x D11 L62 Reklamacja.tom' (Brak folderu w bazie)
[2026-08-06 12:38:42] [INFO] SYMULACJA POMINIĘCIE: 'PRO-TECH D5x10 L5x40 PRZELOTOWE GASH 135ST.tom' (Brak folderu w bazie)
[2026-08-06 12:38:42] [INFO] SYMULACJA POMINIĘCIE: 'REDCOM D5 Z1 A1-525 NOWE.tom' (Brak folderu w bazie)
[2026-08-06 12:38:42] [INFO] SYMULACJA POMINIĘCIE: 'SIA WIERTLO Z4 6x10 KLAMKA PRAWE TEST.tom' (Brak folderu w bazie)
[2026-08-06 12:38:42] [INFO] SYMULACJA POMINIĘCIE: 'TECHNOCAM D10.5 Z3 KULKA LOLIPOP Szyjka d6x25.tom' (Brak folderu w bazie)
[2026-08-06 12:38:42] [INFO] SYMULACJA POMINIĘCIE: 'TECHNOCAM D10.5 Z3 KULKA LOLIPOP.tom' (Brak folderu w bazie)
[2026-08-06 12:38:42] [INFO] SYMULACJA POMINIĘCIE: 'TECHNOCAM D11 Z3 KULKA LOLIPOP.tom' (Brak folderu w bazie)
[2026-08-06 12:38:42] [INFO] SYMULACJA POMINIĘCIE: 'TECHNOCAM D12 Z3 KULKA LOLIPOP.tom' (Dwuznaczność (3 folderów))
[2026-08-06 12:38:42] [INFO] SYMULACJA POMINIĘCIE: 'TECHNOCAM FREZ D8 Z3 lolipop.tom' (Brak folderu w bazie)
[2026-08-06 12:38:42] [INFO] SYMULACJA POMINIĘCIE: 'TERAZ TWOJ DOM D10 Z3 L35.tom' (Brak folderu w bazie)
[2026-08-06 12:38:42] [INFO] SYMULACJA POMINIĘCIE: 'test 17 stopni.tom' (Brak folderu w bazie)
[2026-08-06 12:38:42] [INFO] SYMULACJA POMINIĘCIE: 'TEST.tom' (Dwuznaczność (2 folderów))
[2026-08-06 12:38:42] [INFO] SYMULACJA POMINIĘCIE: 'TOMBIG D10 Z2 A2-1025.tom' (Brak folderu w bazie)
[2026-08-06 12:38:42] [INFO] SYMULACJA POMINIĘCIE: 'VISTILO D6x17 L20.tom' (Brak folderu w bazie)
[2026-08-06 12:38:42] [INFO] SYMULACJA POMINIĘCIE: 'WALDEMAR BRZEZINSKI FREZ D35 Z3 L90 Lamacz.tom' (Brak folderu w bazie)
[2026-08-06 12:38:42] [INFO] SYMULACJA POMINIĘCIE: 'WALDEMARO D10 Z2 A2-1095.tom' (Brak folderu w bazie)
[2026-08-06 12:38:42] [INFO] SYMULACJA POMINIĘCIE: 'WALDEMARO D4,5 Z2 A2-45 30 .tom' (Brak folderu w bazie)
[2026-08-06 12:38:42] [INFO] SYMULACJA OK: 'WIERTLO D5.5x6.8 L5x29 K120.tom' zakwalifikowany do '830 AST JP PRZYSTAŁ'
[2026-08-06 12:38:42] [INFO] SYMULACJA POMINIĘCIE: 'WIERTLO POD KLAMKE-D12-L50-D6-L6-LEWE.tom' (Brak folderu w bazie)
[2026-08-06 12:38:42] [INFO] SYMULACJA POMINIĘCIE: 'WISNIOWSKI WIERTLOFREZ D5x8 L12x35.tom' (Brak folderu w bazie)
[2026-08-06 12:38:42] [INFO] SYMULACJA OK: 'WISNIOWSKI WIERTLOFREZ D6x8 L12x25.tom' zakwalifikowany do '268 WISNIOWSKI'
[2026-08-06 12:38:42] [INFO] SYMULACJA POMINIĘCIE: 'WOOD GLASS D12 Z2 R1 R5.tom' (Dwuznaczność (2 folderów))
[2026-08-06 12:38:42] [INFO] SYMULACJA POMINIĘCIE: 'WOOD GLASS D8 Z2 R1 R5.tom' (Brak folderu w bazie)
[2026-08-06 12:38:42] [INFO] SYMULACJA OK: 'AST JP FREZ PROFILOWY D7.8 Z3 K60 1.5mm.tom' zakwalifikowany do '367 AST JP PRZYSTAL'
[2026-08-06 12:38:42] [INFO] SYMULACJA POMINIĘCIE: 'FREZ D12 Z2 KULKA LOLIPOP.tom' (Dwuznaczność (2 folderów))
[2026-08-06 12:38:42] [INFO] SYMULACJA POMINIĘCIE: 'FREZ D20 Z2 KULKA LOLIPOP.tom' (Dwuznaczność (2 folderów))
[2026-08-06 12:38:42] [INFO] SYMULACJA OK: 'FREZ D5 L30 Z1 HW LEWE O1-ALU.tom' zakwalifikowany do '354 FASTRAL'
[2026-08-06 12:38:42] [INFO] SYMULACJA OK: 'FREZ D5 Z1 L34 JW ST-HW.tom' zakwalifikowany do '354 FASTRAL'
[2026-08-06 12:38:42] [INFO] SYMULACJA OK: 'FREZ LUTOWANY D100 Z18 L4 R2.tom' zakwalifikowany do '897 TMS'
[2026-08-06 12:38:42] [INFO] SYMULACJA POMINIĘCIE: 'MB TRADING Noz Oscylacyjny D6 D0,5 L15 MIECZ.tom' (Dwuznaczność (3 folderów))
[2026-08-06 12:38:42] [INFO] SYMULACJA POMINIĘCIE: 'SMA MAGNET D10x5-HW.tom' (Dwuznaczność (4 folderów))
[2026-08-06 12:38:42] [INFO] SYMULACJA OK: 'WIERTLO D8 L78 NIEPRZELOTOWE LEWE CHWYT D10.tom' zakwalifikowany do '645 KOLODZIEJCZYK'
[2026-08-06 12:38:42] [INFO] SYMULACJA POMINIĘCIE: 'WIERTLO D8 L78 NIEPRZELOTOWE.tom' (Dwuznaczność (2 folderów))
[2026-08-06 12:38:42] [INFO] SYMULACJA OK: 'WIERTLO POD KLAMKE D6x12 L6 LEWE 60x90.tom' zakwalifikowany do '220 KM-PLAST'
[2026-08-06 12:38:42] [INFO] SYMULACJA POMINIĘCIE: '46.tom' (Brak folderu w bazie)
[2026-08-06 12:38:42] [INFO] SYMULACJA OK: '56.tom' zakwalifikowany do '109 PLOTCOMPLEX'
[2026-08-06 12:38:42] [INFO] SYMULACJA POMINIĘCIE: 'AGAT PLUS D8 Z4 L45.tom' (Brak folderu w bazie)
[2026-08-06 12:38:42] [INFO] SYMULACJA OK: 'ALL WINDOWS D6 Z4 L L30 F1.0 CIETY.tom' zakwalifikowany do 'WYKONANIE MX7_ULTRA 02_07_26 20_09'
[2026-08-06 12:38:42] [INFO] SYMULACJA POMINIĘCIE: 'ALL WINDOWS D6 Z4 P L30 F1.0 CIETY.tom' (Brak folderu w bazie)
[2026-08-06 12:38:42] [INFO] SYMULACJA POMINIĘCIE: 'ALUMNI TEHNO Z4 D12x6 LAMACZ NG.tom' (Dwuznaczność (3 folderów))
[2026-08-06 12:38:42] [INFO] SYMULACJA POMINIĘCIE: 'D10-L70-Z4-LAMACZ-WIERTŁO-HW.tom' (Brak folderu w bazie)
[2026-08-06 12:38:42] [INFO] SYMULACJA POMINIĘCIE: 'D16 Z4 RYFEL.tom' (Brak folderu w bazie)
[2026-08-06 12:38:42] [INFO] SYMULACJA POMINIĘCIE: 'D5 L30 Z1 PRAWO-LEWY HW POLER JW.tom' (Brak folderu w bazie)
[2026-08-06 12:38:42] [INFO] SYMULACJA POMINIĘCIE: 'D5 L30 Z1 PRAWO-LEWY HW POLER.tom' (Brak folderu w bazie)
[2026-08-06 12:38:42] [INFO] SYMULACJA POMINIĘCIE: 'D5 L35 Z3 HSS.tom' (Dwuznaczność (2 folderów))
[2026-08-06 12:38:42] [INFO] SYMULACJA POMINIĘCIE: 'D8_Z4_L38_LAMACZ_Hss_CZOŁO JAK  WIERTŁO.tom' (Brak folderu w bazie)
[2026-08-06 12:38:42] [INFO] SYMULACJA POMINIĘCIE: 'DIAM-TOOLS FREZ D53 Z10 R21.tom' (Dwuznaczność (5 folderów))
[2026-08-06 12:38:42] [INFO] SYMULACJA POMINIĘCIE: 'EMPOL WIERTLO Z4 6x12 KLAMKA PRAWE stara geometria .tom' (Dwuznaczność (2 folderów))
[2026-08-06 12:38:42] [INFO] SYMULACJA POMINIĘCIE: 'Fazownik D10 k35.tom' (Brak folderu w bazie)
[2026-08-06 12:38:42] [INFO] SYMULACJA POMINIĘCIE: 'Fazownik d12 k60 d6.4.tom' (Brak folderu w bazie)
[2026-08-06 12:38:42] [INFO] SYMULACJA POMINIĘCIE: 'Fazownik D12 k60.tom' (Brak folderu w bazie)
[2026-08-06 12:38:42] [INFO] SYMULACJA POMINIĘCIE: 'FLORAD Frez D25x18 Z3 .tom' (Dwuznaczność (4 folderów))
[2026-08-06 12:38:42] [INFO] SYMULACJA POMINIĘCIE: 'FREZ D14 L20 Z4.tom' (Brak folderu w bazie)
[2026-08-06 12:38:42] [INFO] SYMULACJA POMINIĘCIE: 'FREZ D22 Z2 L80 PROSTY PRZESTAWIONY.tom' (Dwuznaczność (2 folderów))
[2026-08-06 12:38:42] [INFO] SYMULACJA POMINIĘCIE: 'FREZ D40 Z18 HW.tom' (Dwuznaczność (2 folderów))
[2026-08-06 12:38:42] [INFO] SYMULACJA POMINIĘCIE: 'FREZ D6 Z2+2 L15x50 v2.tom' (Brak folderu w bazie)
[2026-08-06 12:38:42] [INFO] SYMULACJA POMINIĘCIE: 'Frez d85 z8 ostrzenie.tom' (Brak folderu w bazie)
[2026-08-06 12:38:42] [INFO] SYMULACJA POMINIĘCIE: 'FREZ K40 Z3 L1.6.tom' (Brak folderu w bazie)
[2026-08-06 12:38:42] [INFO] SYMULACJA POMINIĘCIE: 'Frez promieniowy R2 D5.2 K2.tom' (Brak folderu w bazie)
[2026-08-06 12:38:42] [INFO] SYMULACJA POMINIĘCIE: 'FREZ STOZKOWY D10 L52 K1.19.tom' (Dwuznaczność (3 folderów))
[2026-08-06 12:38:42] [INFO] SYMULACJA POMINIĘCIE: 'FREZ TEOWY D19.5 PRAWA pilka 4+4.tom' (Brak folderu w bazie)
[2026-08-06 12:38:42] [INFO] SYMULACJA POMINIĘCIE: 'FREZWID NAWIERTAK D10 90st.tom' (Brak folderu w bazie)
[2026-08-06 12:38:42] [INFO] SYMULACJA POMINIĘCIE: 'FREZWID NAWIERTAK D12 90st.tom' (Brak folderu w bazie)
[2026-08-06 12:38:42] [INFO] SYMULACJA POMINIĘCIE: 'FREZWID NAWIERTAK D6 90st.tom' (Brak folderu w bazie)
[2026-08-06 12:38:42] [INFO] SYMULACJA POMINIĘCIE: 'GOLD DOOR D16 L45 Z3 WYKANCZAJACO-ZGRUBNY.tom' (Dwuznaczność (3 folderów))
[2026-08-06 12:38:42] [INFO] SYMULACJA POMINIĘCIE: 'KOCZY Z2 D38 PROFIL R5.tom' (Dwuznaczność (3 folderów))
[2026-08-06 12:38:42] [INFO] SYMULACJA POMINIĘCIE: 'KONCOWKI D12.tom' (Brak folderu w bazie)
[2026-08-06 12:38:42] [INFO] SYMULACJA POMINIĘCIE: 'KP czyszczarka.D10 45st ostra Z4.tom' (Brak folderu w bazie)
[2026-08-06 12:38:42] [INFO] SYMULACJA POMINIĘCIE: 'KP czyszczarka.D10 45st ostra.tom' (Brak folderu w bazie)
[2026-08-06 12:38:42] [INFO] SYMULACJA POMINIĘCIE: 'KP FREZ D3 Z3.tom' (Brak folderu w bazie)
[2026-08-06 12:38:42] [INFO] SYMULACJA POMINIĘCIE: 'KULA D10 KP.tom' (Brak folderu w bazie)
[2026-08-06 12:38:42] [INFO] SYMULACJA POMINIĘCIE: 'KULA D12 KP.tom' (Brak folderu w bazie)
[2026-08-06 12:38:42] [INFO] SYMULACJA POMINIĘCIE: 'KULA D16 KP.tom' (Brak folderu w bazie)
[2026-08-06 12:38:42] [INFO] SYMULACJA POMINIĘCIE: 'KULA D4 KP.tom' (Brak folderu w bazie)
[2026-08-06 12:38:42] [INFO] SYMULACJA POMINIĘCIE: 'KULA D5,3 KP.tom' (Brak folderu w bazie)
[2026-08-06 12:38:42] [INFO] SYMULACJA POMINIĘCIE: 'KULA D6 KP.tom' (Brak folderu w bazie)
[2026-08-06 12:38:42] [INFO] SYMULACJA POMINIĘCIE: 'MAR-TOM PRZEROBKA NA PRZELOTOWE 60st.tom' (Brak folderu w bazie)
[2026-08-06 12:38:42] [INFO] SYMULACJA POMINIĘCIE: 'MB TRADING Noz Oscylacyjny D6 D0,5 L15 MIECZ.tom' (Dwuznaczność (3 folderów))
[2026-08-06 12:38:42] [INFO] SYMULACJA POMINIĘCIE: 'MULTI OKNA FREZ A1-518.tom' (Brak folderu w bazie)
[2026-08-06 12:38:42] [INFO] SYMULACJA POMINIĘCIE: 'nawiertak 90st D10.tom' (Brak folderu w bazie)
[2026-08-06 12:38:42] [INFO] SYMULACJA POMINIĘCIE: 'nawiertak 90st D12 testy v2.tom' (Brak folderu w bazie)
[2026-08-06 12:38:42] [INFO] SYMULACJA POMINIĘCIE: 'nawiertak 90st D12 testy v3.tom' (Brak folderu w bazie)
[2026-08-06 12:38:42] [INFO] SYMULACJA POMINIĘCIE: 'nawiertak 90st D12 testy.tom' (Brak folderu w bazie)
[2026-08-06 12:38:42] [INFO] SYMULACJA POMINIĘCIE: 'nawiertak 90st D12.tom' (Brak folderu w bazie)
[2026-08-06 12:38:42] [INFO] SYMULACJA POMINIĘCIE: 'nawiertak 90st D6.tom' (Brak folderu w bazie)
[2026-08-06 12:38:42] [INFO] SYMULACJA POMINIĘCIE: 'PREZMET D20 LEWA pilka 6+6.tom' (Dwuznaczność (4 folderów))
[2026-08-06 12:38:42] [INFO] SYMULACJA POMINIĘCIE: 'PREZMET D20 PRAWA pilka 6+6 koncowka.tom' (Brak folderu w bazie)
[2026-08-06 12:38:42] [INFO] SYMULACJA POMINIĘCIE: 'PREZMET D20 PRAWA pilka 6+6.tom' (Dwuznaczność (5 folderów))
[2026-08-06 12:38:42] [INFO] SYMULACJA POMINIĘCIE: 'promien r1.5 maciej syrzistie.tom' (Brak folderu w bazie)
[2026-08-06 12:38:42] [INFO] SYMULACJA POMINIĘCIE: 'Rozwiertak 22.5 Ap.tom' (Brak folderu w bazie)
[2026-08-06 12:38:42] [INFO] SYMULACJA POMINIĘCIE: 'Rozwiertak 6.06.tom' (Brak folderu w bazie)
[2026-08-06 12:38:42] [INFO] SYMULACJA POMINIĘCIE: 'Splaszczenia pod klucz.tom' (Brak folderu w bazie)
[2026-08-06 12:38:42] [INFO] SYMULACJA POMINIĘCIE: 'SZLIF NA OKRAGLO R300.tom' (Brak folderu w bazie)
[2026-08-06 12:38:42] [INFO] SYMULACJA POMINIĘCIE: 'TECHNOCAM D10 Z3 KULKA LOLIPOP.tom' (Dwuznaczność (3 folderów))
[2026-08-06 12:38:42] [INFO] SYMULACJA POMINIĘCIE: 'TECHNOCAM D12 Z3 KULKA LOLIPOP.tom' (Dwuznaczność (3 folderów))
[2026-08-06 12:38:42] [INFO] SYMULACJA POMINIĘCIE: 'TECHNOCAM D14 Z3 KULKA LOLIPOP.tom' (Dwuznaczność (3 folderów))
[2026-08-06 12:38:42] [INFO] SYMULACJA POMINIĘCIE: 'TECHNOCAM D16 Z3 KULKA LOLIPOP.tom' (Dwuznaczność (4 folderów))
[2026-08-06 12:38:42] [INFO] SYMULACJA POMINIĘCIE: 'TECHNOCAM D18 Z3 KULKA LOLIPOP.tom' (Dwuznaczność (4 folderów))
[2026-08-06 12:38:42] [INFO] SYMULACJA POMINIĘCIE: 'test.tom' (Dwuznaczność (2 folderów))
[2026-08-06 12:38:42] [INFO] SYMULACJA POMINIĘCIE: 'VALEO AW900 Rolka MR1.ST6.02.05_1V2.tom' (Dwuznaczność (2 folderów))
[2026-08-06 12:38:42] [INFO] SYMULACJA POMINIĘCIE: 'W1-ST D5.9.tom' (Brak folderu w bazie)
[2026-08-06 12:38:42] [INFO] SYMULACJA POMINIĘCIE: 'W1-ST D6.3.tom' (Brak folderu w bazie)
[2026-08-06 12:38:42] [INFO] SYMULACJA POMINIĘCIE: 'WIERTLO D10 Z2 L100 K60 PRAWE PRZELOTOWE.tom' (Dwuznaczność (2 folderów))
[2026-08-06 12:38:42] [INFO] SYMULACJA POMINIĘCIE: 'WIERTLO D12-LEWE-LAMACZ NA CZOLE.tom' (Dwuznaczność (2 folderów))
[2026-08-06 12:38:42] [INFO] SYMULACJA POMINIĘCIE: 'WIERTLO D12-PRAWE-LAMACZ NA CZOLE.tom' (Dwuznaczność (2 folderów))
[2026-08-06 12:38:42] [INFO] SYMULACJA POMINIĘCIE: 'WIERTLO D12x6 PRAWE K120 NACINAKI.tom' (Dwuznaczność (2 folderów))
[2026-08-06 12:38:42] [INFO] SYMULACJA POMINIĘCIE: 'WIERTLO D14 L120 K90 PRZELOTOWE.tom' (Dwuznaczność (2 folderów))
[2026-08-06 12:38:42] [INFO] SYMULACJA POMINIĘCIE: 'WIERTLO D35.3 L35 MORSE.tom' (Dwuznaczność (2 folderów))
[2026-08-06 12:38:42] [INFO] SYMULACJA POMINIĘCIE: 'wiertlo d6.3.tom' (Brak folderu w bazie)
[2026-08-06 12:38:42] [INFO] SYMULACJA POMINIĘCIE: 'WIERTLO POD KLAMKE D6x12 L6 PRAWE.tom' (Dwuznaczność (3 folderów))
[2026-08-06 12:38:42] [INFO] SYMULACJA POMINIĘCIE: 'WIERTLO- D12 L200 Z1 PRAWE-ROWEK 45STOPNI profil.tom' (Brak folderu w bazie)
[2026-08-06 12:38:42] [INFO] SYMULACJA POMINIĘCIE: 'WiertloGwintujace 4.2 M5 L5.tom' (Brak folderu w bazie)
[2026-08-06 12:38:42] [INFO] SYMULACJA POMINIĘCIE: 'WiertloGwintujace M5.tom' (Brak folderu w bazie)
[2026-08-06 12:38:42] [INFO] SYMULACJA POMINIĘCIE: 'WIERTŁO-D18-L34.5-D15-L5.5-D12-L34.5-D6-L5.5-PRAWE-HS.tom' (Brak folderu w bazie)
[2026-08-06 12:38:42] [INFO] SYMULACJA POMINIĘCIE: 'ALUPLAST FREZ R5 R2 K45PP1AMNO_000037 .tom' (Brak folderu w bazie)
[2026-08-06 12:38:42] [INFO] SYMULACJA POMINIĘCIE: 'D16 L65 Z3 A3-2050 KP.tom' (Brak folderu w bazie)
[2026-08-06 12:38:42] [INFO] SYMULACJA POMINIĘCIE: 'D16-Z2-VEKA OPORY-3,2x105st.tom' (Brak folderu w bazie)
[2026-08-06 12:38:42] [INFO] SYMULACJA POMINIĘCIE: 'D20 L65 Z3 A3-2050 KP.tom' (Brak folderu w bazie)
[2026-08-06 12:38:42] [INFO] SYMULACJA POMINIĘCIE: 'D3-L15-Z4 S4-3.tom' (Brak folderu w bazie)
[2026-08-06 12:38:42] [INFO] SYMULACJA POMINIĘCIE: 'D4-L11-Z4 S4-418.tom' (Brak folderu w bazie)
[2026-08-06 12:38:42] [INFO] SYMULACJA POMINIĘCIE: 'D5 L22 Z3 A3-522 kacperek.tom' (Brak folderu w bazie)
[2026-08-06 12:38:42] [INFO] SYMULACJA POMINIĘCIE: 'DECEUNINCK FREZWID PROFIL R3-R3 Z3.tom' (Brak folderu w bazie)
[2026-08-06 12:38:42] [INFO] SYMULACJA POMINIĘCIE: 'DLA KACPRA D1.4 Z3 47 STOPNI.tom' (Brak folderu w bazie)
[2026-08-06 12:38:42] [INFO] SYMULACJA POMINIĘCIE: 'do Pro-Assem D16 z6 100stopni r0.5 .tom' (Brak folderu w bazie)
[2026-08-06 12:38:42] [INFO] SYMULACJA POMINIĘCIE: 'fazownik D10 60stopni.tom' (Brak folderu w bazie)
[2026-08-06 12:38:42] [INFO] SYMULACJA POMINIĘCIE: 'fazownik D12 150stopni.tom' (Brak folderu w bazie)
[2026-08-06 12:38:42] [INFO] SYMULACJA POMINIĘCIE: 'fazownik D12 60stopni.tom' (Brak folderu w bazie)
[2026-08-06 12:38:42] [INFO] SYMULACJA POMINIĘCIE: 'fazownik D12 80stopni.tom' (Brak folderu w bazie)
[2026-08-06 12:38:42] [INFO] SYMULACJA POMINIĘCIE: 'fazownik D12 R1,7 KP.tom' (Brak folderu w bazie)
[2026-08-06 12:38:42] [INFO] SYMULACJA POMINIĘCIE: 'fazownik D12 R1.2 KP.tom' (Brak folderu w bazie)
[2026-08-06 12:38:42] [INFO] SYMULACJA POMINIĘCIE: 'fazownik D16 45st.tom' (Brak folderu w bazie)
[2026-08-06 12:38:42] [INFO] SYMULACJA POMINIĘCIE: 'fazownik D16 R3.5 KP.tom' (Brak folderu w bazie)
[2026-08-06 12:38:42] [INFO] SYMULACJA POMINIĘCIE: 'fazownik D16 R4.5 KP.tom' (Brak folderu w bazie)
[2026-08-06 12:38:42] [INFO] SYMULACJA POMINIĘCIE: 'fazownik D20 80stopni.tom' (Brak folderu w bazie)
[2026-08-06 12:38:42] [INFO] SYMULACJA POMINIĘCIE: 'fazownik D22 50stopni.tom' (Brak folderu w bazie)
[2026-08-06 12:38:42] [INFO] SYMULACJA POMINIĘCIE: 'fazownik D22 60stopni.tom' (Brak folderu w bazie)
[2026-08-06 12:38:42] [INFO] SYMULACJA POMINIĘCIE: 'fazownik D6 45st.tom' (Brak folderu w bazie)
[2026-08-06 12:38:42] [INFO] SYMULACJA POMINIĘCIE: 'fazownik D6 60stopni.tom' (Brak folderu w bazie)
[2026-08-06 12:38:42] [INFO] SYMULACJA POMINIĘCIE: 'fazownik D8 40stopni.tom' (Brak folderu w bazie)
[2026-08-06 12:38:42] [INFO] SYMULACJA POMINIĘCIE: 'fazownik D8 R3.tom' (Brak folderu w bazie)
[2026-08-06 12:38:42] [INFO] SYMULACJA POMINIĘCIE: 'FER-PLAST FREZWID PROFIL R2-R2 Z3.tom' (Brak folderu w bazie)
[2026-08-06 12:38:42] [INFO] SYMULACJA POMINIĘCIE: 'frez 3st KP.tom' (Brak folderu w bazie)
[2026-08-06 12:38:42] [INFO] SYMULACJA POMINIĘCIE: 'frez D1.5 K35 KP.tom' (Brak folderu w bazie)
[2026-08-06 12:38:42] [INFO] SYMULACJA POMINIĘCIE: 'FREZ D10 X d3 Z2 K5.tom' (Brak folderu w bazie)
[2026-08-06 12:38:42] [INFO] SYMULACJA POMINIĘCIE: 'FREZ D13 KULA KP.tom' (Brak folderu w bazie)
[2026-08-06 12:38:42] [INFO] SYMULACJA POMINIĘCIE: 'FREZ D14 Z2 modyfikacja.tom' (Brak folderu w bazie)
[2026-08-06 12:38:42] [INFO] SYMULACJA POMINIĘCIE: 'FREZ D2 Z2 HW KP.tom' (Brak folderu w bazie)
[2026-08-06 12:38:42] [INFO] SYMULACJA POMINIĘCIE: 'FREZ D2.2 Z3 KP.tom' (Brak folderu w bazie)
[2026-08-06 12:38:42] [INFO] SYMULACJA POMINIĘCIE: 'FREZ D25 Frezwid.tom' (Brak folderu w bazie)
[2026-08-06 12:38:42] [INFO] SYMULACJA POMINIĘCIE: 'FREZ D3 Z2 K1 KP.tom' (Brak folderu w bazie)
[2026-08-06 12:38:42] [INFO] SYMULACJA POMINIĘCIE: 'FREZ D3 Z2 L23 KP.tom' (Brak folderu w bazie)
[2026-08-06 12:38:42] [INFO] SYMULACJA POMINIĘCIE: 'FREZ D3 Z3 L12 KP.tom' (Brak folderu w bazie)
[2026-08-06 12:38:42] [INFO] SYMULACJA POMINIĘCIE: 'FREZ D3.5 Z3 L12 KP.tom' (Brak folderu w bazie)
[2026-08-06 12:38:42] [INFO] SYMULACJA POMINIĘCIE: 'FREZ D4 Z2 KP.tom' (Brak folderu w bazie)
[2026-08-06 12:38:42] [INFO] SYMULACJA POMINIĘCIE: 'FREZ D4 Z2 L20 KP.tom' (Brak folderu w bazie)
[2026-08-06 12:38:42] [INFO] SYMULACJA POMINIĘCIE: 'FREZ D4 Z3 KP.tom' (Brak folderu w bazie)
[2026-08-06 12:38:42] [INFO] SYMULACJA POMINIĘCIE: 'FREZ D5 Z3 KP.tom' (Brak folderu w bazie)
[2026-08-06 12:38:42] [INFO] SYMULACJA POMINIĘCIE: 'FREZ D5.7 Z4 L30 v2.tom' (Brak folderu w bazie)
[2026-08-06 12:38:42] [INFO] SYMULACJA POMINIĘCIE: 'FREZ D5.7 Z4 L30.tom' (Brak folderu w bazie)
[2026-08-06 12:38:42] [INFO] SYMULACJA POMINIĘCIE: 'FREZ D6 Z3 KP.tom' (Brak folderu w bazie)
[2026-08-06 12:38:42] [INFO] SYMULACJA POMINIĘCIE: 'FREZ D8 KULA KP.tom' (Brak folderu w bazie)
[2026-08-06 12:38:42] [INFO] SYMULACJA POMINIĘCIE: 'FREZ D8,8 KULA KP.tom' (Brak folderu w bazie)
[2026-08-06 12:38:42] [INFO] SYMULACJA POMINIĘCIE: 'FREZ D8.5 Z2 L25.tom' (Brak folderu w bazie)
[2026-08-06 12:38:42] [INFO] SYMULACJA POMINIĘCIE: 'FREZ D9 KULA KP.tom' (Brak folderu w bazie)
[2026-08-06 12:38:42] [INFO] SYMULACJA POMINIĘCIE: 'FREZ RS D12 prof Rkat.tom' (Brak folderu w bazie)
[2026-08-06 12:38:42] [INFO] SYMULACJA POMINIĘCIE: 'FREZ SPEC R0.3 R0.3 D6 do listwy zebatej.tom' (Brak folderu w bazie)
[2026-08-06 12:38:42] [INFO] SYMULACJA POMINIĘCIE: 'FREZ STOZKOWY K6.tom' (Brak folderu w bazie)
[2026-08-06 12:38:42] [INFO] SYMULACJA POMINIĘCIE: 'Frez TEowy D10 T1.2 Z6.tom' (Brak folderu w bazie)
[2026-08-06 12:38:42] [INFO] SYMULACJA POMINIĘCIE: 'Frez TEowy D10 T1.2 Z8.tom' (Brak folderu w bazie)
[2026-08-06 12:38:42] [INFO] SYMULACJA POMINIĘCIE: 'Frez teowy D18 K8 stozek Z4.tom' (Brak folderu w bazie)
[2026-08-06 12:38:42] [INFO] SYMULACJA POMINIĘCIE: 'frez testspirala.tom' (Brak folderu w bazie)
[2026-08-06 12:38:42] [INFO] SYMULACJA POMINIĘCIE: 'Frez Valeo DT2147 02 03 01 001 KP.tom' (Brak folderu w bazie)
[2026-08-06 12:38:42] [INFO] SYMULACJA POMINIĘCIE: 'frez z2 26,56st KP testspirala.tom' (Brak folderu w bazie)
[2026-08-06 12:38:42] [INFO] SYMULACJA POMINIĘCIE: 'frez z2 26,56st KP.tom' (Brak folderu w bazie)
[2026-08-06 12:38:42] [INFO] SYMULACJA POMINIĘCIE: 'frez z3 15st KP.tom' (Brak folderu w bazie)
[2026-08-06 12:38:42] [INFO] SYMULACJA POMINIĘCIE: 'frez z3 26,56st KP 22.11.tom' (Brak folderu w bazie)
[2026-08-06 12:38:42] [INFO] SYMULACJA POMINIĘCIE: 'frez z3 26,56st KP.tom' (Brak folderu w bazie)
[2026-08-06 12:38:42] [INFO] SYMULACJA POMINIĘCIE: 'frez z3 26,56st KspiralatestP.tom' (Brak folderu w bazie)
[2026-08-06 12:38:42] [INFO] SYMULACJA POMINIĘCIE: 'Frez z3 60st KP d1.3 L4.07 v2.tom' (Brak folderu w bazie)
[2026-08-06 12:38:42] [INFO] SYMULACJA POMINIĘCIE: 'Frez z3 60st KP d1.3 L4.07.tom' (Brak folderu w bazie)
[2026-08-06 12:38:42] [INFO] SYMULACJA POMINIĘCIE: 'Frezwid czyszczarka.D10 45st ostra.tom' (Brak folderu w bazie)
[2026-08-06 12:38:42] [INFO] SYMULACJA POMINIĘCIE: 'Frezwid czyszczarka.D16 55st ostra.tom' (Brak folderu w bazie)
[2026-08-06 12:38:42] [INFO] SYMULACJA POMINIĘCIE: 'Frezwid czyszczarka.D20 55st ostra.tom' (Brak folderu w bazie)
[2026-08-06 12:38:42] [INFO] SYMULACJA POMINIĘCIE: 'Frezwid czyszczarka.D25 55st ostra.tom' (Brak folderu w bazie)
[2026-08-06 12:38:42] [INFO] SYMULACJA POMINIĘCIE: 'Frezwid czyszczarka.D5 45st ostra.tom' (Brak folderu w bazie)
[2026-08-06 12:38:42] [INFO] SYMULACJA POMINIĘCIE: 'FREZWID D10X12 APTIV PROFIL1.tom' (Brak folderu w bazie)
[2026-08-06 12:38:42] [INFO] SYMULACJA POMINIĘCIE: 'FREZWID D11.5 Z3 GNIAZDO R1.5 pppr.tom' (Brak folderu w bazie)
[2026-08-06 12:38:42] [INFO] SYMULACJA POMINIĘCIE: 'FREZWID D11.5 Z3 GNIAZDO R1.5.tom' (Brak folderu w bazie)
[2026-08-06 12:38:42] [INFO] SYMULACJA POMINIĘCIE: 'FREZWID D12 Z3 5st wstecz.tom' (Brak folderu w bazie)
[2026-08-06 12:38:42] [INFO] SYMULACJA POMINIĘCIE: 'Frezwid D2.51 R0.5 R1 D12 .tom' (Brak folderu w bazie)
[2026-08-06 12:38:42] [INFO] SYMULACJA POMINIĘCIE: 'Frezwid D6 Z4 L v2 poprawa.tom' (Brak folderu w bazie)
[2026-08-06 12:38:42] [INFO] SYMULACJA POMINIĘCIE: 'Frezwid D6 Z4 L v2.tom' (Brak folderu w bazie)
[2026-08-06 12:38:42] [INFO] SYMULACJA POMINIĘCIE: 'Frezwid D6 Z4 P v2.tom' (Brak folderu w bazie)
[2026-08-06 12:38:42] [INFO] SYMULACJA POMINIĘCIE: 'FREZWID PROFINE GMBH D25 59242786.tom' (Brak folderu w bazie)
[2026-08-06 12:38:42] [INFO] SYMULACJA POMINIĘCIE: 'FREZWID(SKLEP) D5 L35 PRAWE JW.tom' (Brak folderu w bazie)
[2026-08-06 12:38:42] [INFO] SYMULACJA POMINIĘCIE: 'GNIAZDO TESTOWE D16x9.2 skosny.tom' (Brak folderu w bazie)
[2026-08-06 12:38:42] [INFO] SYMULACJA POMINIĘCIE: 'GNIAZDO TESTOWE D16x9.2 test spiralny.tom' (Brak folderu w bazie)
[2026-08-06 12:38:42] [INFO] SYMULACJA POMINIĘCIE: 'KP D13.8 KULA Z4 lamacz v2.tom' (Brak folderu w bazie)
[2026-08-06 12:38:42] [INFO] SYMULACJA POMINIĘCIE: 'KP D13.8 KULA Z4 lamacz.tom' (Brak folderu w bazie)
[2026-08-06 12:38:42] [INFO] SYMULACJA POMINIĘCIE: 'KP D14 KULA Z4 .tom' (Brak folderu w bazie)
[2026-08-06 12:38:42] [INFO] SYMULACJA POMINIĘCIE: 'KP D3.5 L12 Z3 A3.tom' (Brak folderu w bazie)
[2026-08-06 12:38:42] [INFO] SYMULACJA POMINIĘCIE: 'KP FREZ D2 Z2.tom' (Brak folderu w bazie)
[2026-08-06 12:38:42] [INFO] SYMULACJA POMINIĘCIE: 'KP Frez D20 Z3 L55.tom' (Brak folderu w bazie)
[2026-08-06 12:38:42] [INFO] SYMULACJA POMINIĘCIE: 'KP FREZ D3 Z2 l23.tom' (Brak folderu w bazie)
[2026-08-06 12:38:42] [INFO] SYMULACJA POMINIĘCIE: 'KP FREZ D3 Z2.tom' (Brak folderu w bazie)
[2026-08-06 12:38:42] [INFO] SYMULACJA POMINIĘCIE: 'kp koncowka d12 frez.tom' (Brak folderu w bazie)
[2026-08-06 12:38:42] [INFO] SYMULACJA POMINIĘCIE: 'KP KULA D13.8 Z3 lamacz.tom' (Brak folderu w bazie)
[2026-08-06 12:38:42] [INFO] SYMULACJA POMINIĘCIE: 'KULA D11 Z3 KP.tom' (Brak folderu w bazie)
[2026-08-06 12:38:42] [INFO] SYMULACJA POMINIĘCIE: 'KULA D7.tom' (Brak folderu w bazie)
[2026-08-06 12:38:42] [INFO] SYMULACJA POMINIĘCIE: 'PROFINE GMBH D16 R14.2 R1.2 D12.48.tom' (Brak folderu w bazie)
[2026-08-06 12:38:42] [INFO] SYMULACJA POMINIĘCIE: 'R6.425 z3.tom' (Brak folderu w bazie)
[2026-08-06 12:38:42] [INFO] SYMULACJA POMINIĘCIE: 'REHAU FREZWID PROFIL R4-R2 Z3.tom' (Brak folderu w bazie)
[2026-08-06 12:38:42] [INFO] SYMULACJA POMINIĘCIE: 'Rozwiertak 8.1.tom' (Brak folderu w bazie)
[2026-08-06 12:38:42] [INFO] SYMULACJA POMINIĘCIE: 'Wierlo 16x7.5 AP.tom' (Brak folderu w bazie)
[2026-08-06 12:38:42] [INFO] SYMULACJA POMINIĘCIE: 'WIERTLO 2.8.tom' (Brak folderu w bazie)
[2026-08-06 12:38:42] [INFO] SYMULACJA POMINIĘCIE: 'WIERTLO-FREZ- D20-Z4-CZOLO KAT120.tom' (Brak folderu w bazie)
[2026-08-06 12:38:42] [INFO] SYMULACJA POMINIĘCIE: 'plytki.tom' (Brak folderu w bazie)
[2026-08-06 12:38:42] [INFO] SYMULACJA POMINIĘCIE: 'R075 MK.tom' (Brak folderu w bazie)
[2026-08-06 12:38:42] [INFO] SYMULACJA POMINIĘCIE: 'E-FREEDOM D2 L10 Z1.tom' (Brak folderu w bazie)
[2026-08-06 12:38:42] [INFO] SYMULACJA POMINIĘCIE: 'KACPER D1,3 Z2 60 STOPNI.tom' (Brak folderu w bazie)
[2026-08-06 12:38:42] [INFO] SYMULACJA POMINIĘCIE: 'SWIAT OKUC BUDOWLANYCH FREZ D2.5 Z2 .tom' (Brak folderu w bazie)
[2026-08-06 12:38:42] [INFO] SYMULACJA POMINIĘCIE: 'AIRON PRO-TECH D10 Z4 LAMACZ 2+4.tom' (Brak folderu w bazie)
[2026-08-06 12:38:42] [INFO] SYMULACJA POMINIĘCIE: 'ALBUD RSA D10 L15 Z1 HW POLER.tom' (Brak folderu w bazie)
[2026-08-06 12:38:42] [INFO] SYMULACJA POMINIĘCIE: 'ALBUD RSA D10 Z1 L22 HW POLER.tom' (Brak folderu w bazie)
[2026-08-06 12:38:42] [INFO] SYMULACJA POMINIĘCIE: 'ALU-MET D10 L20 Z2-PROSTY PRZESTAWIONY.tom' (Brak folderu w bazie)
[2026-08-06 12:38:42] [INFO] SYMULACJA POMINIĘCIE: 'ALUKO D10 Z1 L24 POLER.tom' (Brak folderu w bazie)
[2026-08-06 12:38:42] [INFO] SYMULACJA POMINIĘCIE: 'ARKADA KOD A1-1022 NG.tom' (Brak folderu w bazie)
[2026-08-06 12:38:42] [INFO] SYMULACJA POMINIĘCIE: 'AWILUX D10 L50 Z2-PROSTY PRZESTAWIONY.tom' (Brak folderu w bazie)
[2026-08-06 12:38:42] [INFO] SYMULACJA POMINIĘCIE: 'BERTSCH D10 Z3 LAMACZ.tom' (Brak folderu w bazie)
[2026-08-06 12:38:42] [INFO] SYMULACJA POMINIĘCIE: 'BEWI D10 L30 Z1 POLER.tom' (Brak folderu w bazie)
[2026-08-06 12:38:42] [INFO] SYMULACJA POMINIĘCIE: 'BEWI D10 Z1 L50 PRAWE POLER n.tom' (Brak folderu w bazie)
[2026-08-06 12:38:42] [INFO] SYMULACJA POMINIĘCIE: 'BEWI D10 Z1 L50 PRAWE.tom' (Brak folderu w bazie)
[2026-08-06 12:38:42] [INFO] SYMULACJA POMINIĘCIE: 'BOGDANSKI D10 Z1 A1-1035 NG.tom' (Brak folderu w bazie)
[2026-08-06 12:38:42] [INFO] SYMULACJA POMINIĘCIE: 'BOGDANSKI D10 Z1 L35.tom' (Brak folderu w bazie)
[2026-08-06 12:38:42] [INFO] SYMULACJA POMINIĘCIE: 'BOGMAR BB A1-1014 NG.tom' (Brak folderu w bazie)
[2026-08-06 12:38:42] [INFO] SYMULACJA POMINIĘCIE: 'BRASSCO D10 Z2 L11,4 v2.tom' (Brak folderu w bazie)
[2026-08-06 12:38:42] [INFO] SYMULACJA POMINIĘCIE: 'BRASSCO D10 Z2 L11,4.tom' (Brak folderu w bazie)
[2026-08-06 12:38:42] [INFO] SYMULACJA POMINIĘCIE: 'BUDMONT D10 Z1 A1-1035.tom' (Brak folderu w bazie)
[2026-08-06 12:38:42] [INFO] SYMULACJA POMINIĘCIE: 'D10--Z1-HW-CZOLO POPRAWA.tom' (Brak folderu w bazie)
[2026-08-06 12:38:42] [INFO] SYMULACJA POMINIĘCIE: 'D10-D3-NASADKA FAZUJACA.tom' (Brak folderu w bazie)
[2026-08-06 12:38:42] [INFO] SYMULACJA POMINIĘCIE: 'D10-L4-KAT65-Z4-HW.tom' (Brak folderu w bazie)
[2026-08-06 12:38:42] [INFO] SYMULACJA POMINIĘCIE: 'DAL TECH FREZ D10x8.4-Z2-HW.tom' (Brak folderu w bazie)
[2026-08-06 12:38:42] [INFO] SYMULACJA OK: 'DAL TECH FREZ D10x8.5-Z2-HW.tom' zakwalifikowany do '52 DAL-TECH'
[2026-08-06 12:38:42] [INFO] SYMULACJA POMINIĘCIE: 'DREWCO FREZ STOP  D6x10.2 Z2.tom' (Brak folderu w bazie)
[2026-08-06 12:38:42] [INFO] SYMULACJA POMINIĘCIE: 'DREWNOSTYL D10 Z3 L22 LEWO PRAWY.tom' (Brak folderu w bazie)
[2026-08-06 12:38:42] [INFO] SYMULACJA POMINIĘCIE: 'DREWNOSTYL FREZ FAZOWNIK D10 Z2.tom' (Brak folderu w bazie)
[2026-08-06 12:38:42] [INFO] SYMULACJA POMINIĘCIE: 'DRUTEX D10 L27 Z4.tom' (Brak folderu w bazie)
[2026-08-06 12:38:42] [INFO] SYMULACJA POMINIĘCIE: 'DRUTEX D10 Z4 L27 COMET 9.tom' (Brak folderu w bazie)
[2026-08-06 12:38:42] [INFO] SYMULACJA POMINIĘCIE: 'DRUTEX FREZ D10-Z2+2.tom' (Brak folderu w bazie)
[2026-08-06 12:38:42] [INFO] SYMULACJA POMINIĘCIE: 'ECO DREW D10 Z3 L 65.tom' (Brak folderu w bazie)
[2026-08-06 12:38:42] [INFO] SYMULACJA POMINIĘCIE: 'EUROLEDLIGHTING A1-1014.tom' (Brak folderu w bazie)
[2026-08-06 12:38:42] [INFO] SYMULACJA POMINIĘCIE: 'EUROLEDLIGHTNING D10 Z2 A2-1025.tom' (Brak folderu w bazie)
[2026-08-06 12:38:42] [INFO] SYMULACJA POMINIĘCIE: 'EXPRESS PCV D10 Z2 L40 PROSTY PRZESTAWIONY.tom' (Brak folderu w bazie)
[2026-08-06 12:38:42] [INFO] SYMULACJA POMINIĘCIE: 'EXTHERM-2 D10 Z1 L40 PRAWE n.tom' (Brak folderu w bazie)
[2026-08-06 12:38:42] [INFO] SYMULACJA POMINIĘCIE: 'FAKRO NASADKA D10 LEWE.tom' (Brak folderu w bazie)
[2026-08-06 12:38:42] [INFO] SYMULACJA POMINIĘCIE: 'FAKRO NASADKA D10.tom' (Brak folderu w bazie)
[2026-08-06 12:38:42] [INFO] SYMULACJA POMINIĘCIE: 'FARO D10 L25 Z2.tom' (Brak folderu w bazie)
[2026-08-06 12:38:42] [INFO] SYMULACJA POMINIĘCIE: 'FARO D10 L80 Z3.tom' (Brak folderu w bazie)
[2026-08-06 12:38:42] [INFO] SYMULACJA POMINIĘCIE: 'FARO D10 Z1 A1-1025 NG.tom' (Brak folderu w bazie)
[2026-08-06 12:38:42] [INFO] SYMULACJA POMINIĘCIE: 'FARO KULA D10 Z2 L15.tom' (Brak folderu w bazie)
[2026-08-06 12:38:42] [INFO] SYMULACJA POMINIĘCIE: 'FOREST D10 L40 Z1-HW .tom' (Brak folderu w bazie)
[2026-08-06 12:38:42] [INFO] SYMULACJA POMINIĘCIE: 'FREZ D10 X d3 Z2 K5.tom' (Brak folderu w bazie)
[2026-08-06 12:38:42] [INFO] SYMULACJA POMINIĘCIE: 'Frez TEowy D10 T1.2 Z8.tom' (Brak folderu w bazie)
[2026-08-06 12:38:42] [INFO] SYMULACJA POMINIĘCIE: 'FREZWID(PSEB) FREZ D10 L22 Z2.tom' (Brak folderu w bazie)
[2026-08-06 12:38:42] [INFO] SYMULACJA POMINIĘCIE: 'FUDMEN D10x4.5 Z3-HW.tom' (Brak folderu w bazie)
[2026-08-06 12:38:42] [INFO] SYMULACJA POMINIĘCIE: 'GAŁAT FREZ D10 Z1 A1-1040.tom' (Brak folderu w bazie)
[2026-08-06 12:38:42] [INFO] SYMULACJA POMINIĘCIE: 'GLASS SPACE D10 Z2 A2-1030.tom' (Brak folderu w bazie)
[2026-08-06 12:38:42] [INFO] SYMULACJA POMINIĘCIE: 'GOLD DOOR FREZ D10-Z2+2 L15x50.tom' (Brak folderu w bazie)
[2026-08-06 12:38:42] [INFO] SYMULACJA POMINIĘCIE: 'GOLD DOOR FREZ D10-Z2+2 L20x50.tom' (Brak folderu w bazie)
[2026-08-06 12:38:42] [INFO] SYMULACJA POMINIĘCIE: 'HANNECARD D10.2 Z2 R4x3st.tom' (Brak folderu w bazie)
[2026-08-06 12:38:42] [INFO] SYMULACJA POMINIĘCIE: 'HANNECARD D10.5 Z2 R4x6st.tom' (Brak folderu w bazie)
[2026-08-06 12:38:42] [INFO] SYMULACJA POMINIĘCIE: 'HENSFORD D10 L22 Z1-HSS .tom' (Brak folderu w bazie)
[2026-08-06 12:38:42] [INFO] SYMULACJA POMINIĘCIE: 'HL SCHODY D10 L50 Z3 HW.tom' (Brak folderu w bazie)
[2026-08-06 12:38:42] [INFO] SYMULACJA POMINIĘCIE: 'INTEGRAL D10 Z3 PROSTY.tom' (Brak folderu w bazie)
[2026-08-06 12:38:42] [INFO] SYMULACJA POMINIĘCIE: 'INTER-BUD D10 Z2 L45 PROSTY PRZESTAWIONY.tom' (Brak folderu w bazie)
[2026-08-06 12:38:42] [INFO] SYMULACJA POMINIĘCIE: 'INVADO D10 Z3 L55 LEWO PRAWY.tom' (Brak folderu w bazie)
[2026-08-06 12:38:42] [INFO] SYMULACJA POMINIĘCIE: 'JTECH D10 Z2-PROSTY PRZESTAWIONY.tom' (Brak folderu w bazie)
[2026-08-06 12:38:42] [INFO] SYMULACJA POMINIĘCIE: 'JUSTA BIS D10 L47 Z1 HSS .tom' (Brak folderu w bazie)
[2026-08-06 12:38:42] [INFO] SYMULACJA POMINIĘCIE: 'KARO D10 Z1 L40 PRAWE POLER n.tom' (Brak folderu w bazie)
[2026-08-06 12:38:42] [INFO] SYMULACJA POMINIĘCIE: 'KOLOR MAZUR D10 L75 Z2.tom' (Brak folderu w bazie)
[2026-08-06 12:38:42] [INFO] SYMULACJA POMINIĘCIE: 'KRISHOME D10 L25 Z2 POLER.tom' (Brak folderu w bazie)
[2026-08-06 12:38:42] [INFO] SYMULACJA POMINIĘCIE: 'KTLC EUROPE FREZ D10 Z4 R3.0.tom' (Brak folderu w bazie)
[2026-08-06 12:38:42] [INFO] SYMULACJA POMINIĘCIE: 'LS BEDDING D10 L30 Z3 HW.tom' (Brak folderu w bazie)
[2026-08-06 12:38:42] [INFO] SYMULACJA POMINIĘCIE: 'LUC BEKAERT D10 Z3 L59 szyjka.tom' (Brak folderu w bazie)
[2026-08-06 12:38:42] [INFO] SYMULACJA POMINIĘCIE: 'LUC BEKAERT MASCHINEN D10 Z3 L70.tom' (Brak folderu w bazie)
[2026-08-06 12:38:42] [INFO] SYMULACJA OK: 'MADEX D10-L40-Z4-HW.tom' zakwalifikowany do '345 MADEX'
[2026-08-06 12:38:42] [INFO] SYMULACJA POMINIĘCIE: 'MANUFAKTURA MAJDOSZ D10x6 R1 wew.tom' (Brak folderu w bazie)
[2026-08-06 12:38:42] [INFO] SYMULACJA POMINIĘCIE: 'MARCIN OSTROGORSKI FREZ 10-Z2+2 L10X40.tom' (Brak folderu w bazie)
[2026-08-06 12:38:42] [INFO] SYMULACJA POMINIĘCIE: 'MB TRADING D10x60 NOZYK DO GUMY bez lamacza v1.tom' (Brak folderu w bazie)
[2026-08-06 12:38:42] [INFO] SYMULACJA POMINIĘCIE: 'MITBAU D10 Z1 L24.tom' (Brak folderu w bazie)
[2026-08-06 12:38:42] [INFO] SYMULACJA POMINIĘCIE: 'MULTISERW D10 L35 STOZEK 2 STOPNIE.tom' (Brak folderu w bazie)
[2026-08-06 12:38:42] [INFO] SYMULACJA POMINIĘCIE: 'NADWOZIA PARTNER A1-1014 NG.tom' (Brak folderu w bazie)
[2026-08-06 12:38:42] [INFO] SYMULACJA POMINIĘCIE: 'NAUMAL D10 Z1 L35 PRAWE POLER n.tom' (Brak folderu w bazie)
[2026-08-06 12:38:42] [INFO] SYMULACJA POMINIĘCIE: 'NITUS D10 Z2 L45 PROSTY PRZESTAWIONY.tom' (Brak folderu w bazie)
[2026-08-06 12:38:42] [INFO] SYMULACJA POMINIĘCIE: 'OKLAND A1-1035 NG.tom' (Brak folderu w bazie)
[2026-08-06 12:38:42] [INFO] SYMULACJA POMINIĘCIE: 'OKNOPLAST NASADKA D10 X 3.tom' (Brak folderu w bazie)
[2026-08-06 12:38:42] [INFO] SYMULACJA POMINIĘCIE: 'OPTIMA FREZ D10 R5 LEWY PROSTY.tom' (Brak folderu w bazie)
[2026-08-06 12:38:42] [INFO] SYMULACJA POMINIĘCIE: 'PAGEN D10 Z1 L45 PRAWE POLER n.tom' (Brak folderu w bazie)
[2026-08-06 12:38:42] [INFO] SYMULACJA POMINIĘCIE: 'PAMO D10 L35 Z3.tom' (Brak folderu w bazie)
[2026-08-06 12:38:42] [INFO] SYMULACJA POMINIĘCIE: 'PAWEL GARA D10 Z4 LAMACZ 2+4.tom' (Brak folderu w bazie)
[2026-08-06 12:38:42] [INFO] SYMULACJA POMINIĘCIE: 'PLAST-BUD D10 Z1 L27 HSS.tom' (Brak folderu w bazie)
[2026-08-06 12:38:42] [INFO] SYMULACJA POMINIĘCIE: 'POL-SKONE D10 L100 Z3 LAMACZ.tom' (Brak folderu w bazie)
[2026-08-06 12:38:43] [INFO] SYMULACJA POMINIĘCIE: 'PORTA ELK D10 L50 Z1-HW .tom' (Brak folderu w bazie)
[2026-08-06 12:38:43] [INFO] SYMULACJA POMINIĘCIE: 'PORTA KMI D10 Z1 L50 PRAWE POLER n.tom' (Brak folderu w bazie)
[2026-08-06 12:38:43] [INFO] SYMULACJA POMINIĘCIE: 'PRESTIGE D10 Z3 KULA LEWO PRAWY.tom' (Brak folderu w bazie)
[2026-08-06 12:38:43] [INFO] SYMULACJA POMINIĘCIE: 'PREZMET D10 LEWA pilka 4+4.tom' (Brak folderu w bazie)
[2026-08-06 12:38:43] [INFO] SYMULACJA POMINIĘCIE: 'PREZMET D10 PRAWA pilka 4+4.tom' (Brak folderu w bazie)
[2026-08-06 12:38:43] [INFO] SYMULACJA POMINIĘCIE: 'PROFIMER D10 L22 Z1 .tom' (Brak folderu w bazie)
[2026-08-06 12:38:43] [INFO] SYMULACJA POMINIĘCIE: 'PROFIMER D10 L24 Z1 .tom' (Brak folderu w bazie)
[2026-08-06 12:38:43] [INFO] SYMULACJA POMINIĘCIE: 'REDAN D10 Z1 L35.tom' (Brak folderu w bazie)
[2026-08-06 12:38:43] [INFO] SYMULACJA POMINIĘCIE: 'REDBUD D10 Z1 A1-1050 NOWE.tom' (Brak folderu w bazie)
[2026-08-06 12:38:43] [INFO] SYMULACJA POMINIĘCIE: 'RP-BUD D10 Z4 LAMACZ 2+4.tom' (Brak folderu w bazie)
[2026-08-06 12:38:43] [INFO] SYMULACJA POMINIĘCIE: 'SARANA D10 Z4 LAMACZ-HW.tom' (Brak folderu w bazie)
[2026-08-06 12:38:43] [INFO] SYMULACJA POMINIĘCIE: 'SCHWARZ D10 Z1 A1-1020.tom' (Brak folderu w bazie)
[2026-08-06 12:38:43] [INFO] SYMULACJA POMINIĘCIE: 'SEKO D10 Z1 L20 PRAWE POLER.tom' (Brak folderu w bazie)
[2026-08-06 12:38:43] [INFO] SYMULACJA POMINIĘCIE: 'SMA MAGNET D10x5-HW.tom' (Dwuznaczność (4 folderów))
[2026-08-06 12:38:43] [INFO] SYMULACJA POMINIĘCIE: 'SPOT-LIGHT D10 L30 Z3.tom' (Brak folderu w bazie)
[2026-08-06 12:38:43] [INFO] SYMULACJA POMINIĘCIE: 'STOLBAR D10 Z2 R3 L6.tom' (Brak folderu w bazie)
[2026-08-06 12:38:43] [INFO] SYMULACJA POMINIĘCIE: 'SUPERDREW Z2+2 D10 L52.tom' (Brak folderu w bazie)
[2026-08-06 12:38:43] [INFO] SYMULACJA POMINIĘCIE: 'TECH-ZAK D10 L4 TEOWY.tom' (Brak folderu w bazie)
[2026-08-06 12:38:43] [INFO] SYMULACJA POMINIĘCIE: 'TECHNOCAM D10.5 Z2 KULKA LOLIPOP.tom' (Brak folderu w bazie)
[2026-08-06 12:38:43] [INFO] SYMULACJA POMINIĘCIE: 'TECHNOCAM D10.5 Z3 KULKA LOLIPOP inna szyjka.tom' (Brak folderu w bazie)
[2026-08-06 12:38:43] [INFO] SYMULACJA POMINIĘCIE: 'TEXCOR D10 Z1 L30 PRAWE n.tom' (Brak folderu w bazie)
[2026-08-06 12:38:43] [INFO] SYMULACJA POMINIĘCIE: 'TEXCOR D10 Z1 L30 PRAWE POLER n.tom' (Brak folderu w bazie)
[2026-08-06 12:38:43] [INFO] SYMULACJA POMINIĘCIE: 'TEXOR D10 Z1 L22 PRAWE POLER.tom' (Brak folderu w bazie)
[2026-08-06 12:38:43] [INFO] SYMULACJA POMINIĘCIE: 'TRI-SPACE D10 Z2 A2-1014.tom' (Brak folderu w bazie)
[2026-08-06 12:38:43] [INFO] SYMULACJA POMINIĘCIE: 'TRYUMF D10 Z1-HW POLER.tom' (Brak folderu w bazie)
[2026-08-06 12:38:43] [INFO] SYMULACJA POMINIĘCIE: 'UAB BALTIJOS A1-1020.tom' (Brak folderu w bazie)
[2026-08-06 12:38:43] [INFO] SYMULACJA POMINIĘCIE: 'UAB BALTIJOS D10 Z1 A1-1022 NOWE.tom' (Brak folderu w bazie)
[2026-08-06 12:38:43] [INFO] SYMULACJA POMINIĘCIE: 'UNITEC D10 L15 Z1 HW POLER.tom' (Brak folderu w bazie)
[2026-08-06 12:38:43] [INFO] SYMULACJA POMINIĘCIE: 'UNITEC POLSKA D10 Z1 L15.tom' (Brak folderu w bazie)
[2026-08-06 12:38:43] [INFO] SYMULACJA POMINIĘCIE: 'WALDEMARO D10 L50 Z2-PROSTY PRZESTAWIONY.tom' (Brak folderu w bazie)
[2026-08-06 12:38:43] [INFO] SYMULACJA POMINIĘCIE: 'WALDEMARO D10 Z2 A2-1050.tom' (Brak folderu w bazie)
[2026-08-06 12:38:43] [INFO] SYMULACJA POMINIĘCIE: 'WALKO D10 L30 Z1 POLER.tom' (Brak folderu w bazie)
[2026-08-06 12:38:43] [INFO] SYMULACJA POMINIĘCIE: 'WEKTOR D10 L30 Z3 HSS.tom' (Brak folderu w bazie)
[2026-08-06 12:38:43] [INFO] SYMULACJA POMINIĘCIE: 'WINTECH D8 L40 Z2-PROSTY PRZESTAWIONY.tom' (Brak folderu w bazie)
[2026-08-06 12:38:43] [INFO] SYMULACJA POMINIĘCIE: 'ZEGPOL D10 Z1 L35.tom' (Brak folderu w bazie)
[2026-08-06 12:38:43] [INFO] SYMULACJA POMINIĘCIE: 'ZSK METKAM FREZ D10 Z2 R 6.5 PROF.tom' (Brak folderu w bazie)
[2026-08-06 12:38:43] [INFO] SYMULACJA POMINIĘCIE: 'CELMOL D11 z tylem.tom' (Brak folderu w bazie)
[2026-08-06 12:38:43] [INFO] SYMULACJA POMINIĘCIE: 'FREZWID D11 Z2 profil.tom' (Brak folderu w bazie)
[2026-08-06 12:38:43] [INFO] SYMULACJA POMINIĘCIE: 'FREZWID D11.5 Z3 GNIAZDO R1.5.tom' (Brak folderu w bazie)
[2026-08-06 12:38:43] [INFO] SYMULACJA POMINIĘCIE: 'KEYLITE D11-Z3-LAMACZ LEWY-HW.tom' (Brak folderu w bazie)
[2026-08-06 12:38:43] [INFO] SYMULACJA OK: 'OPTIMA D11 SZLIF PRAWO-LEWY DO GWINTU.tom' zakwalifikowany do '711 OPTIMA PIOTR MROZ'
[2026-08-06 12:38:43] [INFO] SYMULACJA POMINIĘCIE: 'ALUMNI SRL PLETWA CHWYT.tom' (Brak folderu w bazie)
[2026-08-06 12:38:43] [INFO] SYMULACJA POMINIĘCIE: 'ALUMNI SRL Z4 D12x6 LAMACZ.tom' (Brak folderu w bazie)
[2026-08-06 12:38:43] [INFO] SYMULACJA POMINIĘCIE: 'AMEX BACZEK D12 L20 PROSTY PRZESTAWIONY.tom' (Brak folderu w bazie)
[2026-08-06 12:38:43] [INFO] SYMULACJA POMINIĘCIE: 'CRYSTAL D12 LAMACZ.tom' (Brak folderu w bazie)
[2026-08-06 12:38:43] [INFO] SYMULACJA POMINIĘCIE: 'D12 L28 Z3 A3-1236 DLA KACPKRA.tom' (Brak folderu w bazie)
[2026-08-06 12:38:43] [INFO] SYMULACJA POMINIĘCIE: 'D12-Z4-NASADKA.tom' (Brak folderu w bazie)
[2026-08-06 12:38:43] [INFO] SYMULACJA POMINIĘCIE: 'DREWNOSTYL D12 Z3 L22 LEWO PRAWY.tom' (Brak folderu w bazie)
[2026-08-06 12:38:43] [INFO] SYMULACJA POMINIĘCIE: 'DREWNOSTYL FREZ D12-Z2+2 L15X60.tom' (Brak folderu w bazie)
[2026-08-06 12:38:43] [INFO] SYMULACJA POMINIĘCIE: 'DRUTEX D12 Z1 L15 SKLEP.tom' (Brak folderu w bazie)
[2026-08-06 12:38:43] [INFO] SYMULACJA POMINIĘCIE: 'DRUTEX D12 Z2 PRAWO-LEWY.tom' (Brak folderu w bazie)
[2026-08-06 12:38:43] [INFO] SYMULACJA POMINIĘCIE: 'DRUTEX WG5FTHSM08- D12 Z2 PROSTY PRZES.tom' (Brak folderu w bazie)
[2026-08-06 12:38:43] [INFO] SYMULACJA POMINIĘCIE: 'ERKADO D12 Z1 L45 POLER.tom' (Brak folderu w bazie)
[2026-08-06 12:38:43] [INFO] SYMULACJA POMINIĘCIE: 'EUROPROFIL-B D12x1 R5.tom' (Brak folderu w bazie)
[2026-08-06 12:38:43] [INFO] SYMULACJA POMINIĘCIE: 'FARO D12 Z3 LAMACZ.tom' (Brak folderu w bazie)
[2026-08-06 12:38:43] [INFO] SYMULACJA POMINIĘCIE: 'FREZ D12-Z2+2.tom' (Brak folderu w bazie)
[2026-08-06 12:38:43] [INFO] SYMULACJA POMINIĘCIE: 'FREZWID DO STALI D12-L26-Z4 S4-1235.tom' (Brak folderu w bazie)
[2026-08-06 12:38:43] [INFO] SYMULACJA POMINIĘCIE: 'GORAN FREZ FAZOWNIK D12 Z2.tom' (Brak folderu w bazie)
[2026-08-06 12:38:43] [INFO] SYMULACJA POMINIĘCIE: 'HENSFORD D12 Z2 PROSTY PRZES.tom' (Brak folderu w bazie)
[2026-08-06 12:38:43] [INFO] SYMULACJA POMINIĘCIE: 'JANECZEK ZS D12 Z2 poprawa.tom' (Brak folderu w bazie)
[2026-08-06 12:38:43] [INFO] SYMULACJA POMINIĘCIE: 'JOCZ D12 Z1 L45.tom' (Brak folderu w bazie)
[2026-08-06 12:38:43] [INFO] SYMULACJA POMINIĘCIE: 'JOCZ D12 Z1.tom' (Brak folderu w bazie)
[2026-08-06 12:38:43] [INFO] SYMULACJA POMINIĘCIE: 'KOBAX D12  R0.5_KAT22.5.tom' (Brak folderu w bazie)
[2026-08-06 12:38:43] [INFO] SYMULACJA POMINIĘCIE: 'KOBAX D12  R0.5_KAT31.2.tom' (Brak folderu w bazie)
[2026-08-06 12:38:43] [INFO] SYMULACJA POMINIĘCIE: 'KONKOL D12 Z3 L80 WYK.tom' (Brak folderu w bazie)
[2026-08-06 12:38:43] [INFO] SYMULACJA POMINIĘCIE: 'KREPEL D12 Z2 profil.tom' (Brak folderu w bazie)
[2026-08-06 12:38:43] [INFO] SYMULACJA POMINIĘCIE: 'Lasek D12 profil R3 R1.5.tom' (Brak folderu w bazie)
[2026-08-06 12:38:43] [INFO] SYMULACJA POMINIĘCIE: 'LEPSY D12 Z3 LAMACZ.tom' (Brak folderu w bazie)
[2026-08-06 12:38:43] [INFO] SYMULACJA POMINIĘCIE: 'LESTOL D12 Z3 L80 WYK.tom' (Brak folderu w bazie)
[2026-08-06 12:38:43] [INFO] SYMULACJA POMINIĘCIE: 'MB TRADING FREZ D5.1x12 K34.63 Z2.tom' (Brak folderu w bazie)
[2026-08-06 12:38:43] [INFO] SYMULACJA POMINIĘCIE: 'MEJZA D12 R2 R2.5 Z2.tom' (Brak folderu w bazie)
[2026-08-06 12:38:43] [INFO] SYMULACJA POMINIĘCIE: 'METAL PROJECT PL D12 Z2 A2-1230.tom' (Brak folderu w bazie)
[2026-08-06 12:38:43] [INFO] SYMULACJA POMINIĘCIE: 'NM POLSKA FREZ D12 74.72st z2 LEWY.tom' (Brak folderu w bazie)
[2026-08-06 12:38:43] [INFO] SYMULACJA POMINIĘCIE: 'NM POLSKA FREZ D12 74.72st z2 PRAWY.tom' (Brak folderu w bazie)
[2026-08-06 12:38:43] [INFO] SYMULACJA POMINIĘCIE: 'OKLAND D12 Z2 A2-1235.tom' (Brak folderu w bazie)
[2026-08-06 12:38:43] [INFO] SYMULACJA POMINIĘCIE: 'PAGEN D12 Z2 A2-1230.tom' (Brak folderu w bazie)
[2026-08-06 12:38:43] [INFO] SYMULACJA POMINIĘCIE: 'PAMO D12 Z4 L90.tom' (Brak folderu w bazie)
[2026-08-06 12:38:43] [INFO] SYMULACJA POMINIĘCIE: 'PAMO D12.5 Z2 HW.tom' (Brak folderu w bazie)
[2026-08-06 12:38:43] [INFO] SYMULACJA POMINIĘCIE: 'PILCH D12 Z1 L32.tom' (Brak folderu w bazie)
[2026-08-06 12:38:43] [INFO] SYMULACJA POMINIĘCIE: 'PILCH FREZ D12x6 L9 Z2.tom' (Brak folderu w bazie)
[2026-08-06 12:38:43] [INFO] SYMULACJA POMINIĘCIE: 'PLAS-BUD D12 Z1 L35.tom' (Brak folderu w bazie)
[2026-08-06 12:38:43] [INFO] SYMULACJA POMINIĘCIE: 'PLASTBUD D12 Z1 A1-1250 NOWE.tom' (Brak folderu w bazie)
[2026-08-06 12:38:43] [INFO] SYMULACJA POMINIĘCIE: 'PLASTBUD FREZ D12 Z4 L25 HSS.tom' (Brak folderu w bazie)
[2026-08-06 12:38:43] [INFO] SYMULACJA POMINIĘCIE: 'PLASTBUD FREZ D12 Z4 L25 HW.tom' (Brak folderu w bazie)
[2026-08-06 12:38:43] [INFO] SYMULACJA POMINIĘCIE: 'POL-SKONE D12 Z3 LAMACZ.tom' (Brak folderu w bazie)
[2026-08-06 12:38:43] [INFO] SYMULACJA POMINIĘCIE: 'PORTA D12 Z4 JAK WIERTLO.tom' (Brak folderu w bazie)
[2026-08-06 12:38:43] [INFO] SYMULACJA POMINIĘCIE: 'ROZWADOWSKI D12 Z2 PROSTY PRZES.tom' (Brak folderu w bazie)
[2026-08-06 12:38:43] [INFO] SYMULACJA POMINIĘCIE: 'SCHWARz D12 Z1.tom' (Brak folderu w bazie)
[2026-08-06 12:38:43] [INFO] SYMULACJA POMINIĘCIE: 'SLOWINSCY D12 Z1 A1-1250 NOWE.tom' (Brak folderu w bazie)
[2026-08-06 12:38:43] [INFO] SYMULACJA POMINIĘCIE: 'SUPERDREW Z2+2 D12 L52.tom' (Brak folderu w bazie)
[2026-08-06 12:38:43] [INFO] SYMULACJA POMINIĘCIE: 'TABATH GROUP D12 profil R6 .tom' (Brak folderu w bazie)
[2026-08-06 12:38:43] [INFO] SYMULACJA POMINIĘCIE: 'TABATH GROUP D12 Z2 PROF R1 R1.5 LEWE.tom' (Brak folderu w bazie)
[2026-08-06 12:38:43] [INFO] SYMULACJA POMINIĘCIE: 'TABATH GROUP D12 Z2 PROF R1 R1.5 PRAWE.tom' (Brak folderu w bazie)
[2026-08-06 12:38:43] [INFO] SYMULACJA POMINIĘCIE: 'TABATH GROUP D12 Z2 PROF R1 R1.5.tom' (Brak folderu w bazie)
[2026-08-06 12:38:43] [INFO] SYMULACJA POMINIĘCIE: 'TABATH GROUP D12 Z2 PROF R1.5 R1.25 R1 LEWE.tom' (Brak folderu w bazie)
[2026-08-06 12:38:43] [INFO] SYMULACJA POMINIĘCIE: 'TABATH GROUP D12 Z2 PROF R1.5 R1.25 R1 PRAWE blad.tom' (Brak folderu w bazie)
[2026-08-06 12:38:43] [INFO] SYMULACJA POMINIĘCIE: 'TABATH GROUP D12 Z2 PROF R1.5 R1.25 R1 PRAWE.tom' (Brak folderu w bazie)
[2026-08-06 12:38:43] [INFO] SYMULACJA POMINIĘCIE: 'TABATH GROUP D12 Z2 PROF R2,25 R2 R1.75 LEWE.tom' (Brak folderu w bazie)
[2026-08-06 12:38:43] [INFO] SYMULACJA POMINIĘCIE: 'TABATH GROUP D12 Z2 PROF R2,25 R2 R1.75 PRAWE.tom' (Brak folderu w bazie)
[2026-08-06 12:38:43] [INFO] SYMULACJA POMINIĘCIE: 'UAB BALTIJOS D12 Z1 A1-1228 NOWE.tom' (Brak folderu w bazie)
[2026-08-06 12:38:43] [INFO] SYMULACJA POMINIĘCIE: 'UNITEC POLSKA D12 Z1 L50 .tom' (Brak folderu w bazie)
[2026-08-06 12:38:43] [INFO] SYMULACJA POMINIĘCIE: 'UNITEC POLSKA D12 Z1 L50 POLER.tom' (Brak folderu w bazie)
[2026-08-06 12:38:43] [INFO] SYMULACJA POMINIĘCIE: 'UNITEC POLSKA D12 Z1 L50.tom' (Brak folderu w bazie)
[2026-08-06 12:38:43] [INFO] SYMULACJA OK: 'VIP STUDIO MEBLI D12 R3.25 fazownik.tom' zakwalifikowany do '20 VIP STUDIO MEBLI'
[2026-08-06 12:38:43] [INFO] SYMULACJA POMINIĘCIE: 'WALDEMARO D12 Z2 A2-1285.tom' (Brak folderu w bazie)
[2026-08-06 12:38:43] [INFO] SYMULACJA POMINIĘCIE: 'WINTECH D12 Z2-PROSTY PRZESTAWIONY.tom' (Brak folderu w bazie)
[2026-08-06 12:38:43] [INFO] SYMULACJA POMINIĘCIE: 'WOJMARPLAST D12 Z2 A2-1235.tom' (Brak folderu w bazie)
[2026-08-06 12:38:43] [INFO] SYMULACJA POMINIĘCIE: 'WOODEN WORLD FREZ D12 Z2 LOLIPOP LEWY.tom' (Brak folderu w bazie)
[2026-08-06 12:38:43] [INFO] SYMULACJA POMINIĘCIE: 'JTECH -13- -Z2-PROSTY PRZESTAWIONY.tom' (Brak folderu w bazie)
[2026-08-06 12:38:43] [INFO] SYMULACJA POMINIĘCIE: 'JTECH D13-Z2-PROSTY PRZESTAWIONY.tom' (Brak folderu w bazie)
[2026-08-06 12:38:43] [INFO] SYMULACJA POMINIĘCIE: 'KM OKNO D13-L25-Z4-HW.tom' (Brak folderu w bazie)
[2026-08-06 12:38:43] [INFO] SYMULACJA POMINIĘCIE: 'MIGAS DOOR FREZ D13x6.5 Z2.tom' (Brak folderu w bazie)
[2026-08-06 12:38:43] [INFO] SYMULACJA POMINIĘCIE: 'NM POLSKA (VELUX) FREZ D13 Z3 L50.tom' (Brak folderu w bazie)
[2026-08-06 12:38:43] [INFO] SYMULACJA POMINIĘCIE: 'RP EUROPE D13.1 Z2 KULA SPEC.tom' (Brak folderu w bazie)
[2026-08-06 12:38:43] [INFO] SYMULACJA POMINIĘCIE: 'RP EUROPE D13.1 Z3 PROMIENIE.tom' (Brak folderu w bazie)
[2026-08-06 12:38:43] [INFO] SYMULACJA POMINIĘCIE: 'AMATI FREZ D14x8 Z2 PROSTY.tom' (Brak folderu w bazie)
[2026-08-06 12:38:43] [INFO] SYMULACJA POMINIĘCIE: 'CALVET D14.3 K10 L18 STOZ ODWR .tom' (Brak folderu w bazie)
[2026-08-06 12:38:43] [INFO] SYMULACJA POMINIĘCIE: 'CALVET D14.8 Z3 PROSTY R2 .tom' (Brak folderu w bazie)
[2026-08-06 12:38:43] [INFO] SYMULACJA POMINIĘCIE: 'DAL-TECH FREZ D14 Z4 TEOWY L4 DLUGA SZYJka.tom' (Brak folderu w bazie)
[2026-08-06 12:38:43] [INFO] SYMULACJA POMINIĘCIE: 'DAL-TECH FREZ D14 Z4 TEOWY L4.tom' (Brak folderu w bazie)
[2026-08-06 12:38:43] [INFO] SYMULACJA POMINIĘCIE: 'DALTECH D14 PROFIL 4,17x8,4x11,78.tom' (Brak folderu w bazie)
[2026-08-06 12:38:43] [INFO] SYMULACJA POMINIĘCIE: 'DREW JAR -Z2 D14 GWINT PP.tom' (Brak folderu w bazie)
[2026-08-06 12:38:43] [INFO] SYMULACJA POMINIĘCIE: 'FREZWID D14 Z4 KSZTALT.tom' (Brak folderu w bazie)
[2026-08-06 12:38:43] [INFO] SYMULACJA POMINIĘCIE: 'INVADO D14 Z3 L55 LEWO PRAWY.tom' (Brak folderu w bazie)
[2026-08-06 12:38:43] [INFO] SYMULACJA POMINIĘCIE: 'INVADO D14 Z3 L55 prawo lewy.tom' (Brak folderu w bazie)
[2026-08-06 12:38:43] [INFO] SYMULACJA POMINIĘCIE: 'LOBITIO B MECH D14 Z2 Frez nieprzelotowe.tom' (Brak folderu w bazie)
[2026-08-06 12:38:43] [INFO] SYMULACJA POMINIĘCIE: 'MALEC DARIUSZ D14.5x7.2 R3.tom' (Brak folderu w bazie)
[2026-08-06 12:38:43] [INFO] SYMULACJA POMINIĘCIE: 'NM POLSKA D14 Z3 L35.tom' (Brak folderu w bazie)
[2026-08-06 12:38:43] [INFO] SYMULACJA POMINIĘCIE: 'POL SKONE FREZ D14 Z2 PODCIECIE .tom' (Brak folderu w bazie)
[2026-08-06 12:38:43] [INFO] SYMULACJA POMINIĘCIE: 'PORTA D14 Z4 JAK WIERTLO.tom' (Brak folderu w bazie)
[2026-08-06 12:38:43] [INFO] SYMULACJA POMINIĘCIE: 'POWER TRAFO TABATH FREZ D14.1 Z4 L32 S4-ST.tom' (Brak folderu w bazie)
[2026-08-06 12:38:43] [INFO] SYMULACJA POMINIĘCIE: 'POZ BRUK D14 Z3 L155.tom' (Brak folderu w bazie)
[2026-08-06 12:38:43] [INFO] SYMULACJA POMINIĘCIE: 'STOLPAR D14x10 z3 .tom' (Brak folderu w bazie)
[2026-08-06 12:38:43] [INFO] SYMULACJA POMINIĘCIE: 'WALDEMARO D14 Z1 L30 FACETY POLER.tom' (Brak folderu w bazie)
[2026-08-06 12:38:43] [INFO] SYMULACJA POMINIĘCIE: 'BSGM FREZ D15 Z2 R9.5 PROF.tom' (Brak folderu w bazie)
[2026-08-06 12:38:43] [INFO] SYMULACJA POMINIĘCIE: 'BSGM FREZ SPIRALNY D15.5 Z2 R9.5 PROF.tom' (Brak folderu w bazie)
[2026-08-06 12:38:43] [INFO] SYMULACJA OK: 'DRUTEX D15 L45 Z3.tom' zakwalifikowany do '953 DRUTEX'
[2026-08-06 12:38:43] [INFO] SYMULACJA POMINIĘCIE: 'AR_DREW FREZ D16-Z3+3 L25x135 .tom' (Brak folderu w bazie)
[2026-08-06 12:38:43] [INFO] SYMULACJA POMINIĘCIE: 'AR_DREW FREZ D16-Z3+3 L25x135 poprawa zanizen.tom' (Brak folderu w bazie)
[2026-08-06 12:38:43] [INFO] SYMULACJA POMINIĘCIE: 'D16-Z2-VEKA OPORY-3,2x105st.tom' (Brak folderu w bazie)
[2026-08-06 12:38:43] [INFO] SYMULACJA POMINIĘCIE: 'FARO FREZ D16 Z3 L45 HW.tom' (Brak folderu w bazie)
[2026-08-06 12:38:43] [INFO] SYMULACJA POMINIĘCIE: 'FREZ D16 Z4 5stopni.tom' (Brak folderu w bazie)
[2026-08-06 12:38:43] [INFO] SYMULACJA OK: 'FREZWID D16 Z3 LAMACZ .tom' zakwalifikowany do 'ZP-28 FREZWID (SKLEP)'
[2026-08-06 12:38:43] [INFO] SYMULACJA POMINIĘCIE: 'FREZWID FREZ D16 Z3 K-30.tom' (Brak folderu w bazie)
[2026-08-06 12:38:43] [INFO] SYMULACJA POMINIĘCIE: 'GLOBAL DOORS AND WINDOWS KULA D16 L40.tom' (Brak folderu w bazie)
[2026-08-06 12:38:43] [INFO] SYMULACJA POMINIĘCIE: 'GOTYK D16 Z3-LAMACZ-HW.tom' (Brak folderu w bazie)
[2026-08-06 12:38:43] [INFO] SYMULACJA POMINIĘCIE: 'JANTAR STUDIO Z2 D16X1 R4 lut.tom' (Brak folderu w bazie)
[2026-08-06 12:38:43] [INFO] SYMULACJA POMINIĘCIE: 'JANTAR STUDIO Z2 D16X1 R5 lut.tom' (Brak folderu w bazie)
[2026-08-06 12:38:43] [INFO] SYMULACJA POMINIĘCIE: 'KAMIL D16 L80 LAMACZ.tom' (Brak folderu w bazie)
[2026-08-06 12:38:43] [INFO] SYMULACJA POMINIĘCIE: 'KEYLITE FREZ D16-Z3+3 L16x40 .tom' (Brak folderu w bazie)
[2026-08-06 12:38:43] [INFO] SYMULACJA POMINIĘCIE: 'KEYLITE FREZ D16-Z3+3 L40x100 .tom' (Brak folderu w bazie)
[2026-08-06 12:38:43] [INFO] SYMULACJA POMINIĘCIE: 'KOCZY D16 Z3-LAMACZ NOWY TYP.tom' (Brak folderu w bazie)
[2026-08-06 12:38:43] [INFO] SYMULACJA POMINIĘCIE: 'KRAK=MAL D16 Z2 LAMACZ LUTOWANY.tom' (Brak folderu w bazie)
[2026-08-06 12:38:43] [INFO] SYMULACJA POMINIĘCIE: 'Lasek D16 profil 90stopni.tom' (Brak folderu w bazie)
[2026-08-06 12:38:43] [INFO] SYMULACJA POMINIĘCIE: 'MALWOOD INSTRUMENTS D16 Z3 R684.7.tom' (Brak folderu w bazie)
[2026-08-06 12:38:43] [INFO] SYMULACJA POMINIĘCIE: 'MAR-TOM D16 L60 Z3 LAMACZ.tom' (Brak folderu w bazie)
[2026-08-06 12:38:43] [INFO] SYMULACJA POMINIĘCIE: 'MB TRADING D16-L27-Z3-lamacz.tom' (Brak folderu w bazie)
[2026-08-06 12:38:43] [INFO] SYMULACJA POMINIĘCIE: 'MB TRADING D16-L35-Z3-ALU-LEWY-C-land.tom' (Brak folderu w bazie)
[2026-08-06 12:38:43] [INFO] SYMULACJA POMINIĘCIE: 'MB TRADING D16-L35-Z3-lamacz.tom' (Brak folderu w bazie)
[2026-08-06 12:38:43] [INFO] SYMULACJA POMINIĘCIE: 'MEJZA D16 R2 2.5.tom' (Brak folderu w bazie)
[2026-08-06 12:38:43] [INFO] SYMULACJA POMINIĘCIE: 'MEJZA D16 Z3 L45 LAMACZ.tom' (Brak folderu w bazie)
[2026-08-06 12:38:43] [INFO] SYMULACJA POMINIĘCIE: 'MEJZA D25 R2 R9.tom' (Brak folderu w bazie)
[2026-08-06 12:38:43] [INFO] SYMULACJA OK: 'MTEHNIK FREZ D16 L32 Z3 HW.tom' zakwalifikowany do '214 MTEHNIK'
[2026-08-06 12:38:43] [INFO] SYMULACJA POMINIĘCIE: 'OKNA AMATI FREZ STOP  D6x16 Z2 poprawa.tom' (Brak folderu w bazie)
[2026-08-06 12:38:43] [INFO] SYMULACJA POMINIĘCIE: 'OKNA AMATI FREZ STOP  D6x16 Z2.tom' (Brak folderu w bazie)
[2026-08-06 12:38:43] [INFO] SYMULACJA POMINIĘCIE: 'ORTO-MED FREZ D16 Z2 L150 KULA.tom' (Brak folderu w bazie)
[2026-08-06 12:38:43] [INFO] SYMULACJA POMINIĘCIE: 'PLASTDREW D16 Z3 L45 LAMACZ.tom' (Brak folderu w bazie)
[2026-08-06 12:38:43] [INFO] SYMULACJA POMINIĘCIE: 'POL-SKONE D16x3.2 PROF.tom' (Brak folderu w bazie)
[2026-08-06 12:38:43] [INFO] SYMULACJA POMINIĘCIE: 'POLTING FOAM FAZOWNIK z4 D16.tom' (Brak folderu w bazie)
[2026-08-06 12:38:43] [INFO] SYMULACJA OK: 'PRESTIGE D16 Z2 R1 L20 LEWO PRAWY.tom' zakwalifikowany do '0'
[2026-08-06 12:38:43] [INFO] SYMULACJA POMINIĘCIE: 'PRESTIGE D16 Z3 KULA LEWO PRAWY.tom' (Brak folderu w bazie)
[2026-08-06 12:38:43] [INFO] SYMULACJA POMINIĘCIE: 'PRESTIGE D18 Z3 KULA LEWO PRAWY.tom' (Brak folderu w bazie)
[2026-08-06 12:38:43] [INFO] SYMULACJA POMINIĘCIE: 'PRESTIGE fazownik z4 D16.tom' (Brak folderu w bazie)
[2026-08-06 12:38:43] [INFO] SYMULACJA POMINIĘCIE: 'PRO-BAU D16x8 L13.3 R3 PROSTY.tom' (Brak folderu w bazie)
[2026-08-06 12:38:43] [INFO] SYMULACJA POMINIĘCIE: 'PRZ Stolarnia FREZ D16-Z3+3 L40x100 .tom' (Brak folderu w bazie)
[2026-08-06 12:38:43] [INFO] SYMULACJA POMINIĘCIE: 'QUERCUS D16 Z2 TEOWY v2.tom' (Brak folderu w bazie)
[2026-08-06 12:38:43] [INFO] SYMULACJA POMINIĘCIE: 'QUERCUS D16 Z2 TEOWY.tom' (Brak folderu w bazie)
[2026-08-06 12:38:43] [INFO] SYMULACJA POMINIĘCIE: 'RMP FREZ D16 Z2 41.8st SZPIC ok.tom' (Brak folderu w bazie)
[2026-08-06 12:38:43] [INFO] SYMULACJA POMINIĘCIE: 'RMP FREZ D16 Z2 41.8st SZPIC TEST2.tom' (Brak folderu w bazie)
[2026-08-06 12:38:43] [INFO] SYMULACJA POMINIĘCIE: 'RMP FREZ D16 Z2 41.8st SZPIC.tom' (Brak folderu w bazie)
[2026-08-06 12:38:43] [INFO] SYMULACJA POMINIĘCIE: 'S4-1640 D16 Z4 oryginal.tom' (Brak folderu w bazie)
[2026-08-06 12:38:43] [INFO] SYMULACJA POMINIĘCIE: 'S4-1640 D16 Z4.tom' (Brak folderu w bazie)
[2026-08-06 12:38:43] [INFO] SYMULACJA POMINIĘCIE: 'TABATH GROUP D16 Z2 PROF R3 R2.5 R2 LEWE.tom' (Brak folderu w bazie)
[2026-08-06 12:38:43] [INFO] SYMULACJA POMINIĘCIE: 'TABATH GROUP D16 Z2 PROF R3 R2.5 R2 PRAWE.tom' (Brak folderu w bazie)
[2026-08-06 12:38:43] [INFO] SYMULACJA POMINIĘCIE: 'TABATH GROUP D16 Z2 PROF R4 R3.5 LEWE.tom' (Brak folderu w bazie)
[2026-08-06 12:38:43] [INFO] SYMULACJA POMINIĘCIE: 'TABATH GROUP D16 Z2 PROF R4 R3.5 PRAWE.tom' (Brak folderu w bazie)
[2026-08-06 12:38:43] [INFO] SYMULACJA POMINIĘCIE: 'TABATH GROUP D16,5 Z5 K60 WSTECZNY.tom' (Brak folderu w bazie)
[2026-08-06 12:38:43] [INFO] SYMULACJA POMINIĘCIE: 'WALDEMARO D16 Z3+3 PILKOWY POZ-NEG.tom' (Brak folderu w bazie)
[2026-08-06 12:38:43] [INFO] SYMULACJA POMINIĘCIE: 'CALVET D17.1 Z3 PROSTY 15st zbierzny.tom' (Brak folderu w bazie)
[2026-08-06 12:38:43] [INFO] SYMULACJA POMINIĘCIE: 'DABOR 17,5x10,5 L11,5x20 HSS LEWE.tom' (Brak folderu w bazie)
[2026-08-06 12:38:43] [INFO] SYMULACJA POMINIĘCIE: 'DABOR 17,5x10,5 L11,5x20 HSS.tom' (Brak folderu w bazie)
[2026-08-06 12:38:43] [INFO] SYMULACJA POMINIĘCIE: 'JANTAR STUDIO Z2 D17X1 R6 lut.tom' (Brak folderu w bazie)
[2026-08-06 12:38:43] [INFO] SYMULACJA POMINIĘCIE: 'JANTAR STUDIO Z2 D18X1 R7 lut.tom' (Brak folderu w bazie)
[2026-08-06 12:38:43] [INFO] SYMULACJA POMINIĘCIE: 'D18_KAT45-STOPNI.tom' (Brak folderu w bazie)
[2026-08-06 12:38:43] [INFO] SYMULACJA POMINIĘCIE: 'florad d18x25 z3 l19.5.tom' (Brak folderu w bazie)
[2026-08-06 12:38:43] [INFO] SYMULACJA POMINIĘCIE: 'Frez teowy D18 K8 stozek Z4.tom' (Brak folderu w bazie)
[2026-08-06 12:38:43] [INFO] SYMULACJA POMINIĘCIE: 'MB TRADING D18 Z2 A2-1855.tom' (Brak folderu w bazie)
[2026-08-06 12:38:43] [INFO] SYMULACJA POMINIĘCIE: 'POWER TRAFO TABATH FREZ D18.2 Z4 L32 S4-ST.tom' (Brak folderu w bazie)
[2026-08-06 12:38:43] [INFO] SYMULACJA POMINIĘCIE: 'PRO-TECH D18x8 PRAWE 90 STOPNI.tom' (Brak folderu w bazie)
[2026-08-06 12:38:43] [INFO] SYMULACJA POMINIĘCIE: 'PRO-TECH D18x8 PRAWE.tom' (Brak folderu w bazie)
[2026-08-06 12:38:43] [INFO] SYMULACJA POMINIĘCIE: 'PROFIL D18 PRAWA pilka 3+3.tom' (Brak folderu w bazie)
[2026-08-06 12:38:43] [INFO] SYMULACJA POMINIĘCIE: 'TABATH GROUP D18 Z2 PROF R5 R4.5 LEWE.tom' (Brak folderu w bazie)
[2026-08-06 12:38:43] [INFO] SYMULACJA POMINIĘCIE: 'TABATH GROUP D18 Z2 PROF R5 R4.5 PRAWE.tom' (Brak folderu w bazie)
[2026-08-06 12:38:43] [INFO] SYMULACJA POMINIĘCIE: 'TABATH GROUP D18 Z5 TEOWY R1.25 HW.tom' (Brak folderu w bazie)
[2026-08-06 12:38:43] [INFO] SYMULACJA POMINIĘCIE: 'TRABCZYNSKI D18 Z3 LAMACZ.tom' (Brak folderu w bazie)
[2026-08-06 12:38:43] [INFO] SYMULACJA POMINIĘCIE: 'POZORSKI ANDRZEJ FREZ D19 Z1 .tom' (Brak folderu w bazie)
[2026-08-06 12:38:43] [INFO] SYMULACJA POMINIĘCIE: 'AFB DRZWI FREZ D20 Z2 R9.46.tom' (Brak folderu w bazie)
[2026-08-06 12:38:43] [INFO] SYMULACJA POMINIĘCIE: 'AGMAR D20 L105 Z3 LAMACZ-HW.tom' (Brak folderu w bazie)
[2026-08-06 12:38:43] [INFO] SYMULACJA POMINIĘCIE: 'amplast test.tom' (Brak folderu w bazie)
[2026-08-06 12:38:43] [INFO] SYMULACJA POMINIĘCIE: 'ANMAR Z2 D20X2 R1 R7 lut TEST.tom' (Brak folderu w bazie)
[2026-08-06 12:38:43] [INFO] SYMULACJA POMINIĘCIE: 'ANMAR Z2 D20X2 R1 R7 lut.tom' (Brak folderu w bazie)
[2026-08-06 12:38:43] [INFO] SYMULACJA POMINIĘCIE: 'BOBEK D20 Z4 R55.tom' (Brak folderu w bazie)
[2026-08-06 12:38:43] [INFO] SYMULACJA POMINIĘCIE: 'CALVET D20 Z6 R2 R2.tom' (Brak folderu w bazie)
[2026-08-06 12:38:43] [INFO] SYMULACJA POMINIĘCIE: 'CARRIS REELS FREZ D38.1 KULA L96.5 HSS.tom' (Brak folderu w bazie)
[2026-08-06 12:38:43] [INFO] SYMULACJA POMINIĘCIE: 'CARRIS REELS FREZ D50.8 KULA L96.5 HSS.tom' (Brak folderu w bazie)
[2026-08-06 12:38:43] [INFO] SYMULACJA POMINIĘCIE: 'Carris v1.tom' (Brak folderu w bazie)
[2026-08-06 12:38:43] [INFO] SYMULACJA POMINIĘCIE: 'CERAMET FREZ D30 Z4 K120 Fazownik.tom' (Brak folderu w bazie)
[2026-08-06 12:38:43] [INFO] SYMULACJA POMINIĘCIE: 'CERMONT D21 Z6.tom' (Brak folderu w bazie)
[2026-08-06 12:38:43] [INFO] SYMULACJA POMINIĘCIE: 'CERMONT D25 Z6.tom' (Brak folderu w bazie)
[2026-08-06 12:38:43] [INFO] SYMULACJA POMINIĘCIE: 'CERMONT D29 Z6.tom' (Brak folderu w bazie)
[2026-08-06 12:38:43] [INFO] SYMULACJA POMINIĘCIE: 'D20-Z2-PROSTY _R30.tom' (Brak folderu w bazie)
[2026-08-06 12:38:43] [INFO] SYMULACJA POMINIĘCIE: 'D25 Z3.tom' (Brak folderu w bazie)
[2026-08-06 12:38:43] [INFO] SYMULACJA POMINIĘCIE: 'DREW-PROD D100 L8 Z40 K125 OSTRZENIE.tom' (Brak folderu w bazie)
[2026-08-06 12:38:43] [INFO] SYMULACJA POMINIĘCIE: 'DREW-PROD D100 L8 Z40 K125 ROWKI JAKO LEWEtom.tom' (Brak folderu w bazie)
[2026-08-06 12:38:43] [INFO] SYMULACJA POMINIĘCIE: 'DREW-PROD D100 L8 Z40 K125.tom' (Brak folderu w bazie)
[2026-08-06 12:38:43] [INFO] SYMULACJA POMINIĘCIE: 'DREWEX 10X21.2 L20  HSS.tom' (Brak folderu w bazie)
[2026-08-06 12:38:43] [INFO] SYMULACJA POMINIĘCIE: 'DREWEX 17X23 L11.5 HSS.tom' (Brak folderu w bazie)
[2026-08-06 12:38:43] [INFO] SYMULACJA POMINIĘCIE: 'DREWEX 17X23 L18 HSS.tom' (Brak folderu w bazie)
[2026-08-06 12:38:43] [INFO] SYMULACJA POMINIĘCIE: 'DREWEX D27-Z2-R3 R17 R3.tom' (Brak folderu w bazie)
[2026-08-06 12:38:43] [INFO] SYMULACJA POMINIĘCIE: 'DRUTEX D20 L34 Z4 LAMACZ.tom' (Brak folderu w bazie)
[2026-08-06 12:38:43] [INFO] SYMULACJA POMINIĘCIE: 'DRUTEX D20 L38 Z4 LAMACZ.tom' (Brak folderu w bazie)
[2026-08-06 12:38:43] [INFO] SYMULACJA POMINIĘCIE: 'EUROCOLOR D20 Z4 L18.8.tom' (Brak folderu w bazie)
[2026-08-06 12:38:43] [INFO] SYMULACJA POMINIĘCIE: 'EUROCOLOR D20 Z4 L22,8.tom' (Brak folderu w bazie)
[2026-08-06 12:38:43] [INFO] SYMULACJA POMINIĘCIE: 'EUROPROFIL-B D20x1.4 R9.tom' (Brak folderu w bazie)
[2026-08-06 12:38:43] [INFO] SYMULACJA POMINIĘCIE: 'EXPRESS D36.6 Z12 zataczany test wersja 2.tom' (Brak folderu w bazie)
[2026-08-06 12:38:43] [INFO] SYMULACJA POMINIĘCIE: 'EXPRESS D36.6 Z12 zataczany test.tom' (Brak folderu w bazie)
[2026-08-06 12:38:43] [INFO] SYMULACJA POMINIĘCIE: 'EXPRESS D36.6 Z12 zataczany.tom' (Brak folderu w bazie)
[2026-08-06 12:38:43] [INFO] SYMULACJA POMINIĘCIE: 'FARO D20 Z4.tom' (Brak folderu w bazie)
[2026-08-06 12:38:43] [INFO] SYMULACJA POMINIĘCIE: 'FARO D25 d2.78 R10 Z2.tom' (Brak folderu w bazie)
[2026-08-06 12:38:43] [INFO] SYMULACJA POMINIĘCIE: 'FLORAD Frez D25x18 Z3 .tom' (Dwuznaczność (4 folderów))
[2026-08-06 12:38:43] [INFO] SYMULACJA POMINIĘCIE: 'FOLMAX D20 Z3.tom' (Brak folderu w bazie)
[2026-08-06 12:38:43] [INFO] SYMULACJA POMINIĘCIE: 'FOLMAX D20 Z4 LEWE.tom' (Brak folderu w bazie)
[2026-08-06 12:38:43] [INFO] SYMULACJA POMINIĘCIE: 'FOLMAX D20 Z4 prawe.tom' (Brak folderu w bazie)
[2026-08-06 12:38:43] [INFO] SYMULACJA POMINIĘCIE: 'FREZWID D20 Z4  DO REHAU TOTAL 70C.tom' (Brak folderu w bazie)
[2026-08-06 12:38:43] [INFO] SYMULACJA POMINIĘCIE: 'FREZWID D20 Z4 LAMACZ JAK KSZTALT v2.tom' (Brak folderu w bazie)
[2026-08-06 12:38:43] [INFO] SYMULACJA POMINIĘCIE: 'FREZWID D20 Z4 LAMACZ JAK KSZTALT.tom' (Brak folderu w bazie)
[2026-08-06 12:38:43] [INFO] SYMULACJA POMINIĘCIE: 'FREZWID D20 Z4 NOZYK REHAU.tom' (Brak folderu w bazie)
[2026-08-06 12:38:43] [INFO] SYMULACJA POMINIĘCIE: 'FREZWID D20 Z4+4 L3.tom' (Brak folderu w bazie)
[2026-08-06 12:38:43] [INFO] SYMULACJA POMINIĘCIE: 'FREZWID D25 z4 prosty.tom' (Brak folderu w bazie)
[2026-08-06 12:38:43] [INFO] SYMULACJA POMINIĘCIE: 'FREZWID FAZOWNIK D20 Z4 K60 (PPIO).tom' (Brak folderu w bazie)
[2026-08-06 12:38:43] [INFO] SYMULACJA POMINIĘCIE: 'FREZWID FAZOWNIK D20 Z4 K80 (PPIO).tom' (Brak folderu w bazie)
[2026-08-06 12:38:43] [INFO] SYMULACJA POMINIĘCIE: 'GT TOOLS FREZ D25 Z3 L150 Lamacz.tom' (Brak folderu w bazie)
[2026-08-06 12:38:43] [INFO] SYMULACJA POMINIĘCIE: 'JOZEF BAK GALANTERIA D20-Z2-R3.tom' (Brak folderu w bazie)
[2026-08-06 12:38:43] [INFO] SYMULACJA POMINIĘCIE: 'JR OKNA FREZ D25 Z2 K-15.tom' (Brak folderu w bazie)
[2026-08-06 12:38:43] [INFO] SYMULACJA POMINIĘCIE: 'KOBAX D20 L180 Z3.tom' (Brak folderu w bazie)
[2026-08-06 12:38:43] [INFO] SYMULACJA POMINIĘCIE: 'KOCZY Z2 D38 PROFIL R5.tom' (Dwuznaczność (3 folderów))
[2026-08-06 12:38:43] [INFO] SYMULACJA POMINIĘCIE: 'KUKA FREZ D23.9 Z2 R10XR10 LOZYSKO.tom' (Brak folderu w bazie)
[2026-08-06 12:38:43] [INFO] SYMULACJA POMINIĘCIE: 'LASEK D20 profil R15 R7.tom' (Brak folderu w bazie)
[2026-08-06 12:38:43] [INFO] SYMULACJA POMINIĘCIE: 'Monawi D20 z3.tom' (Brak folderu w bazie)
[2026-08-06 12:38:43] [INFO] SYMULACJA POMINIĘCIE: 'MOSUR MONIKA D26 Z4 L50 Z4 LAMACZ.tom' (Brak folderu w bazie)
[2026-08-06 12:38:43] [INFO] SYMULACJA POMINIĘCIE: 'NATURA NASADKA D21 120 PRAWA.tom' (Brak folderu w bazie)
[2026-08-06 12:38:43] [INFO] SYMULACJA POMINIĘCIE: 'NATURA NASADKA D30 120 PRAWA.tom' (Brak folderu w bazie)
[2026-08-06 12:38:43] [INFO] SYMULACJA POMINIĘCIE: 'NM POLSKA D20 L75 Z3 LAMACZ-HW.tom' (Brak folderu w bazie)
[2026-08-06 12:38:43] [INFO] SYMULACJA POMINIĘCIE: 'OL-DANS FREZ D60 Z8 L55 HSS.tom' (Brak folderu w bazie)
[2026-08-06 12:38:43] [INFO] SYMULACJA POMINIĘCIE: 'POL-SKONE D20X12 R6 PROF.tom' (Brak folderu w bazie)
[2026-08-06 12:38:43] [INFO] SYMULACJA POMINIĘCIE: 'POLTING FOAM D28,5 z4 R10 v2.tom' (Brak folderu w bazie)
[2026-08-06 12:38:43] [INFO] SYMULACJA POMINIĘCIE: 'POLTING FOAM D28,5 z4 R10.tom' (Brak folderu w bazie)
[2026-08-06 12:38:43] [INFO] SYMULACJA POMINIĘCIE: 'POLTING FOAM D52.6 z4 R20.tom' (Brak folderu w bazie)
[2026-08-06 12:38:43] [INFO] SYMULACJA POMINIĘCIE: 'POLTING FOAM FREZ D40 Z4.tom' (Brak folderu w bazie)
[2026-08-06 12:38:43] [INFO] SYMULACJA POMINIĘCIE: 'POWER TRAFO D25 Z2 PROF R7 R6.5 LEWE poprawione.tom' (Brak folderu w bazie)
[2026-08-06 12:38:43] [INFO] SYMULACJA POMINIĘCIE: 'POWER TRAFO D25 Z2 PROF R7 R6.5 LEWE.tom' (Brak folderu w bazie)
[2026-08-06 12:38:43] [INFO] SYMULACJA POMINIĘCIE: 'POWER TRAFO D25 Z2 PROF R7 R6.5 PRAWE.tom' (Brak folderu w bazie)
[2026-08-06 12:38:43] [INFO] SYMULACJA POMINIĘCIE: 'POWER TRAFO TABATH D18.2-L32-Z4-HW S4-1832.tom' (Brak folderu w bazie)
[2026-08-06 12:38:43] [INFO] SYMULACJA POMINIĘCIE: 'POZORSKI ANDRZEJ FREZ D22 Z1 .tom' (Brak folderu w bazie)
[2026-08-06 12:38:43] [INFO] SYMULACJA POMINIĘCIE: 'PRESTIGE D20 Z3 KULA LEWO PRAWY.tom' (Brak folderu w bazie)
[2026-08-06 12:38:43] [INFO] SYMULACJA POMINIĘCIE: 'PREZMET D20 LEWA pilka 6+6 otwor.tom' (Brak folderu w bazie)
[2026-08-06 12:38:43] [INFO] SYMULACJA POMINIĘCIE: 'PREZMET D20 LEWA pilka 6+6.tom' (Dwuznaczność (4 folderów))
[2026-08-06 12:38:43] [INFO] SYMULACJA POMINIĘCIE: 'PREZMET D20 LEWA pilka ostrzenie.tom' (Brak folderu w bazie)
[2026-08-06 12:38:43] [INFO] SYMULACJA POMINIĘCIE: 'PREZMET D20 PRAWA pilka 6+6 otwor.tom' (Brak folderu w bazie)
[2026-08-06 12:38:43] [INFO] SYMULACJA POMINIĘCIE: 'PREZMET D20 PRAWA pilka 6+6.tom' (Dwuznaczność (5 folderów))
[2026-08-06 12:38:43] [INFO] SYMULACJA POMINIĘCIE: 'PREZMET D20 PRAWA pilka ostrzenie.tom' (Brak folderu w bazie)
[2026-08-06 12:38:43] [INFO] SYMULACJA POMINIĘCIE: 'PROFI-TOOL FREZ D30 Z2 K-45.tom' (Brak folderu w bazie)
[2026-08-06 12:38:43] [INFO] SYMULACJA POMINIĘCIE: 'PROFI-TOOL FREZ D30 Z2 v2 K-45.tom' (Brak folderu w bazie)
[2026-08-06 12:38:43] [INFO] SYMULACJA POMINIĘCIE: 'SCHODY TRABCZYNSKI D25 Z3 L120.tom' (Brak folderu w bazie)
[2026-08-06 12:38:43] [INFO] SYMULACJA POMINIĘCIE: 'SEGER DLA ABB FREZ D25 Z3 L20.tom' (Brak folderu w bazie)
[2026-08-06 12:38:43] [INFO] SYMULACJA POMINIĘCIE: 'SEGER DLA ABB FREZ D30 Z3 L20.tom' (Brak folderu w bazie)
[2026-08-06 12:38:43] [INFO] SYMULACJA POMINIĘCIE: 'SIRO-BIELSKO D20-Z2 KSZTALT.tom' (Brak folderu w bazie)
[2026-08-06 12:38:43] [INFO] SYMULACJA POMINIĘCIE: 'SOLTYS-DREW D30 Z3 L40.tom' (Brak folderu w bazie)
[2026-08-06 12:38:43] [INFO] SYMULACJA POMINIĘCIE: 'SONAROL D20 PRAWA pilka 6+6.tom' (Brak folderu w bazie)
[2026-08-06 12:38:43] [INFO] SYMULACJA POMINIĘCIE: 'SPERL WERKZEUGTECHNIK D20 Z10 K12,5 WSTECZNY.tom' (Brak folderu w bazie)
[2026-08-06 12:38:43] [INFO] SYMULACJA POMINIĘCIE: 'STOLAR D20-Z2-R4.5.tom' (Brak folderu w bazie)
[2026-08-06 12:38:43] [INFO] SYMULACJA POMINIĘCIE: 'STOLMACH KULA D23 Z3 R11.5 HW.tom' (Brak folderu w bazie)
[2026-08-06 12:38:43] [INFO] SYMULACJA POMINIĘCIE: 'STOLPAR FREZ D25x16x10 Z3 KSZTALT czolo kula.tom' (Brak folderu w bazie)
[2026-08-06 12:38:43] [INFO] SYMULACJA POMINIĘCIE: 'STOLPAR FREZ D25x16x10 Z3 KSZTALT czolo proste.tom' (Brak folderu w bazie)
[2026-08-06 12:38:43] [INFO] SYMULACJA POMINIĘCIE: 'SURE FREZ D4xD30 K18 Z2.tom' (Brak folderu w bazie)
[2026-08-06 12:38:43] [INFO] SYMULACJA POMINIĘCIE: 'TABATH GROUP D20 Z2 PROF R6 R5.5 lewe.tom' (Brak folderu w bazie)
[2026-08-06 12:38:43] [INFO] SYMULACJA POMINIĘCIE: 'TABATH GROUP D20 Z2 PROF R6 R5.5 PRAWE.tom' (Brak folderu w bazie)
[2026-08-06 12:38:43] [INFO] SYMULACJA POMINIĘCIE: 'TABATH GROUP D20 Z5 TEOWY HW.tom' (Brak folderu w bazie)
[2026-08-06 12:38:43] [INFO] SYMULACJA POMINIĘCIE: 'TABATH GROUP D20x16 Z4 PROFIL PRAWE.tom' (Brak folderu w bazie)
[2026-08-06 12:38:43] [INFO] SYMULACJA POMINIĘCIE: 'TABATH GROUP D21 Z5 K60 WSTECZNY.tom' (Brak folderu w bazie)
[2026-08-06 12:38:43] [INFO] SYMULACJA POMINIĘCIE: 'TABATH GROUP D25 Z2 PROF R6.5 R7 PRAWE.tom' (Brak folderu w bazie)
[2026-08-06 12:38:43] [INFO] SYMULACJA POMINIĘCIE: 'TABATH GROUP D26 Z5 TEOWY HSS.tom' (Brak folderu w bazie)
[2026-08-06 12:38:43] [INFO] SYMULACJA POMINIĘCIE: 'TABATH GROUP D26 Z5 TEOWY HW.tom' (Brak folderu w bazie)
[2026-08-06 12:38:43] [INFO] SYMULACJA POMINIĘCIE: 'TABATH GROUP D28 Z5 TEOWY R1.25 HW.tom' (Brak folderu w bazie)
[2026-08-06 12:38:43] [INFO] SYMULACJA POMINIĘCIE: 'TECHNOFORM D25 L30 NIEPRZELOTOWE.tom' (Brak folderu w bazie)
[2026-08-06 12:38:43] [INFO] SYMULACJA POMINIĘCIE: 'TRABCZYNSKI D20 Z3 LAMACZ Z R.tom' (Brak folderu w bazie)
[2026-08-06 12:38:43] [INFO] SYMULACJA POMINIĘCIE: 'TWOGU D60 Z6 LAMACZ CZOLO.tom' (Brak folderu w bazie)
[2026-08-06 12:38:43] [INFO] SYMULACJA POMINIĘCIE: 'VENTO-NASADKA-D30.tom' (Brak folderu w bazie)
[2026-08-06 12:38:43] [INFO] SYMULACJA POMINIĘCIE: 'WISNIOWSKI FREZ D20 Z2 PROF LEWE.tom' (Brak folderu w bazie)
[2026-08-06 12:38:43] [INFO] SYMULACJA POMINIĘCIE: 'WISNIOWSKI FREZ D20 Z2 PROF PRAWE.tom' (Brak folderu w bazie)
[2026-08-06 12:38:43] [INFO] SYMULACJA POMINIĘCIE: 'WISNIOWSKI FREZ D20 Z2 PROF.tom' (Brak folderu w bazie)
[2026-08-06 12:38:43] [INFO] SYMULACJA POMINIĘCIE: 'WOOD GLASS TEAM D25 L45 Z3 LAMACZ-HW.tom' (Brak folderu w bazie)
[2026-08-06 12:38:43] [INFO] SYMULACJA POMINIĘCIE: 'WOODEN WORLD FREZ D32 Z4 L2 PIŁKOWY.tom' (Brak folderu w bazie)
[2026-08-06 12:38:43] [INFO] SYMULACJA POMINIĘCIE: 'ZAKLAD MECHANICZNO REMONTOWY D23 Z3 R17.63  Z3.tom' (Brak folderu w bazie)
[2026-08-06 12:38:43] [INFO] SYMULACJA POMINIĘCIE: 'ZWARA D20-Z3 L160-HWW.tom' (Brak folderu w bazie)
[2026-08-06 12:38:43] [INFO] SYMULACJA POMINIĘCIE: 'EXPRESS BK1_1 aktualnyProfil.tom' (Brak folderu w bazie)
[2026-08-06 12:38:43] [INFO] SYMULACJA POMINIĘCIE: 'EXPRESS BK1_2 aktualnyProfil.tom' (Brak folderu w bazie)
[2026-08-06 12:38:43] [INFO] SYMULACJA POMINIĘCIE: 'EXPRESS EUP-1-aktualnyProfil.tom' (Brak folderu w bazie)
[2026-08-06 12:38:43] [INFO] SYMULACJA POMINIĘCIE: 'EXPRESS EUP-2-aktualnyProfil.tom' (Brak folderu w bazie)
[2026-08-06 12:38:43] [INFO] SYMULACJA POMINIĘCIE: 'EXPRESS EPU_1.tom' (Brak folderu w bazie)
[2026-08-06 12:38:43] [INFO] SYMULACJA POMINIĘCIE: 'EXPRESS EPU_2.tom' (Brak folderu w bazie)
[2026-08-06 12:38:43] [INFO] SYMULACJA POMINIĘCIE: 'EXPRESS EU11R_1 Z8.tom' (Brak folderu w bazie)
[2026-08-06 12:38:43] [INFO] SYMULACJA POMINIĘCIE: 'EXPRESS EU11R_1.tom' (Brak folderu w bazie)
[2026-08-06 12:38:43] [INFO] SYMULACJA POMINIĘCIE: 'EXPRESS EU5R_1 Z8.tom' (Brak folderu w bazie)
[2026-08-06 12:38:43] [INFO] SYMULACJA POMINIĘCIE: 'EXPRESS EU5R.tom' (Brak folderu w bazie)
[2026-08-06 12:38:43] [INFO] SYMULACJA POMINIĘCIE: 'EXPRESS EUP-1.tom' (Brak folderu w bazie)
[2026-08-06 12:38:43] [INFO] SYMULACJA POMINIĘCIE: 'EXPRESS EUP-2.tom' (Brak folderu w bazie)
[2026-08-06 12:38:43] [INFO] SYMULACJA POMINIĘCIE: 'EXPRESS UL-050_1bz.tom' (Brak folderu w bazie)
[2026-08-06 12:38:43] [INFO] SYMULACJA POMINIĘCIE: 'EXPRESS UL-050_2bz.tom' (Brak folderu w bazie)
[2026-08-06 12:38:43] [INFO] SYMULACJA POMINIĘCIE: 'EXPRESS 1 BK1_2.tom' (Brak folderu w bazie)
[2026-08-06 12:38:43] [INFO] SYMULACJA POMINIĘCIE: 'EXPRESS 10 UL-050._1.tom' (Brak folderu w bazie)
[2026-08-06 12:38:43] [INFO] SYMULACJA POMINIĘCIE: 'EXPRESS 2 WK55_2.tom' (Brak folderu w bazie)
[2026-08-06 12:38:43] [INFO] SYMULACJA POMINIĘCIE: 'EXPRESS 3 WK55_1.tom' (Brak folderu w bazie)
[2026-08-06 12:38:43] [INFO] SYMULACJA POMINIĘCIE: 'EXPRESS 4 TL.5_2.tom' (Brak folderu w bazie)
[2026-08-06 12:38:43] [INFO] SYMULACJA POMINIĘCIE: 'EXPRESS 5 BO_1.tom' (Brak folderu w bazie)
[2026-08-06 12:38:43] [INFO] SYMULACJA POMINIĘCIE: 'EXPRESS 6 BO_2.tom' (Brak folderu w bazie)
[2026-08-06 12:38:43] [INFO] SYMULACJA POMINIĘCIE: 'EXPRESS 7 TL.5_1.tom' (Brak folderu w bazie)
[2026-08-06 12:38:43] [INFO] SYMULACJA POMINIĘCIE: 'EXPRESS 8 BK1_1.tom' (Brak folderu w bazie)
[2026-08-06 12:38:43] [INFO] SYMULACJA POMINIĘCIE: 'EXPRESS 9 UL-050._2.tom' (Brak folderu w bazie)
[2026-08-06 12:38:43] [INFO] SYMULACJA POMINIĘCIE: 'EXPRESS D36.6 z14 ROWKI.tom' (Brak folderu w bazie)
[2026-08-06 12:38:43] [INFO] SYMULACJA POMINIĘCIE: 'DAKO 14X35 Z2.tom' (Brak folderu w bazie)
[2026-08-06 12:38:43] [INFO] SYMULACJA POMINIĘCIE: 'DAKO 14X46 Z2 test.tom' (Brak folderu w bazie)
[2026-08-06 12:38:43] [INFO] SYMULACJA POMINIĘCIE: 'DAKO 14X46 Z2.tom' (Brak folderu w bazie)
[2026-08-06 12:38:43] [INFO] SYMULACJA POMINIĘCIE: 'FARO D22X35 R6 Z2.tom' (Brak folderu w bazie)
[2026-08-06 12:38:43] [INFO] SYMULACJA POMINIĘCIE: 'BARTYN FREZ D3.5 x D8 Z2.tom' (Brak folderu w bazie)
[2026-08-06 12:38:43] [INFO] SYMULACJA POMINIĘCIE: 'DOBRY STOLARZ FREZ D3 Z3 L10.tom' (Brak folderu w bazie)
[2026-08-06 12:38:43] [INFO] SYMULACJA POMINIĘCIE: 'EUROLEDLIGHTNING D3 Z1 A1-312 NOWE.tom' (Brak folderu w bazie)
[2026-08-06 12:38:43] [INFO] SYMULACJA POMINIĘCIE: 'FENDOORS D3.5 L15 Z1  .tom' (Brak folderu w bazie)
[2026-08-06 12:38:43] [INFO] SYMULACJA POMINIĘCIE: 'FOREST D3 L10 Z1  HW POLER.tom' (Brak folderu w bazie)
[2026-08-06 12:38:43] [INFO] SYMULACJA POMINIĘCIE: 'KOBIERSKI R1.5 L35.6 15 STOPNI.tom' (Brak folderu w bazie)
[2026-08-06 12:38:43] [INFO] SYMULACJA POMINIĘCIE: 'NORDPRIM D3.2 L20 Z2 HW.tom' (Brak folderu w bazie)
[2026-08-06 12:38:43] [INFO] SYMULACJA POMINIĘCIE: 'NORDPRIM D3.2 Z2 HW.tom' (Brak folderu w bazie)
[2026-08-06 12:38:43] [INFO] SYMULACJA POMINIĘCIE: 'PEGAZ D3 Z3 L10.tom' (Brak folderu w bazie)
[2026-08-06 12:38:43] [INFO] SYMULACJA POMINIĘCIE: 'PREZS-MET D3 Z2 L12 LEWY A2-ALU.tom' (Brak folderu w bazie)
[2026-08-06 12:38:43] [INFO] SYMULACJA POMINIĘCIE: 'PREZS-MET D3 Z2 L20 LEWY A2-ALU.tom' (Brak folderu w bazie)
[2026-08-06 12:38:43] [INFO] SYMULACJA POMINIĘCIE: 'WALDEMARO D3 Z1 L15  PRAWE POLER .tom' (Brak folderu w bazie)
[2026-08-06 12:38:43] [INFO] SYMULACJA POMINIĘCIE: 'WND D3.2 Z2 LHW.tom' (Brak folderu w bazie)
[2026-08-06 12:38:43] [INFO] SYMULACJA POMINIĘCIE: 'ALUKO D4 L24 Z1 .tom' (Brak folderu w bazie)
[2026-08-06 12:38:43] [INFO] SYMULACJA POMINIĘCIE: 'ALUKO D4 Z1 L24 PRAWE POLER .tom' (Brak folderu w bazie)
[2026-08-06 12:38:43] [INFO] SYMULACJA POMINIĘCIE: 'ALWIS D4 Z1 L7 POLEROWANY.tom' (Brak folderu w bazie)
[2026-08-06 12:38:43] [INFO] SYMULACJA POMINIĘCIE: 'ATUT D4 Z1 A1-425 NG.tom' (Brak folderu w bazie)
[2026-08-06 12:38:43] [INFO] SYMULACJA POMINIĘCIE: 'D4-L20-Z1-HS-NA 80-SKLEP.tom' (Brak folderu w bazie)
[2026-08-06 12:38:43] [INFO] SYMULACJA POMINIĘCIE: 'DAJ-PLAST D4 Z1 L40 JAK WIERTLO OK.tom' (Brak folderu w bazie)
[2026-08-06 12:38:43] [INFO] SYMULACJA POMINIĘCIE: 'DAKO D4 L20 PRAWE POLER JW.tom' (Brak folderu w bazie)
[2026-08-06 12:38:43] [INFO] SYMULACJA POMINIĘCIE: 'DAKO D4 Z1 L20 PRAWE POLER n.tom' (Brak folderu w bazie)
[2026-08-06 12:38:43] [INFO] SYMULACJA OK: 'DRUTEX D2,6XD4.5 L3 Z1.tom' zakwalifikowany do '7 DRUTEX'
[2026-08-06 12:38:43] [INFO] SYMULACJA POMINIĘCIE: 'DRUTEX D3XD4 Z1.tom' (Brak folderu w bazie)
[2026-08-06 12:38:43] [INFO] SYMULACJA POMINIĘCIE: 'DRUTEX D4 Z1 L35 JAK WIERTLO OK.tom' (Brak folderu w bazie)
[2026-08-06 12:38:43] [INFO] SYMULACJA POMINIĘCIE: 'EUROLEDLIGHTING D4 Z1 A1-412 NG.tom' (Brak folderu w bazie)
[2026-08-06 12:38:43] [INFO] SYMULACJA POMINIĘCIE: 'FARO D4.4 L12 Z2.tom' (Brak folderu w bazie)
[2026-08-06 12:38:43] [INFO] SYMULACJA POMINIĘCIE: 'FENDOORS D4 L20 Z1  .tom' (Brak folderu w bazie)
[2026-08-06 12:38:43] [INFO] SYMULACJA POMINIĘCIE: 'FENDOORS D4 L20 Z1 .tom' (Brak folderu w bazie)
[2026-08-06 12:38:43] [INFO] SYMULACJA POMINIĘCIE: 'GABIT D4 L25 Z1 LUT.tom' (Brak folderu w bazie)
[2026-08-06 12:38:43] [INFO] SYMULACJA POMINIĘCIE: 'GLASS SPACE D4 Z1 A1-418 NG.tom' (Brak folderu w bazie)
[2026-08-06 12:38:43] [INFO] SYMULACJA POMINIĘCIE: 'HALUPCZOK D4.3 Z1 A1-4.320 NG.tom' (Brak folderu w bazie)
[2026-08-06 12:38:43] [INFO] SYMULACJA POMINIĘCIE: 'HALUPCZOK D4.3 Z1 A1-420 NG.tom' (Brak folderu w bazie)
[2026-08-06 12:38:43] [INFO] SYMULACJA POMINIĘCIE: 'IZABELLA LADA D4 GRAWER 45 STOPNI.tom' (Brak folderu w bazie)
[2026-08-06 12:38:43] [INFO] SYMULACJA POMINIĘCIE: 'IZO-PLAST D4 Z1 A1-416 NG.tom' (Brak folderu w bazie)
[2026-08-06 12:38:43] [INFO] SYMULACJA POMINIĘCIE: 'JARYS D4 Z1 A1-418 NOWE.tom' (Brak folderu w bazie)
[2026-08-06 12:38:43] [INFO] SYMULACJA POMINIĘCIE: 'JARYS D4 Z1 A1-425 LEWO-PRAWY NG.tom' (Brak folderu w bazie)
[2026-08-06 12:38:43] [INFO] SYMULACJA POMINIĘCIE: 'KOREM D4 Z1 A1-440 NOWE.tom' (Brak folderu w bazie)
[2026-08-06 12:38:43] [INFO] SYMULACJA POMINIĘCIE: 'M&D GROUP D4 Z1 A1-418 NG.tom' (Brak folderu w bazie)
[2026-08-06 12:38:43] [INFO] SYMULACJA POMINIĘCIE: 'MB TRADING D4 L20 Z3 A3-420 lamacz poler.tom' (Brak folderu w bazie)
[2026-08-06 12:38:43] [INFO] SYMULACJA POMINIĘCIE: 'MB TRADING D4-L13-Z3-lamacz.tom' (Brak folderu w bazie)
[2026-08-06 12:38:43] [INFO] SYMULACJA POMINIĘCIE: 'MTEHNIK D4 Z1 A1-418 NOWE.tom' (Brak folderu w bazie)
[2026-08-06 12:38:43] [INFO] SYMULACJA POMINIĘCIE: 'MULTISERW D4.6 Z2 PROF.tom' (Brak folderu w bazie)
[2026-08-06 12:38:43] [INFO] SYMULACJA POMINIĘCIE: 'NITUS D4 Z1 A1-435 NG.tom' (Brak folderu w bazie)
[2026-08-06 12:38:43] [INFO] SYMULACJA POMINIĘCIE: 'PLAS-BUD D4 L25 Z1  .tom' (Brak folderu w bazie)
[2026-08-06 12:38:43] [INFO] SYMULACJA POMINIĘCIE: 'PLAST BUD D4X15-Z1-HSS.tom' (Brak folderu w bazie)
[2026-08-06 12:38:43] [INFO] SYMULACJA POMINIĘCIE: 'PROFIMER D4 L10 Z1 .tom' (Brak folderu w bazie)
[2026-08-06 12:38:43] [INFO] SYMULACJA POMINIĘCIE: 'SURE D4 Z2 L50 36ST.tom' (Brak folderu w bazie)
[2026-08-06 12:38:43] [INFO] SYMULACJA POMINIĘCIE: 'SZCZYBELSKI D4.5 Z3 L19.tom' (Brak folderu w bazie)
[2026-08-06 12:38:43] [INFO] SYMULACJA POMINIĘCIE: 'TIMBER PLUS FREZ D4-Z2+2.tom' (Brak folderu w bazie)
[2026-08-06 12:38:43] [INFO] SYMULACJA POMINIĘCIE: 'WALDEMARO D4 Z1 L25.tom' (Brak folderu w bazie)
[2026-08-06 12:38:43] [INFO] SYMULACJA POMINIĘCIE: 'ABAKUS D5 L30 PRAWE POLER JW.tom' (Brak folderu w bazie)
[2026-08-06 12:38:43] [INFO] SYMULACJA POMINIĘCIE: 'ABAKUS D5 L34 PRAWE POLER JW.tom' (Brak folderu w bazie)
[2026-08-06 12:38:43] [INFO] SYMULACJA POMINIĘCIE: 'AKAR D5 Z1 L35 ODWOD.tom' (Brak folderu w bazie)
[2026-08-06 12:38:43] [INFO] SYMULACJA POMINIĘCIE: 'ALBUD D5 L40 Z1 HW.tom' (Brak folderu w bazie)
[2026-08-06 12:38:43] [INFO] SYMULACJA POMINIĘCIE: 'ALL WINDOWS D5 PRAWE JAK WIERTLO nowy typ.tom' (Brak folderu w bazie)
[2026-08-06 12:38:43] [INFO] SYMULACJA POMINIĘCIE: 'ALUDOR D5 Z1 L20.tom' (Brak folderu w bazie)
[2026-08-06 12:38:43] [INFO] SYMULACJA POMINIĘCIE: 'ALUKO D5 Z1 L24 PRAWE POLER .tom' (Brak folderu w bazie)
[2026-08-06 12:38:43] [INFO] SYMULACJA POMINIĘCIE: 'ALUKO D5 Z1 L24 PRAWE.tom' (Brak folderu w bazie)
[2026-08-06 12:38:43] [INFO] SYMULACJA POMINIĘCIE: 'AMMA D5 Z1 A1-545 NOWE.tom' (Brak folderu w bazie)
[2026-08-06 12:38:43] [INFO] SYMULACJA POMINIĘCIE: 'AMMA FREZ D5 Z1 L25 PRAWE F1.tom' (Brak folderu w bazie)
[2026-08-06 12:38:43] [INFO] SYMULACJA POMINIĘCIE: 'ARLANGA D5 Z1 L40 FACETY n.tom' (Brak folderu w bazie)
[2026-08-06 12:38:43] [INFO] SYMULACJA POMINIĘCIE: 'D5 Z1 FACETY POLER.tom' (Brak folderu w bazie)
[2026-08-06 12:38:43] [INFO] SYMULACJA POMINIĘCIE: 'D5 Z1 FACETY.tom' (Brak folderu w bazie)
[2026-08-06 12:38:43] [INFO] SYMULACJA POMINIĘCIE: 'D5-L25-Z3-HS.tom' (Brak folderu w bazie)
[2026-08-06 12:38:43] [INFO] SYMULACJA POMINIĘCIE: 'D5-Z1-HW-SKLEP-5-8-100-S010.tom' (Brak folderu w bazie)
[2026-08-06 12:38:43] [INFO] SYMULACJA POMINIĘCIE: 'DAKO D5 L20 PRAWE POLER JW.tom' (Brak folderu w bazie)
[2026-08-06 12:38:43] [INFO] SYMULACJA POMINIĘCIE: 'DAKO D5 L20 PRAWE.tom' (Brak folderu w bazie)
[2026-08-06 12:38:43] [INFO] SYMULACJA POMINIĘCIE: 'DAKO D5 L30 Z1 SZYJKA L52.tom' (Brak folderu w bazie)
[2026-08-06 12:38:43] [INFO] SYMULACJA POMINIĘCIE: 'DAKO D5 L35 PRAWE POLER JW.tom' (Brak folderu w bazie)
[2026-08-06 12:38:43] [INFO] SYMULACJA POMINIĘCIE: 'DAKO D5 Z1 L20 PRAWE POLER n.tom' (Brak folderu w bazie)
[2026-08-06 12:38:43] [INFO] SYMULACJA POMINIĘCIE: 'DAKO D5 Z1 L30 HW CIETY.tom' (Brak folderu w bazie)
[2026-08-06 12:38:43] [INFO] SYMULACJA POMINIĘCIE: 'DREWNOPLAST NOZYK D5 v2.tom' (Brak folderu w bazie)
[2026-08-06 12:38:43] [INFO] SYMULACJA POMINIĘCIE: 'DREWNOPLAST NOZYK D5.tom' (Brak folderu w bazie)
[2026-08-06 12:38:43] [INFO] SYMULACJA POMINIĘCIE: 'DRUTEX D5  LEWE JAK WIERTLO nowy typ.tom' (Brak folderu w bazie)
[2026-08-06 12:38:43] [INFO] SYMULACJA POMINIĘCIE: 'DRUTEX D5 PRAWE JAK WIERTLO nowy typ.tom' (Brak folderu w bazie)
[2026-08-06 12:38:43] [INFO] SYMULACJA POMINIĘCIE: 'DRUTEX D5 Z4 L35.tom' (Brak folderu w bazie)
[2026-08-06 12:38:43] [INFO] SYMULACJA POMINIĘCIE: 'EKO-OKNA D5 L30 Z1 HW LEWE.tom' (Brak folderu w bazie)
[2026-08-06 12:38:43] [INFO] SYMULACJA POMINIĘCIE: 'EKO-OKNA D5 L40 Z1 HW PRAWE.tom' (Brak folderu w bazie)
[2026-08-06 12:38:43] [INFO] SYMULACJA POMINIĘCIE: 'EKOMAX D5 L40 Z1 HW.tom' (Brak folderu w bazie)
[2026-08-06 12:38:43] [INFO] SYMULACJA POMINIĘCIE: 'EUROCOLOR D5 L30 PRAWE POLER JW.tom' (Brak folderu w bazie)
[2026-08-06 12:38:43] [INFO] SYMULACJA POMINIĘCIE: 'EUROCOLOR D5 Z1 JAK WIERTLO NOWE CZOLO.tom' (Brak folderu w bazie)
[2026-08-06 12:38:43] [INFO] SYMULACJA POMINIĘCIE: 'FAKRO D5 L25 Z1-HW.tom' (Brak folderu w bazie)
[2026-08-06 12:38:43] [INFO] SYMULACJA POMINIĘCIE: 'FAKRO MIELEC D5 Z1 L28 PRAWE POLER n.tom' (Brak folderu w bazie)
[2026-08-06 12:38:43] [INFO] SYMULACJA POMINIĘCIE: 'FARO D5 L34 PRAWE JAK WIERTLO nowy typ.tom' (Brak folderu w bazie)
[2026-08-06 12:38:43] [INFO] SYMULACJA POMINIĘCIE: 'FENDOORS D5 Z1 L20.tom' (Brak folderu w bazie)
[2026-08-06 12:38:43] [INFO] SYMULACJA POMINIĘCIE: 'FER PLAST D5-L25-Z3-HS.tom' (Brak folderu w bazie)
[2026-08-06 12:38:43] [INFO] SYMULACJA POMINIĘCIE: 'FOREST D5 L25 Z1  HW.tom' (Brak folderu w bazie)
[2026-08-06 12:38:43] [INFO] SYMULACJA POMINIĘCIE: 'FOREST D5 L25 Z1 SZYJKA 55-HW.tom' (Brak folderu w bazie)
[2026-08-06 12:38:43] [INFO] SYMULACJA POMINIĘCIE: 'FOREST D5 L30 Z1  HW POLER.tom' (Brak folderu w bazie)
[2026-08-06 12:38:43] [INFO] SYMULACJA POMINIĘCIE: 'FOREST D5 L35 SZYJKA L55 JW.tom' (Brak folderu w bazie)
[2026-08-06 12:38:43] [INFO] SYMULACJA POMINIĘCIE: 'FOREST D5 L40 Z1 HW.tom' (Brak folderu w bazie)
[2026-08-06 12:38:43] [INFO] SYMULACJA POMINIĘCIE: 'FOREST D5 Z1 FACETY POLER.tom' (Brak folderu w bazie)
[2026-08-06 12:38:43] [INFO] SYMULACJA POMINIĘCIE: 'FREZWID(PSEB) D5 L30 PRAWE JW K120.tom' (Brak folderu w bazie)
[2026-08-06 12:38:43] [INFO] SYMULACJA POMINIĘCIE: 'FREZWID(SKLEP) D5 L30 LEWE JW (WG5FSTHW02_000019 TT-028L).tom' (Brak folderu w bazie)
[2026-08-06 12:38:43] [INFO] SYMULACJA OK: 'FREZWID(SKLEP) D5 L30 PRAWE JW.tom' zakwalifikowany do 'BST-1 FREZWID'
[2026-08-06 12:38:43] [INFO] SYMULACJA POMINIĘCIE: 'FREZWID(SKLEP) D5 L30 PRAWEn.tom' (Brak folderu w bazie)
[2026-08-06 12:38:43] [INFO] SYMULACJA POMINIĘCIE: 'GLASS SPACE D5 Z1 A1-518 NG.tom' (Brak folderu w bazie)
[2026-08-06 12:38:43] [INFO] SYMULACJA POMINIĘCIE: 'HANNECARD D5,5 KSZTALT R2 R3 K10 HW.tom' (Brak folderu w bazie)
[2026-08-06 12:38:43] [INFO] SYMULACJA POMINIĘCIE: 'HANNECARD D5.5 R3xR2 L5.3.tom' (Brak folderu w bazie)
[2026-08-06 12:38:43] [INFO] SYMULACJA POMINIĘCIE: 'HENSFORD D5 L25 POLER LEWE JW.tom' (Brak folderu w bazie)
[2026-08-06 12:38:43] [INFO] SYMULACJA POMINIĘCIE: 'HENSFORD D5 L25 PRAWE JW.tom' (Brak folderu w bazie)
[2026-08-06 12:38:43] [INFO] SYMULACJA POMINIĘCIE: 'HENSFORD D5 L40 A1-ALU NV.tom' (Brak folderu w bazie)
[2026-08-06 12:38:43] [INFO] SYMULACJA POMINIĘCIE: 'HENSFORD D5 Z1 A1-540 NOWE.tom' (Brak folderu w bazie)
[2026-08-06 12:38:43] [INFO] SYMULACJA POMINIĘCIE: 'HENSFORD D5x3 L30 PRAWE JW.tom' (Brak folderu w bazie)
[2026-08-06 12:38:43] [INFO] SYMULACJA POMINIĘCIE: 'IZO-PLAST D5 Z1 A1-516 NG.tom' (Brak folderu w bazie)
[2026-08-06 12:38:43] [INFO] SYMULACJA POMINIĘCIE: 'JARYS D5 Z1 A1-518 NOWE.tom' (Brak folderu w bazie)
[2026-08-06 12:38:43] [INFO] SYMULACJA POMINIĘCIE: 'JARYS D5 Z1 A1-525 LEWO-PRAWY NG.tom' (Brak folderu w bazie)
[2026-08-06 12:38:43] [INFO] SYMULACJA POMINIĘCIE: 'JOCZ D5 Z1 L40 JW.tom' (Brak folderu w bazie)
[2026-08-06 12:38:43] [INFO] SYMULACJA POMINIĘCIE: 'JUSTA BIS FREZ D5x2.7 prawo lewy Z1.tom' (Brak folderu w bazie)
[2026-08-06 12:38:43] [INFO] SYMULACJA POMINIĘCIE: 'KM-OKNO D5 L45 Z1-HW.tom' (Brak folderu w bazie)
[2026-08-06 12:38:43] [INFO] SYMULACJA POMINIĘCIE: 'KM-OKNO D5-L45-Z2-HW.tom' (Brak folderu w bazie)
[2026-08-06 12:38:43] [INFO] SYMULACJA POMINIĘCIE: 'KONSPO D5 Z1 A1-540 NG.tom' (Brak folderu w bazie)
[2026-08-06 12:38:43] [INFO] SYMULACJA POMINIĘCIE: 'KONSPO D5 Z1 L35 PROSTY NG.tom' (Brak folderu w bazie)
[2026-08-06 12:38:43] [INFO] SYMULACJA POMINIĘCIE: 'KĘPA D5 Z4 L35.tom' (Brak folderu w bazie)
[2026-08-06 12:38:43] [INFO] SYMULACJA POMINIĘCIE: 'MARAND D5 Z1 A1-525 NOWE.tom' (Brak folderu w bazie)
[2026-08-06 12:38:43] [INFO] SYMULACJA POMINIĘCIE: 'MASTERTOM D5 Z1 A1-540 NOWE.tom' (Brak folderu w bazie)
[2026-08-06 12:38:43] [INFO] SYMULACJA POMINIĘCIE: 'MATPLAST D5 L34 PRAWE JAK WIERTLO nowy typ.tom' (Brak folderu w bazie)
[2026-08-06 12:38:43] [INFO] SYMULACJA POMINIĘCIE: 'MC OKNA D5 Z1 L40 Prawo-lewy szpic.tom' (Brak folderu w bazie)
[2026-08-06 12:38:43] [INFO] SYMULACJA POMINIĘCIE: 'MITBAU D5 L25 Z1 HW.tom' (Brak folderu w bazie)
[2026-08-06 12:38:43] [INFO] SYMULACJA POMINIĘCIE: 'MITBAU D5 Z1 L25.tom' (Brak folderu w bazie)
[2026-08-06 12:38:43] [INFO] SYMULACJA POMINIĘCIE: 'MTEHNIK D5 L20 Z1-HW.tom' (Brak folderu w bazie)
[2026-08-06 12:38:43] [INFO] SYMULACJA POMINIĘCIE: 'MTEHNIK D5 L25 Z1 STHW.tom' (Dwuznaczność (2 folderów))
[2026-08-06 12:38:43] [INFO] SYMULACJA POMINIĘCIE: 'MTEHNIK D5 L40 PRAWE JWn.tom' (Brak folderu w bazie)
[2026-08-06 12:38:43] [INFO] SYMULACJA POMINIĘCIE: 'MTEHNIK D5 Z1 L40 JW PRAWE.tom' (Brak folderu w bazie)
[2026-08-06 12:38:43] [INFO] SYMULACJA POMINIĘCIE: 'NORDPRIM D5 Z1 L45 Prawo-lewy szpic.tom' (Brak folderu w bazie)
[2026-08-06 12:38:43] [INFO] SYMULACJA POMINIĘCIE: 'OKBUD D5 L25 PRAWE POLER Jw.tom' (Brak folderu w bazie)
[2026-08-06 12:38:43] [INFO] SYMULACJA POMINIĘCIE: 'OKBUD D5 L35 PRAWE POLER JW.tom' (Brak folderu w bazie)
[2026-08-06 12:38:43] [INFO] SYMULACJA POMINIĘCIE: 'OKBUD D5 L35 PRAWE POLER MONOLIT JW.tom' (Brak folderu w bazie)
[2026-08-06 12:38:43] [INFO] SYMULACJA POMINIĘCIE: 'OKBUD D5 L35 SZYJKA L45 JW.tom' (Brak folderu w bazie)
[2026-08-06 12:38:43] [INFO] SYMULACJA POMINIĘCIE: 'OKNO-POL D5 Z1 L20 HSS.tom' (Brak folderu w bazie)
[2026-08-06 12:38:43] [INFO] SYMULACJA POMINIĘCIE: 'OKNOPLUS D5 L25 Z3 HW.tom' (Brak folderu w bazie)
[2026-08-06 12:38:43] [INFO] SYMULACJA POMINIĘCIE: 'OKNOPLUS D5 L40 Z3 HW.tom' (Brak folderu w bazie)
[2026-08-06 12:38:43] [INFO] SYMULACJA POMINIĘCIE: 'PAGEN D5 Z1 L40 PRAWE POLER n.tom' (Brak folderu w bazie)
[2026-08-06 12:38:43] [INFO] SYMULACJA POMINIĘCIE: 'PAMO D5 L25 Z3 hss.tom' (Brak folderu w bazie)
[2026-08-06 12:38:43] [INFO] SYMULACJA POMINIĘCIE: 'PAMO D5 Z1 A1-540 NOWE.tom' (Brak folderu w bazie)
[2026-08-06 12:38:43] [INFO] SYMULACJA POMINIĘCIE: 'PETECKI INVESTMENT D5 L45 PRAWE JWn.tom' (Brak folderu w bazie)
[2026-08-06 12:38:43] [INFO] SYMULACJA POMINIĘCIE: 'PETECKI INVESTMENT D5 Z1 A1-530 NOWE.tom' (Brak folderu w bazie)
[2026-08-06 12:38:43] [INFO] SYMULACJA POMINIĘCIE: 'PLAST BUD D5X16-Z1-HSS.tom' (Brak folderu w bazie)
[2026-08-06 12:38:43] [INFO] SYMULACJA POMINIĘCIE: 'PLASTBUD D5 JAK WIERTLO nowy typ.tom' (Brak folderu w bazie)
[2026-08-06 12:38:43] [INFO] SYMULACJA POMINIĘCIE: 'PLASTBUD D5 L25 Z1-HW.tom' (Brak folderu w bazie)
[2026-08-06 12:38:43] [INFO] SYMULACJA POMINIĘCIE: 'PREZMET D5 Z2 L15 LEWA.tom' (Brak folderu w bazie)
[2026-08-06 12:38:43] [INFO] SYMULACJA POMINIĘCIE: 'PREZMET D5 Z2 L15.tom' (Brak folderu w bazie)
[2026-08-06 12:38:43] [INFO] SYMULACJA POMINIĘCIE: 'PROFILINE D5.5 L35 Z1-HW.tom' (Brak folderu w bazie)
[2026-08-06 12:38:43] [INFO] SYMULACJA POMINIĘCIE: 'PROFILOPLAST D5 L27 PRAWE POLER JW.tom' (Brak folderu w bazie)
[2026-08-06 12:38:43] [INFO] SYMULACJA POMINIĘCIE: 'PROFIMER D5 L10 Z1 .tom' (Brak folderu w bazie)
[2026-08-06 12:38:43] [INFO] SYMULACJA POMINIĘCIE: 'PROFIMER D5 L20 Z1 .tom' (Brak folderu w bazie)
[2026-08-06 12:38:43] [INFO] SYMULACJA POMINIĘCIE: 'ROLETEX D5 L20 Z3.tom' (Brak folderu w bazie)
[2026-08-06 12:38:43] [INFO] SYMULACJA POMINIĘCIE: 'ROLF FENSTERBAU D5 L25 PRAWE JW.tom' (Brak folderu w bazie)
[2026-08-06 12:38:43] [INFO] SYMULACJA POMINIĘCIE: 'ROLF FENSTERBAU D5 L35 PRAWE JW.tom' (Brak folderu w bazie)
[2026-08-06 12:38:43] [INFO] SYMULACJA POMINIĘCIE: 'ROLF FENSTERBAU D5 Z1 L16 x55.tom' (Brak folderu w bazie)
[2026-08-06 12:38:43] [INFO] SYMULACJA POMINIĘCIE: 'ROLF FENSTERBAU D5 Z1 L18.tom' (Brak folderu w bazie)
[2026-08-06 12:38:43] [INFO] SYMULACJA POMINIĘCIE: 'ROLF FENSTERBAU D5 Z1 L25 x55.tom' (Brak folderu w bazie)
[2026-08-06 12:38:43] [INFO] SYMULACJA POMINIĘCIE: 'SC STROMTEH SRL D5 Z1 - A1.tom' (Brak folderu w bazie)
[2026-08-06 12:38:43] [INFO] SYMULACJA POMINIĘCIE: 'SEK MIROSLAW D5 Z1 L35 PROSTY NG.tom' (Brak folderu w bazie)
[2026-08-06 12:38:43] [INFO] SYMULACJA POMINIĘCIE: 'SEK MIROSLAW D5 Z1 L45 PROSTY NG.tom' (Brak folderu w bazie)
[2026-08-06 12:38:43] [INFO] SYMULACJA POMINIĘCIE: 'SEKO D5 Z1 A1-530 NG.tom' (Brak folderu w bazie)
[2026-08-06 12:38:43] [INFO] SYMULACJA POMINIĘCIE: 'SEKO D5 Z1 A1-535 NG.tom' (Brak folderu w bazie)
[2026-08-06 12:38:43] [INFO] SYMULACJA POMINIĘCIE: 'SEKO D5 Z2 L35 PROSTY PRZESTAWIONY-HS.tom' (Brak folderu w bazie)
[2026-08-06 12:38:43] [INFO] SYMULACJA POMINIĘCIE: 'SLASKA FABRYKA OKIEN D5 L25 JW.tom' (Brak folderu w bazie)
[2026-08-06 12:38:43] [INFO] SYMULACJA POMINIĘCIE: 'SLASKA FABRYKA OKIEN D5 L30  JW.tom' (Brak folderu w bazie)
[2026-08-06 12:38:43] [INFO] SYMULACJA POMINIĘCIE: 'SLASKA FABRYKA OKIEN D5 L30 SZYJKA JW.tom' (Brak folderu w bazie)
[2026-08-06 12:38:43] [INFO] SYMULACJA POMINIĘCIE: 'SLASKA FABRYKA OKIEN D5 L30 SZYJKA L52 JW.tom' (Brak folderu w bazie)
[2026-08-06 12:38:43] [INFO] SYMULACJA POMINIĘCIE: 'SLASKA FABRYKA OKIEN D5 L30 Z1-HW.tom' (Brak folderu w bazie)
[2026-08-06 12:38:43] [INFO] SYMULACJA POMINIĘCIE: 'SLASKA FABRYKA OKIEN D5 L35  JW.tom' (Brak folderu w bazie)
[2026-08-06 12:38:43] [INFO] SYMULACJA POMINIĘCIE: 'STOLLAR D5 L35 SZYJKA L55 JW.tom' (Brak folderu w bazie)
[2026-08-06 12:38:43] [INFO] SYMULACJA POMINIĘCIE: 'SZACH-MAT D5 Z1 A1-540 NOWE.tom' (Brak folderu w bazie)
[2026-08-06 12:38:43] [INFO] SYMULACJA POMINIĘCIE: 'UAB BALTIJOS D5 Z1 A1-540 NG.tom' (Brak folderu w bazie)
[2026-08-06 12:38:43] [INFO] SYMULACJA POMINIĘCIE: 'UNITEC D5 Z1 L45 PRAWE POLER n.tom' (Brak folderu w bazie)
[2026-08-06 12:38:43] [INFO] SYMULACJA POMINIĘCIE: 'UNITEC POLSKA D5 Z1 L35 FACETY.tom' (Brak folderu w bazie)
[2026-08-06 12:38:43] [INFO] SYMULACJA POMINIĘCIE: 'VIDOK  D5 Z1 L30 FACETY n.tom' (Brak folderu w bazie)
[2026-08-06 12:38:43] [INFO] SYMULACJA POMINIĘCIE: 'WALDEMARO D5 L35 Z4.tom' (Brak folderu w bazie)
[2026-08-06 12:38:43] [INFO] SYMULACJA POMINIĘCIE: 'WALDEMARO D5 Z1 L17 PRAWE POLER .tom' (Brak folderu w bazie)
[2026-08-06 12:38:43] [INFO] SYMULACJA POMINIĘCIE: 'WALDEMARO D5 Z1 L20  PRAWE POLER .tom' (Brak folderu w bazie)
[2026-08-06 12:38:43] [INFO] SYMULACJA POMINIĘCIE: 'WALDEMARO D5 Z4 L35.tom' (Brak folderu w bazie)
[2026-08-06 12:38:43] [INFO] SYMULACJA POMINIĘCIE: 'WISNIOWSKI D5 L30 PRAWE POLER MONOLIT JW V2.tom' (Brak folderu w bazie)
[2026-08-06 12:38:43] [INFO] SYMULACJA POMINIĘCIE: 'WISNIOWSKI D5 L30 PRAWE POLER MONOLIT JW.tom' (Brak folderu w bazie)
[2026-08-06 12:38:43] [INFO] SYMULACJA POMINIĘCIE: 'WISNIOWSKI D5 L35 PRAWE POLER MONOLIT JW.tom' (Brak folderu w bazie)
[2026-08-06 12:38:43] [INFO] SYMULACJA POMINIĘCIE: 'WOJMARPLAST D5 L35 SZYJKA JW.tom' (Brak folderu w bazie)
[2026-08-06 12:38:43] [INFO] SYMULACJA POMINIĘCIE: 'WOJMARPLAST D5 L35 SZYJKA L55 JW.tom' (Brak folderu w bazie)
[2026-08-06 12:38:43] [INFO] SYMULACJA POMINIĘCIE: 'WRZECIONO D5 Z1 L35 PROSTY NG.tom' (Brak folderu w bazie)
[2026-08-06 12:38:43] [INFO] SYMULACJA POMINIĘCIE: 'WRZECIONO D5 Z1 L45 PROSTY NG.tom' (Brak folderu w bazie)
[2026-08-06 12:38:43] [INFO] SYMULACJA POMINIĘCIE: 'WRZECIONO D5 Z1 PROSTY.tom' (Brak folderu w bazie)
[2026-08-06 12:38:43] [INFO] SYMULACJA POMINIĘCIE: 'WRZECIONO D5.2 Z1 L35 PROSTY NG.tom' (Brak folderu w bazie)
[2026-08-06 12:38:43] [INFO] SYMULACJA POMINIĘCIE: 'D5 L30 PRAWE c-land.tom' (Brak folderu w bazie)
[2026-08-06 12:38:43] [INFO] SYMULACJA POMINIĘCIE: 'D5 L30 PRAWE spirala.tom' (Brak folderu w bazie)
[2026-08-06 12:38:43] [INFO] SYMULACJA POMINIĘCIE: '10441 kapica D5 Z1 FACETY JAK WIERTLO-HW.tom' (Brak folderu w bazie)
[2026-08-06 12:38:43] [INFO] SYMULACJA POMINIĘCIE: 'ALL WINDOWS D5 JAK WIERTLO nowy typ.tom' (Brak folderu w bazie)
[2026-08-06 12:38:43] [INFO] SYMULACJA POMINIĘCIE: 'ALL WINDOWS D5 Z1 L35 JAK WIERTLO OK.tom' (Brak folderu w bazie)
[2026-08-06 12:38:43] [INFO] SYMULACJA POMINIĘCIE: 'D5-Z1-FZCETY- JAK WIERTLO.tom' (Brak folderu w bazie)
[2026-08-06 12:38:43] [INFO] SYMULACJA POMINIĘCIE: 'DRUTEX D5 Z1 L30 JAK WIERTLO OK.tom' (Brak folderu w bazie)
[2026-08-06 12:38:43] [INFO] SYMULACJA POMINIĘCIE: 'DRUTEX D5 Z1 L34 JAK WIERTLO OK.tom' (Brak folderu w bazie)
[2026-08-06 12:38:43] [INFO] SYMULACJA POMINIĘCIE: 'HENSFORD D5 Z1 FACETY JAK WIERT POLER .tom' (Brak folderu w bazie)
[2026-08-06 12:38:43] [INFO] SYMULACJA POMINIĘCIE: 'KAPICA D5 FACETY JAK WIERTLO.tom' (Brak folderu w bazie)
[2026-08-06 12:38:43] [INFO] SYMULACJA POMINIĘCIE: 'PLASTBUD D5 FACETY JAK WIERTLO ok.tom' (Brak folderu w bazie)
[2026-08-06 12:38:43] [INFO] SYMULACJA POMINIĘCIE: 'PPHU DELTA D5x3 l5.5 z2 jak wiertlo.tom' (Brak folderu w bazie)
[2026-08-06 12:38:43] [INFO] SYMULACJA OK: 'ALL WINDOWS D6 Z4 L L30 F1.0 CIETY.tom' zakwalifikowany do 'WYKONANIE MX7_ULTRA 02_07_26 20_09'
[2026-08-06 12:38:43] [INFO] SYMULACJA POMINIĘCIE: 'ALL WINDOWS D6 Z4 P L30 F1.0 CIETY.tom' (Brak folderu w bazie)
[2026-08-06 12:38:43] [INFO] SYMULACJA POMINIĘCIE: 'ALUKO D6 L24 Z1 HW POLER.tom' (Brak folderu w bazie)
[2026-08-06 12:38:43] [INFO] SYMULACJA POMINIĘCIE: 'AMMA D6 Z1 L30.tom' (Brak folderu w bazie)
[2026-08-06 12:38:43] [INFO] SYMULACJA POMINIĘCIE: 'ARM ANIELA SZUBA D6 Z4 S4-620.tom' (Brak folderu w bazie)
[2026-08-06 12:38:43] [INFO] SYMULACJA POMINIĘCIE: 'ART ELEGANCE Z3 D6 L 20 LEWY.tom' (Brak folderu w bazie)
[2026-08-06 12:38:43] [INFO] SYMULACJA POMINIĘCIE: 'BEWI D6 Z1 L30 FCTY.tom' (Brak folderu w bazie)
[2026-08-06 12:38:43] [INFO] SYMULACJA POMINIĘCIE: 'BEWI D6 Z1 L30 PRAWE.tom' (Brak folderu w bazie)
[2026-08-06 12:38:43] [INFO] SYMULACJA POMINIĘCIE: 'BEWI FREZ D6 Z2 L25 HW .tom' (Brak folderu w bazie)
[2026-08-06 12:38:43] [INFO] SYMULACJA POMINIĘCIE: 'BOGMAR BB D6 Z1 A1-615 NG.tom' (Brak folderu w bazie)
[2026-08-06 12:38:43] [INFO] SYMULACJA POMINIĘCIE: 'D6-Z1-FZCETY-Hss.tom' (Brak folderu w bazie)
[2026-08-06 12:38:43] [INFO] SYMULACJA POMINIĘCIE: 'DAKO NOZYK HW D6 .tom' (Brak folderu w bazie)
[2026-08-06 12:38:43] [INFO] SYMULACJA POMINIĘCIE: 'DRUTEX D6 L10 Z4 Lewe LC32.tom' (Brak folderu w bazie)
[2026-08-06 12:38:43] [INFO] SYMULACJA POMINIĘCIE: 'DRUTEX D6 L10 Z4 Prawe LC32.tom' (Brak folderu w bazie)
[2026-08-06 12:38:43] [INFO] SYMULACJA POMINIĘCIE: 'DRUTEX WIERTLO-D6-L15-D5PRAWE.tom' (Brak folderu w bazie)
[2026-08-06 12:38:43] [INFO] SYMULACJA POMINIĘCIE: 'EUROLEDLIGHTNING D6 Z1 A1-640 NG.tom' (Brak folderu w bazie)
[2026-08-06 12:38:43] [INFO] SYMULACJA POMINIĘCIE: 'FARO D6 Z1 A1-616 NOWE.tom' (Brak folderu w bazie)
[2026-08-06 12:38:43] [INFO] SYMULACJA POMINIĘCIE: 'FARO D6 Z2 K39 wsteczny PROFIL.tom' (Brak folderu w bazie)
[2026-08-06 12:38:43] [INFO] SYMULACJA POMINIĘCIE: 'FARO D6 Z2 L1,2.tom' (Brak folderu w bazie)
[2026-08-06 12:38:43] [INFO] SYMULACJA POMINIĘCIE: 'FARO D6 Z2 L2,5 PROFIL.tom' (Brak folderu w bazie)
[2026-08-06 12:38:43] [INFO] SYMULACJA POMINIĘCIE: 'FARO D6 Z2 PROSTY PROFIL.tom' (Brak folderu w bazie)
[2026-08-06 12:38:43] [INFO] SYMULACJA POMINIĘCIE: 'FARO D6 Z3 L21 prosty.tom' (Brak folderu w bazie)
[2026-08-06 12:38:43] [INFO] SYMULACJA POMINIĘCIE: 'FARO D6.3 Z2 LAMACZ KROTKI.tom' (Brak folderu w bazie)
[2026-08-06 12:38:43] [INFO] SYMULACJA POMINIĘCIE: 'FARO D6.4 Z2 LAMACZ KROTKItom.tom' (Brak folderu w bazie)
[2026-08-06 12:38:43] [INFO] SYMULACJA POMINIĘCIE: 'FARO KULA D6 Z2 .tom' (Brak folderu w bazie)
[2026-08-06 12:38:43] [INFO] SYMULACJA POMINIĘCIE: 'FARO KULA D6 Z2 NEGATYW.tom' (Brak folderu w bazie)
[2026-08-06 12:38:43] [INFO] SYMULACJA POMINIĘCIE: 'FENDOORS D6.5 Z1 L25.tom' (Brak folderu w bazie)
[2026-08-06 12:38:43] [INFO] SYMULACJA POMINIĘCIE: 'Frezwid D6 Z4 L v2.tom' (Brak folderu w bazie)
[2026-08-06 12:38:43] [INFO] SYMULACJA POMINIĘCIE: 'Frezwid D6 Z4 P v2.tom' (Brak folderu w bazie)
[2026-08-06 12:38:43] [INFO] SYMULACJA POMINIĘCIE: 'FREZWID FREZ D6 Z3 ZARYS.tom' (Brak folderu w bazie)
[2026-08-06 12:38:43] [INFO] SYMULACJA POMINIĘCIE: 'GLASS SPACE D6 Z1 A1-618 NG.tom' (Brak folderu w bazie)
[2026-08-06 12:38:43] [INFO] SYMULACJA POMINIĘCIE: 'HANNECARD D6 KSZTALT R2 HW.tom' (Brak folderu w bazie)
[2026-08-06 12:38:43] [INFO] SYMULACJA POMINIĘCIE: 'HANNECARD D6 KSZTALT R3 HW.tom' (Brak folderu w bazie)
[2026-08-06 12:38:43] [INFO] SYMULACJA POMINIĘCIE: 'KONAR PANYLO D6-Z3 czyszczarka 1.5 HSS.tom' (Brak folderu w bazie)
[2026-08-06 12:38:43] [INFO] SYMULACJA POMINIĘCIE: 'MB TRADING D6 L20 Z3 A3-620 lamacz poler.tom' (Brak folderu w bazie)
[2026-08-06 12:38:43] [INFO] SYMULACJA POMINIĘCIE: 'MB TRADING Noz D6 D0,5 L15 MIECZ 01.2025.tom' (Brak folderu w bazie)
[2026-08-06 12:38:43] [INFO] SYMULACJA POMINIĘCIE: 'MB TRADING Noz D6 D0,5 L25 MIECZ 01.2025.tom' (Brak folderu w bazie)
[2026-08-06 12:38:43] [INFO] SYMULACJA POMINIĘCIE: 'MB TRADING Noz D6 D0,5 L30 MIECZ 15.07.tom' (Brak folderu w bazie)
[2026-08-06 12:38:43] [INFO] SYMULACJA POMINIĘCIE: 'MTEHNIK D6 L20 Z1 .tom' (Brak folderu w bazie)
[2026-08-06 12:38:43] [INFO] SYMULACJA POMINIĘCIE: 'MTEHNIK D6 L30 Z1 .tom' (Brak folderu w bazie)
[2026-08-06 12:38:43] [INFO] SYMULACJA POMINIĘCIE: 'NADWOZIA PARTNER D6 L12 Z1 .tom' (Brak folderu w bazie)
[2026-08-06 12:38:43] [INFO] SYMULACJA POMINIĘCIE: 'NADWOZIA PARTNER D6 Z1 A1-615 NG.tom' (Brak folderu w bazie)
[2026-08-06 12:38:43] [INFO] SYMULACJA POMINIĘCIE: 'NITUS D6 Z3 L25 HSS.tom' (Brak folderu w bazie)
[2026-08-06 12:38:43] [INFO] SYMULACJA POMINIĘCIE: 'NM-POLSKA D6.5 L15 Z2 HW.tom' (Brak folderu w bazie)
[2026-08-06 12:38:43] [INFO] SYMULACJA POMINIĘCIE: 'OKNO-POL FREZ D6X3 Z2 HW .tom' (Brak folderu w bazie)
[2026-08-06 12:38:43] [INFO] SYMULACJA POMINIĘCIE: 'OKNOPOL FREZ D6.5 Z2.tom' (Brak folderu w bazie)
[2026-08-06 12:38:43] [INFO] SYMULACJA POMINIĘCIE: 'PAMO D6 L25 Z3 hss.tom' (Brak folderu w bazie)
[2026-08-06 12:38:43] [INFO] SYMULACJA POMINIĘCIE: 'PLOTCOMPLEX D6 NOZYK DO PAPIERU+SPLASZCZENIE.tom' (Brak folderu w bazie)
[2026-08-06 12:38:43] [INFO] SYMULACJA POMINIĘCIE: 'POL-SKONE FREZ D6 PRAWO-LEWY.tom' (Brak folderu w bazie)
[2026-08-06 12:38:43] [INFO] SYMULACJA POMINIĘCIE: 'POL-SKONE FREZ D6 Z2 KULA.tom' (Brak folderu w bazie)
[2026-08-06 12:38:43] [INFO] SYMULACJA POMINIĘCIE: 'PREZ-MET D6 Z3 L25 HSS.tom' (Brak folderu w bazie)
[2026-08-06 12:38:43] [INFO] SYMULACJA POMINIĘCIE: 'PRO-TECH FREZ KSZTALT 1X3X6.tom' (Brak folderu w bazie)
[2026-08-06 12:38:43] [INFO] SYMULACJA POMINIĘCIE: 'PROFILOPLAST D6 Z1 - A1 625.tom' (Brak folderu w bazie)
[2026-08-06 12:38:43] [INFO] SYMULACJA POMINIĘCIE: 'PROFIMER D6 L13 Z1 .tom' (Brak folderu w bazie)
[2026-08-06 12:38:43] [INFO] SYMULACJA POMINIĘCIE: 'SONAROL D6 L35 PRAWE JAK WIERTLO ok.tom' (Brak folderu w bazie)
[2026-08-06 12:38:43] [INFO] SYMULACJA POMINIĘCIE: 'SUPERDREW Z2+2 D6 L35.tom' (Brak folderu w bazie)
[2026-08-06 12:38:43] [INFO] SYMULACJA POMINIĘCIE: 'SZACH-MAT D6 Z1 A1-635 NOWE.tom' (Brak folderu w bazie)
[2026-08-06 12:38:43] [INFO] SYMULACJA POMINIĘCIE: 'TECHNOCAM D6.5 Z3 KULKA LOLIPOP.tom' (Brak folderu w bazie)
[2026-08-06 12:38:43] [INFO] SYMULACJA POMINIĘCIE: 'TIMBER WINDOWS D6 L20 Z2 R2.tom' (Brak folderu w bazie)
[2026-08-06 12:38:43] [INFO] SYMULACJA POMINIĘCIE: 'TMT POLIS D6 Z2+2 L 10x50.tom' (Brak folderu w bazie)
[2026-08-06 12:38:43] [INFO] SYMULACJA POMINIĘCIE: 'TOP-PLAST D6 Z4 S4-635.tom' (Brak folderu w bazie)
[2026-08-06 12:38:43] [INFO] SYMULACJA POMINIĘCIE: 'TRISTAR D6 Z3 2-STRONNY.tom' (Brak folderu w bazie)
[2026-08-06 12:38:43] [INFO] SYMULACJA POMINIĘCIE: 'TRISTAR D6 Z3 LEWY 2-STRONNY.tom' (Brak folderu w bazie)
[2026-08-06 12:38:43] [INFO] SYMULACJA POMINIĘCIE: 'UAB BALTIJOS D6 Z1 A1-614 NG.tom' (Brak folderu w bazie)
[2026-08-06 12:38:43] [INFO] SYMULACJA POMINIĘCIE: 'UNITEC D6 L20 Z1 HW POLER.tom' (Brak folderu w bazie)
[2026-08-06 12:38:43] [INFO] SYMULACJA POMINIĘCIE: 'WALDEMARO D5 Z4 S4-535.tom' (Brak folderu w bazie)
[2026-08-06 12:38:43] [INFO] SYMULACJA POMINIĘCIE: 'WALDEMARO D6 Z2 A2-630.tom' (Brak folderu w bazie)
[2026-08-06 12:38:43] [INFO] SYMULACJA POMINIĘCIE: 'WOJCIK D6 Z4 L13 S4-613.tom' (Brak folderu w bazie)
[2026-08-06 12:38:43] [INFO] SYMULACJA POMINIĘCIE: 'CALVET FREZ KULA D7 Z3 L4.3.tom' (Brak folderu w bazie)
[2026-08-06 12:38:43] [INFO] SYMULACJA POMINIĘCIE: 'D7 Z2 L17 PRAWO LEWY.tom' (Brak folderu w bazie)
[2026-08-06 12:38:43] [INFO] SYMULACJA POMINIĘCIE: 'DREWNOPLAST D7 Z2 L15 LEWO-PRAWY.tom' (Brak folderu w bazie)
[2026-08-06 12:38:43] [INFO] SYMULACJA POMINIĘCIE: 'ECUMASTER FREZ Z2 D7 45st WSTECZ.tom' (Brak folderu w bazie)
[2026-08-06 12:38:43] [INFO] SYMULACJA POMINIĘCIE: 'ESKO FREZ D7 Z2 L25.tom' (Brak folderu w bazie)
[2026-08-06 12:38:43] [INFO] SYMULACJA POMINIĘCIE: 'FILPLAST D7 z2 R3.5 PROF.tom' (Brak folderu w bazie)
[2026-08-06 12:38:43] [INFO] SYMULACJA POMINIĘCIE: 'GLASS SPACE D7 Z1 A1-714 NG.tom' (Brak folderu w bazie)
[2026-08-06 12:38:43] [INFO] SYMULACJA POMINIĘCIE: 'JARDREW D7 L65 PRZELOTOWE 60st.tom' (Brak folderu w bazie)
[2026-08-06 12:38:43] [INFO] SYMULACJA POMINIĘCIE: 'PAMO D7 Z4 L25.tom' (Brak folderu w bazie)
[2026-08-06 12:38:43] [INFO] SYMULACJA POMINIĘCIE: 'PROTECH D8 L35 PRZELOTOWE 60st.tom' (Brak folderu w bazie)
[2026-08-06 12:38:43] [INFO] SYMULACJA POMINIĘCIE: 'WALDEMARO D7 Z1 A1-740 NG.tom' (Brak folderu w bazie)
[2026-08-06 12:38:43] [INFO] SYMULACJA POMINIĘCIE: '4 HOME PLUS D8 Z1 A1-825 NOWE.tom' (Brak folderu w bazie)
[2026-08-06 12:38:43] [INFO] SYMULACJA POMINIĘCIE: '4 HOME PLUS D8 Z1 L25 PRAWEn.tom' (Brak folderu w bazie)
[2026-08-06 12:38:43] [INFO] SYMULACJA POMINIĘCIE: '4HOME D8 Z2 A2-830 .tom' (Brak folderu w bazie)
[2026-08-06 12:38:43] [INFO] SYMULACJA POMINIĘCIE: 'ABAKUS D8-Z3 czyszczarka 1.5 V2.tom' (Brak folderu w bazie)
[2026-08-06 12:38:43] [INFO] SYMULACJA POMINIĘCIE: 'ABAKUS D8-Z3 czyszczarka 1.5.tom' (Brak folderu w bazie)
[2026-08-06 12:38:43] [INFO] SYMULACJA POMINIĘCIE: 'AGAT PLUS D8 Z4 L45.tom' (Brak folderu w bazie)
[2026-08-06 12:38:43] [INFO] SYMULACJA POMINIĘCIE: 'AGAT PLUS dobra geometria D8 Z4 L45.tom' (Brak folderu w bazie)
[2026-08-06 12:38:43] [INFO] SYMULACJA POMINIĘCIE: 'ALBUD RSA D8 Z1 L19 HW POLER.tom' (Brak folderu w bazie)
[2026-08-06 12:38:43] [INFO] SYMULACJA POMINIĘCIE: 'ALBUD RSA D8 Z1 L24 HW POLER.tom' (Brak folderu w bazie)
[2026-08-06 12:38:43] [INFO] SYMULACJA POMINIĘCIE: 'ALU-FUTUR D8 Z1 A1-825 NOWE.tom' (Brak folderu w bazie)
[2026-08-06 12:38:43] [INFO] SYMULACJA POMINIĘCIE: 'ALUBAU D8 Z1 A1-814 .tom' (Brak folderu w bazie)
[2026-08-06 12:38:43] [INFO] SYMULACJA POMINIĘCIE: 'ALUKO D8 Z1 L24 PRAWE POLER n.tom' (Brak folderu w bazie)
[2026-08-06 12:38:43] [INFO] SYMULACJA POMINIĘCIE: 'ARKADA D8 Z1 A1-814 .tom' (Brak folderu w bazie)
[2026-08-06 12:38:43] [INFO] SYMULACJA POMINIĘCIE: 'BALTIJOS D8 Z1 A1-825 NOWE.tom' (Brak folderu w bazie)
[2026-08-06 12:38:43] [INFO] SYMULACJA POMINIĘCIE: 'BALTIJOS D8 Z1 A1-835 NOWE.tom' (Brak folderu w bazie)
[2026-08-06 12:38:43] [INFO] SYMULACJA POMINIĘCIE: 'BERTSCH D8 Z3 LAMACZ.tom' (Brak folderu w bazie)
[2026-08-06 12:38:43] [INFO] SYMULACJA POMINIĘCIE: 'BERTSCH FREZ D12-Z2+2 L5x22.tom' (Brak folderu w bazie)
[2026-08-06 12:38:43] [INFO] SYMULACJA POMINIĘCIE: 'BERTSCH FREZ D8-Z2+2 L5x22.tom' (Brak folderu w bazie)
[2026-08-06 12:38:43] [INFO] SYMULACJA POMINIĘCIE: 'bewi D8 Z1 L30 PRAWE.tom' (Brak folderu w bazie)
[2026-08-06 12:38:43] [INFO] SYMULACJA POMINIĘCIE: 'BEWI D8 Z2 A2-825.tom' (Brak folderu w bazie)
[2026-08-06 12:38:43] [INFO] SYMULACJA POMINIĘCIE: 'BEWI Z1 D8 L40 HW POLER.tom' (Brak folderu w bazie)
[2026-08-06 12:38:43] [INFO] SYMULACJA POMINIĘCIE: 'BEWI Z1 D8 L40 HW.tom' (Brak folderu w bazie)
[2026-08-06 12:38:43] [INFO] SYMULACJA POMINIĘCIE: 'BORKOWSKI MICHAL FREZ D8 Z2 L30.tom' (Brak folderu w bazie)
[2026-08-06 12:38:43] [INFO] SYMULACJA POMINIĘCIE: 'BRK WINDOWS D8 Z2 A2-830 .tom' (Brak folderu w bazie)
[2026-08-06 12:38:43] [INFO] SYMULACJA POMINIĘCIE: 'CALVET FREZ STOZ Z3 D8x12,19 K3 L40.tom' (Brak folderu w bazie)
[2026-08-06 12:38:43] [INFO] SYMULACJA POMINIĘCIE: 'CALVET FREZ STOZ Z3 D8x14.35 K10 L18.tom' (Brak folderu w bazie)
[2026-08-06 12:38:43] [INFO] SYMULACJA POMINIĘCIE: 'D8 L22 Z3 A3-822 DLA KACPRA.tom' (Brak folderu w bazie)
[2026-08-06 12:38:43] [INFO] SYMULACJA POMINIĘCIE: 'D8 Z1 FACETY.tom' (Brak folderu w bazie)
[2026-08-06 12:38:43] [INFO] SYMULACJA POMINIĘCIE: 'D8--Z1-HW-CZOLO POPRAWA.tom' (Brak folderu w bazie)
[2026-08-06 12:38:43] [INFO] SYMULACJA POMINIĘCIE: 'D8-L40-Z2-PROSTY PRZESTAWIONY-HW.tom' (Brak folderu w bazie)
[2026-08-06 12:38:43] [INFO] SYMULACJA POMINIĘCIE: 'D8-Z2-HSS-DRUTEX D8 Z2 (do odwodnien).tom' (Brak folderu w bazie)
[2026-08-06 12:38:43] [INFO] SYMULACJA POMINIĘCIE: 'DAK PLAST D8-L32-Z4-HW S4-830 120ST.tom' (Brak folderu w bazie)
[2026-08-06 12:38:43] [INFO] SYMULACJA POMINIĘCIE: 'DAKO D8 L35 PRAWE POLER JW.tom' (Brak folderu w bazie)
[2026-08-06 12:38:43] [INFO] SYMULACJA POMINIĘCIE: 'DAKO D8 Z1 L35 krotkie PRAWE POLER n.tom' (Brak folderu w bazie)
[2026-08-06 12:38:43] [INFO] SYMULACJA POMINIĘCIE: 'DAKO D8 Z1 L35 PRAWE POLER n.tom' (Brak folderu w bazie)
[2026-08-06 12:38:43] [INFO] SYMULACJA POMINIĘCIE: 'DAL TECH FREZ D8x6.4-Z2-HW.tom' (Brak folderu w bazie)
[2026-08-06 12:38:43] [INFO] SYMULACJA POMINIĘCIE: 'DAL TECH FREZ D8x6.5 L4.2-Z2-HW popra.tom' (Brak folderu w bazie)
[2026-08-06 12:38:43] [INFO] SYMULACJA POMINIĘCIE: 'DAL TECH FREZ D8x6.5 L4.2-Z2-HW.tom' (Brak folderu w bazie)
[2026-08-06 12:38:43] [INFO] SYMULACJA POMINIĘCIE: 'DAL TECH FREZ D8x6.5 L4.8-Z2-HW.tom' (Brak folderu w bazie)
[2026-08-06 12:38:43] [INFO] SYMULACJA OK: 'DAL TECH FREZ D8x6.5-Z2-HW.tom' zakwalifikowany do '52 DAL-TECH'
[2026-08-06 12:38:43] [INFO] SYMULACJA POMINIĘCIE: 'DAL TECH FREZ D8x8.5 L4.2-Z2-HW.tom' (Brak folderu w bazie)
[2026-08-06 12:38:43] [INFO] SYMULACJA POMINIĘCIE: 'DAL TECH FREZ D8x8.5 L4.8-Z2-HW.tom' (Brak folderu w bazie)
[2026-08-06 12:38:43] [INFO] SYMULACJA POMINIĘCIE: 'DOMLUX D8 Z1 A1-825 .tom' (Brak folderu w bazie)
[2026-08-06 12:38:43] [INFO] SYMULACJA POMINIĘCIE: 'DREWNOFORM D8 L27 Z2 PROSTY-HW.tom' (Brak folderu w bazie)
[2026-08-06 12:38:43] [INFO] SYMULACJA POMINIĘCIE: 'DREWNOFORM D8 poprawaPD.tom' (Brak folderu w bazie)
[2026-08-06 12:38:43] [INFO] SYMULACJA POMINIĘCIE: 'DREWNOSTYL D8 Z3 L22 LEWO PRAWY.tom' (Brak folderu w bazie)
[2026-08-06 12:38:43] [INFO] SYMULACJA POMINIĘCIE: 'DREWNOSTYL FREZ 8-Z2+2 L15X40.tom' (Brak folderu w bazie)
[2026-08-06 12:38:43] [INFO] SYMULACJA POMINIĘCIE: 'DRUTEX D8 Z1 L35.tom' (Brak folderu w bazie)
[2026-08-06 12:38:43] [INFO] SYMULACJA POMINIĘCIE: 'EKO-OKNA D8 Z1 A1-815 .tom' (Brak folderu w bazie)
[2026-08-06 12:38:43] [INFO] SYMULACJA POMINIĘCIE: 'FENDOORS D8 Z1 L25.tom' (Brak folderu w bazie)
[2026-08-06 12:38:43] [INFO] SYMULACJA POMINIĘCIE: 'FREZ 4+2 lewoprawy nowy z ostrzenia.tom' (Brak folderu w bazie)
[2026-08-06 12:38:43] [INFO] SYMULACJA POMINIĘCIE: 'FREZWID D8 L40 Z1.tom' (Brak folderu w bazie)
[2026-08-06 12:38:43] [INFO] SYMULACJA POMINIĘCIE: 'FREZWID D8 PRAWE JAK WIERTLO nowy typ.tom' (Brak folderu w bazie)
[2026-08-06 12:38:43] [INFO] SYMULACJA POMINIĘCIE: 'FREZWID(PSEB) FREZ D8 Z2 LEWY.tom' (Brak folderu w bazie)
[2026-08-06 12:38:43] [INFO] SYMULACJA POMINIĘCIE: 'GENERAL SERWIS D8 Z1 L19 PRAWE POLER n.tom' (Brak folderu w bazie)
[2026-08-06 12:38:43] [INFO] SYMULACJA POMINIĘCIE: 'GLASS SPACE D8 Z2 A2-830 .tom' (Brak folderu w bazie)
[2026-08-06 12:38:43] [INFO] SYMULACJA OK: 'GLOBAL DOOR D8 x D8.5 L2 Z2.tom' zakwalifikowany do '273 GLOBAL DOORS'
[2026-08-06 12:38:43] [INFO] SYMULACJA POMINIĘCIE: 'GORSKI D8 Z3 LAMACZ.tom' (Brak folderu w bazie)
[2026-08-06 12:38:43] [INFO] SYMULACJA OK: 'GRAB D8 Z3 L22 LEWO PRAWY.tom' zakwalifikowany do '875 GRAB'
[2026-08-06 12:38:43] [INFO] SYMULACJA POMINIĘCIE: 'GRAB D8 Z3 L22.tom' (Brak folderu w bazie)
[2026-08-06 12:38:43] [INFO] SYMULACJA POMINIĘCIE: 'HANNECARD D5.9 KSZTALT R3 HW.tom' (Brak folderu w bazie)
[2026-08-06 12:38:43] [INFO] SYMULACJA POMINIĘCIE: 'HENSFORD D8 Z1 FACETY.tom' (Brak folderu w bazie)
[2026-08-06 12:38:43] [INFO] SYMULACJA POMINIĘCIE: 'HENSFORT D8 Z3 L40.tom' (Brak folderu w bazie)
[2026-08-06 12:38:43] [INFO] SYMULACJA POMINIĘCIE: 'HENSFORT Z1 D8x40.tom' (Brak folderu w bazie)
[2026-08-06 12:38:43] [INFO] SYMULACJA POMINIĘCIE: 'JAKUB DRAG FREZ D8 Z2 A2-825.tom' (Brak folderu w bazie)
[2026-08-06 12:38:43] [INFO] SYMULACJA POMINIĘCIE: 'KAMPRA FREZ D8 Z2 ZARYS.tom' (Brak folderu w bazie)
[2026-08-06 12:38:43] [INFO] SYMULACJA POMINIĘCIE: 'KARO D8 Z1 L40 PRAWE POLER n.tom' (Brak folderu w bazie)
[2026-08-06 12:38:43] [INFO] SYMULACJA POMINIĘCIE: 'KROMA KRZYSZTOF FREZ D8 Z2 L4.tom' (Brak folderu w bazie)
[2026-08-06 12:38:43] [INFO] SYMULACJA POMINIĘCIE: 'MARCIN OSTROGORSKI FREZ 8-Z2+2 L10X25.tom' (Brak folderu w bazie)
[2026-08-06 12:38:43] [INFO] SYMULACJA POMINIĘCIE: 'MASTERTOM D8 Z1 A1-830 NOWE.tom' (Brak folderu w bazie)
[2026-08-06 12:38:43] [INFO] SYMULACJA POMINIĘCIE: 'MASTERTOM D8 Z1 A1-835 NOWE.tom' (Brak folderu w bazie)
[2026-08-06 12:38:43] [INFO] SYMULACJA POMINIĘCIE: 'MB TRADING D8-L22-Z3-lamacz.tom' (Brak folderu w bazie)
[2026-08-06 12:38:43] [INFO] SYMULACJA POMINIĘCIE: 'MEGA ALUMINIUM FREZ D8x5-Z2-HW.tom' (Brak folderu w bazie)
[2026-08-06 12:38:43] [INFO] SYMULACJA POMINIĘCIE: 'MITBAU D8 L24 Z1.tom' (Brak folderu w bazie)
[2026-08-06 12:38:43] [INFO] SYMULACJA POMINIĘCIE: 'MITBAU D8 Z1 L24 PRAWE n.tom' (Brak folderu w bazie)
[2026-08-06 12:38:43] [INFO] SYMULACJA POMINIĘCIE: 'NADWOZIA PART D8 Z1 L22 PRAWE POLER n.tom' (Brak folderu w bazie)
[2026-08-06 12:38:43] [INFO] SYMULACJA POMINIĘCIE: 'NADWOZIA PART D8 Z1 L22 PRAWE.tom' (Brak folderu w bazie)
[2026-08-06 12:38:43] [INFO] SYMULACJA POMINIĘCIE: 'NORDPRIM D5 L40 Z2 HW POLER V2-ALU.tom' (Brak folderu w bazie)
[2026-08-06 12:38:43] [INFO] SYMULACJA POMINIĘCIE: 'OKBUD FREZ D8 Z4 LAMACZ.tom' (Brak folderu w bazie)
[2026-08-06 12:38:43] [INFO] SYMULACJA POMINIĘCIE: 'OKNA DRZWI WITRYNY PCV D8 Z1 A1-835 .tom' (Brak folderu w bazie)
[2026-08-06 12:38:43] [INFO] SYMULACJA POMINIĘCIE: 'OKNA-DRZWI-WITRYNY PCV D8 Z1 A1-835 NOWE.tom' (Brak folderu w bazie)
[2026-08-06 12:38:43] [INFO] SYMULACJA POMINIĘCIE: 'OKNOPLAST D8-Z3 czyszczarka1.5.tom' (Brak folderu w bazie)
[2026-08-06 12:38:43] [INFO] SYMULACJA POMINIĘCIE: 'OKNOPLAST Z1 D8x110.tom' (Brak folderu w bazie)
[2026-08-06 12:38:43] [INFO] SYMULACJA POMINIĘCIE: 'OKNOPLAST-D8-NOZYK.tom' (Brak folderu w bazie)
[2026-08-06 12:38:43] [INFO] SYMULACJA POMINIĘCIE: 'ONLY ALU D8 L30 Z2 PROSTY-HSS.tom' (Brak folderu w bazie)
[2026-08-06 12:38:43] [INFO] SYMULACJA POMINIĘCIE: 'PAGEN D8 Z1 L24 PRAWE POLER n.tom' (Brak folderu w bazie)
[2026-08-06 12:38:43] [INFO] SYMULACJA POMINIĘCIE: 'PAMO D8 Z2 A2-840.tom' (Brak folderu w bazie)
[2026-08-06 12:38:43] [INFO] SYMULACJA POMINIĘCIE: 'PAMO FREZ D8 Z2 A2-835 POIP.tom' (Brak folderu w bazie)
[2026-08-06 12:38:43] [INFO] SYMULACJA POMINIĘCIE: 'PARTNER ALMA D8 Z1 L35.tom' (Brak folderu w bazie)
[2026-08-06 12:38:43] [INFO] SYMULACJA POMINIĘCIE: 'PILCH FREZ D8x5 Z2 K45 HW.tom' (Brak folderu w bazie)
[2026-08-06 12:38:43] [INFO] SYMULACJA POMINIĘCIE: 'PRESTIGE D8 Z2 R1 L20 LEWO PRAWY.tom' (Brak folderu w bazie)
[2026-08-06 12:38:43] [INFO] SYMULACJA POMINIĘCIE: 'PRESTIGE D8 Z3 KULA LEWO PRAWY.tom' (Brak folderu w bazie)
[2026-08-06 12:38:43] [INFO] SYMULACJA POMINIĘCIE: 'PRO-TECH D8 Z1 A1-825 .tom' (Brak folderu w bazie)
[2026-08-06 12:38:43] [INFO] SYMULACJA POMINIĘCIE: 'PROFIMMER D8 Z1 L15 PRAWE.tom' (Brak folderu w bazie)
[2026-08-06 12:38:43] [INFO] SYMULACJA POMINIĘCIE: 'PROFIMMER D8 Z1 L19 PRAWE.tom' (Brak folderu w bazie)
[2026-08-06 12:38:43] [INFO] SYMULACJA POMINIĘCIE: 'SINSI TECH D8 r0.2 prof.tom' (Brak folderu w bazie)
[2026-08-06 12:38:43] [INFO] SYMULACJA POMINIĘCIE: 'SLASKA FABRYKA OKIEN D8 L35 PRAWE JW.tom' (Brak folderu w bazie)
[2026-08-06 12:38:43] [INFO] SYMULACJA POMINIĘCIE: 'SMA MAGNETICS D8-L20-Z3-ALU-LEWY-c-land.tom' (Brak folderu w bazie)
[2026-08-06 12:38:43] [INFO] SYMULACJA POMINIĘCIE: 'STOLPEX D8 Z1 A1-825.tom' (Brak folderu w bazie)
[2026-08-06 12:38:43] [INFO] SYMULACJA POMINIĘCIE: 'SUPERDREW Z2+2 D8.2 L52.tom' (Brak folderu w bazie)
[2026-08-06 12:38:43] [INFO] SYMULACJA POMINIĘCIE: 'TAWO-BIS D8 Z1 L30.tom' (Brak folderu w bazie)
[2026-08-06 12:38:43] [INFO] SYMULACJA POMINIĘCIE: 'TECHNO ROM TOOLS D8 Z2 A2-830 .tom' (Brak folderu w bazie)
[2026-08-06 12:38:43] [INFO] SYMULACJA OK: 'TECHNOCAM D8.5 Z3 KULKA LOLIPOP.tom' zakwalifikowany do '586 TECHNOCAM'
[2026-08-06 12:38:43] [INFO] SYMULACJA POMINIĘCIE: 'TOMBIG D8 Z1 L30 PRAWE POLER n.tom' (Brak folderu w bazie)
[2026-08-06 12:38:43] [INFO] SYMULACJA POMINIĘCIE: 'TOP-PLAST D8 Z1 L35.tom' (Brak folderu w bazie)
[2026-08-06 12:38:43] [INFO] SYMULACJA POMINIĘCIE: 'UAB BALTIJOS D8 Z1 A1-814 NOWE.tom' (Brak folderu w bazie)
[2026-08-06 12:38:43] [INFO] SYMULACJA POMINIĘCIE: 'UNITEC D8 L15 Z1 HW POLER.tom' (Brak folderu w bazie)
[2026-08-06 12:38:43] [INFO] SYMULACJA POMINIĘCIE: 'UNITEC POLSKA D8 Z1 L15.tom' (Brak folderu w bazie)
[2026-08-06 12:38:43] [INFO] SYMULACJA POMINIĘCIE: 'WALDEMARO D8 Z2 A2-830 .tom' (Brak folderu w bazie)
[2026-08-06 12:38:43] [INFO] SYMULACJA POMINIĘCIE: 'BUCHE HOLZ D9x3 z2  profil.tom' (Brak folderu w bazie)
[2026-08-06 12:38:43] [INFO] SYMULACJA POMINIĘCIE: 'EKO-OKNA D9.5 Z1 L35 LEWE n.tom' (Brak folderu w bazie)
[2026-08-06 12:38:43] [INFO] SYMULACJA POMINIĘCIE: 'EKO-OKNA D9.5 Z1 L40 PRAWE n.tom' (Brak folderu w bazie)
[2026-08-06 12:38:43] [INFO] SYMULACJA POMINIĘCIE: 'WOMI FREZ D9 Z2 KULA.tom' (Brak folderu w bazie)
[2026-08-06 12:38:43] [INFO] SYMULACJA POMINIĘCIE: 'AMATI SZLIF CHWYTU D8 L75.tom' (Brak folderu w bazie)
[2026-08-06 12:38:43] [INFO] SYMULACJA POMINIĘCIE: 'AUMATIC 10097 D13.75 R5 K5 R1 d11.1.tom' (Brak folderu w bazie)
[2026-08-06 12:38:43] [INFO] SYMULACJA POMINIĘCIE: 'AUMATIC A563A00-01-304 D8.tom' (Brak folderu w bazie)
[2026-08-06 12:38:43] [INFO] SYMULACJA POMINIĘCIE: 'AUMATIC D6 K20 R3.tom' (Brak folderu w bazie)
[2026-08-06 12:38:43] [INFO] SYMULACJA POMINIĘCIE: 'AUMATIC D6 K4 R3.tom' (Brak folderu w bazie)
[2026-08-06 12:38:43] [INFO] SYMULACJA POMINIĘCIE: 'AUMATIC D6 R3 R1 .tom' (Brak folderu w bazie)
[2026-08-06 12:38:43] [INFO] SYMULACJA POMINIĘCIE: 'AUMATIC ST-TL311739-DET-067.tom' (Brak folderu w bazie)
[2026-08-06 12:38:43] [INFO] SYMULACJA POMINIĘCIE: 'AUMATIC ST-TL311739-DET-091.tom' (Brak folderu w bazie)
[2026-08-06 12:38:43] [INFO] SYMULACJA POMINIĘCIE: 'AUMATIC ST-TL311739-DET-149.tom' (Brak folderu w bazie)
[2026-08-06 12:38:43] [INFO] SYMULACJA POMINIĘCIE: 'AUTOMATIC PIN ZAGNIOTU A643A00-01-20411 L32.tom' (Brak folderu w bazie)
[2026-08-06 12:38:43] [INFO] SYMULACJA POMINIĘCIE: 'AUTOMATIC PIN ZAGNIOTU D2.7 z cieciem L25.tom' (Brak folderu w bazie)
[2026-08-06 12:38:43] [INFO] SYMULACJA POMINIĘCIE: 'AUTOMATIC PIN ZAGNIOTU D2.7 z cieciem L32.tom' (Brak folderu w bazie)
[2026-08-06 12:38:43] [INFO] SYMULACJA POMINIĘCIE: 'AUTOMATIC PIN ZAGNIOTU dupka.tom' (Brak folderu w bazie)
[2026-08-06 12:38:43] [INFO] SYMULACJA POMINIĘCIE: 'BORGWARNER B8 0600 1335390.tom' (Brak folderu w bazie)
[2026-08-06 12:38:43] [INFO] SYMULACJA POMINIĘCIE: 'BORGWARNER F7 6009 1047526 stozek K50.tom' (Brak folderu w bazie)
[2026-08-06 12:38:43] [INFO] SYMULACJA POMINIĘCIE: 'CHWYT D20 z D30.tom' (Brak folderu w bazie)
[2026-08-06 12:38:43] [INFO] SYMULACJA POMINIĘCIE: 'CHWYTY D10 LUTOWANE.tom' (Brak folderu w bazie)
[2026-08-06 12:38:43] [INFO] SYMULACJA POMINIĘCIE: 'CHWYTY D16 LUTOWANE.tom' (Brak folderu w bazie)
[2026-08-06 12:38:43] [INFO] SYMULACJA POMINIĘCIE: 'CHWYTY D8 LUTOWANE.tom' (Brak folderu w bazie)
[2026-08-06 12:38:43] [INFO] SYMULACJA POMINIĘCIE: 'CHWYTY D8 porawa dlugosci.tom' (Brak folderu w bazie)
[2026-08-06 12:38:43] [INFO] SYMULACJA POMINIĘCIE: 'D5 bicie.tom' (Brak folderu w bazie)
[2026-08-06 12:38:43] [INFO] SYMULACJA POMINIĘCIE: 'DESITECH DT1978-04-01-015.tom' (Brak folderu w bazie)
[2026-08-06 12:38:43] [INFO] SYMULACJA POMINIĘCIE: 'DREW-AND D36 K15 wstecz.tom' (Brak folderu w bazie)
[2026-08-06 12:38:43] [INFO] SYMULACJA POMINIĘCIE: 'DRUTEX SZLIF CHWYTU-D15-L45-Z3.tom' (Brak folderu w bazie)
[2026-08-06 12:38:43] [INFO] SYMULACJA POMINIĘCIE: 'DRUTEX WIERTLO D6x5 L15 PILOTY.tom' (Brak folderu w bazie)
[2026-08-06 12:38:43] [INFO] SYMULACJA POMINIĘCIE: 'DUPKI D6 DO NOZY.tom' (Brak folderu w bazie)
[2026-08-06 12:38:43] [INFO] SYMULACJA POMINIĘCIE: 'ELZBIECIAK ROBERT WIERTLO D8 OPUSZCZENIE.tom' (Brak folderu w bazie)
[2026-08-06 12:38:43] [INFO] SYMULACJA POMINIĘCIE: 'ENBOTIC D16 R30 K8.17 R1.tom' (Brak folderu w bazie)
[2026-08-06 12:38:43] [INFO] SYMULACJA POMINIĘCIE: 'FRAMTECH SZPIC D10.tom' (Brak folderu w bazie)
[2026-08-06 12:38:43] [INFO] SYMULACJA POMINIĘCIE: 'FRAMTECH SZPIC D6.5.tom' (Brak folderu w bazie)
[2026-08-06 12:38:43] [INFO] SYMULACJA POMINIĘCIE: 'FRAMTECH SZPIC skos 5st D10.tom' (Brak folderu w bazie)
[2026-08-06 12:38:43] [INFO] SYMULACJA POMINIĘCIE: 'FRAMTECH SZPIC skos 5st D6,5.tom' (Brak folderu w bazie)
[2026-08-06 12:38:43] [INFO] SYMULACJA POMINIĘCIE: 'MABIT  28574_01-P01-6260 COFNIECIE + FAZKA.tom' (Brak folderu w bazie)
[2026-08-06 12:38:43] [INFO] SYMULACJA POMINIĘCIE: 'MABIT .tom' (Brak folderu w bazie)
[2026-08-06 12:38:43] [INFO] SYMULACJA POMINIĘCIE: 'MABIT 28574_01-P01-6265.tom' (Brak folderu w bazie)
[2026-08-06 12:38:43] [INFO] SYMULACJA POMINIĘCIE: 'MABIT 28575_01-P03-1013.tom' (Brak folderu w bazie)
[2026-08-06 12:38:43] [INFO] SYMULACJA OK: 'MABIT 28575_01-P03-1014.tom' zakwalifikowany do '428 MABIT'
[2026-08-06 12:38:43] [INFO] SYMULACJA OK: 'MABIT 28575_01-P03-1014_1_7.tom' zakwalifikowany do '428 MABIT'
[2026-08-06 12:38:43] [INFO] SYMULACJA POMINIĘCIE: 'MABIT 28575_01-P06-1050.tom' (Brak folderu w bazie)
[2026-08-06 12:38:43] [INFO] SYMULACJA POMINIĘCIE: 'MABIT 30483_01-P02-5024.tom' (Brak folderu w bazie)
[2026-08-06 12:38:43] [INFO] SYMULACJA POMINIĘCIE: 'MABIT DIN7979 D8 R0.5 K25 R0.5.tom' (Brak folderu w bazie)
[2026-08-06 12:38:43] [INFO] SYMULACJA POMINIĘCIE: 'MABIT dupka d6 x d3.tom' (Brak folderu w bazie)
[2026-08-06 12:38:43] [INFO] SYMULACJA POMINIĘCIE: 'PRAKTIC MOD D2 x 1.56 L8tom.tom' (Brak folderu w bazie)
[2026-08-06 12:38:43] [INFO] SYMULACJA POMINIĘCIE: 'PREZMET 4+4 CHWYTY D8.tom' (Brak folderu w bazie)
[2026-08-06 12:38:43] [INFO] SYMULACJA POMINIĘCIE: 'PREZMET 6+6 CHWYTY.tom' (Brak folderu w bazie)
[2026-08-06 12:38:43] [INFO] SYMULACJA POMINIĘCIE: 'PREZMET 6+6 TYL.tom' (Brak folderu w bazie)
[2026-08-06 12:38:43] [INFO] SYMULACJA POMINIĘCIE: 'SURE D30 CHWYT D12.tom' (Brak folderu w bazie)
[2026-08-06 12:38:43] [INFO] SYMULACJA POMINIĘCIE: 'SZLIF D8.tom' (Brak folderu w bazie)
[2026-08-06 12:38:43] [INFO] SYMULACJA POMINIĘCIE: 'TEAM TECHNIK PIN PROWADZACY D15.tom' (Brak folderu w bazie)
[2026-08-06 12:38:43] [INFO] SYMULACJA POMINIĘCIE: 'TECHNOFORM CHWYT D13.tom' (Brak folderu w bazie)
[2026-08-06 12:38:43] [INFO] SYMULACJA POMINIĘCIE: 'TWOGU TRZPIEN 1.8X7.tom' (Brak folderu w bazie)
[2026-08-06 12:38:43] [INFO] SYMULACJA POMINIĘCIE: 'TWOGU TRZPIEN CHWYT.tom' (Brak folderu w bazie)
[2026-08-06 12:38:43] [INFO] SYMULACJA POMINIĘCIE: 'VALEO 375-007 R2.5 D5.8.tom' (Brak folderu w bazie)
[2026-08-06 12:38:43] [INFO] SYMULACJA POMINIĘCIE: 'VALEO A22-2068-002-224-004.tom' (Brak folderu w bazie)
[2026-08-06 12:38:43] [INFO] SYMULACJA POMINIĘCIE: 'VALEO AMP 010-000-006.tom' (Brak folderu w bazie)
[2026-08-06 12:38:43] [INFO] SYMULACJA POMINIĘCIE: 'VALEO AMP 013-000-006.tom' (Brak folderu w bazie)
[2026-08-06 12:38:43] [INFO] SYMULACJA POMINIĘCIE: 'VALEO AMP 088 2021-000-006.tom' (Brak folderu w bazie)
[2026-08-06 12:38:43] [INFO] SYMULACJA POMINIĘCIE: 'VALEO AS4-ST1-0002-01-06 TRZEPIEN TULEI WELDON.tom' (Brak folderu w bazie)
[2026-08-06 12:38:43] [INFO] SYMULACJA POMINIĘCIE: 'VALEO AS4-ST1-0002-01-06 TRZEPIEN TULEI.tom' (Brak folderu w bazie)
[2026-08-06 12:38:43] [INFO] SYMULACJA POMINIĘCIE: 'VALEO AS4-ST1-0002-01-06.tom' (Brak folderu w bazie)
[2026-08-06 12:38:43] [INFO] SYMULACJA POMINIĘCIE: 'VALEO AW900 Rolka MR1.ST6.02.05_1V2.tom' (Dwuznaczność (2 folderów))
[2026-08-06 12:38:43] [INFO] SYMULACJA POMINIĘCIE: 'VALEO D14 B07716 000001.tom' (Brak folderu w bazie)
[2026-08-06 12:38:43] [INFO] SYMULACJA POMINIĘCIE: 'VALEO F0 4.09.01.tom' (Brak folderu w bazie)
[2026-08-06 12:38:43] [INFO] SYMULACJA POMINIĘCIE: 'VALEO PUSHER D3 korekta -0,4mm.tom' (Brak folderu w bazie)
[2026-08-06 12:38:43] [INFO] SYMULACJA POMINIĘCIE: 'VALEO PUSHER D3.tom' (Brak folderu w bazie)
[2026-08-06 12:38:43] [INFO] SYMULACJA POMINIĘCIE: 'VALEO VWS.AS3.019 R1.95 D4.9.tom' (Brak folderu w bazie)
[2026-08-06 12:38:43] [INFO] SYMULACJA POMINIĘCIE: 'WALDEMARO SZYJKA PROMIEN.tom' (Brak folderu w bazie)
[2026-08-06 12:38:43] [INFO] SYMULACJA POMINIĘCIE: '4x8 L25.tom' (Brak folderu w bazie)
[2026-08-06 12:38:43] [INFO] SYMULACJA POMINIĘCIE: '5x8 L25.tom' (Brak folderu w bazie)
[2026-08-06 12:38:43] [INFO] SYMULACJA POMINIĘCIE: '5x8 L35.tom' (Brak folderu w bazie)
[2026-08-06 12:38:43] [INFO] SYMULACJA POMINIĘCIE: '5x8 L45.tom' (Brak folderu w bazie)
[2026-08-06 12:38:43] [INFO] SYMULACJA POMINIĘCIE: 'MB TRADING D6-L13-Z3-lamacz.tom' (Brak folderu w bazie)
[2026-08-06 12:38:43] [INFO] SYMULACJA POMINIĘCIE: 'MB TRADING Noz D6 D0,5 MIECZ POLEROWANY.tom' (Brak folderu w bazie)
[2026-08-06 12:38:43] [INFO] SYMULACJA POMINIĘCIE: 'MB TRADING Noz Oscylacyjny D6 D0,8 POLEROWANY.tom' (Brak folderu w bazie)
[2026-08-06 12:38:43] [INFO] SYMULACJA POMINIĘCIE: 'MB TRADING Noz Oscylacyjny D6 D0,8 v2.tom' (Brak folderu w bazie)
[2026-08-06 12:38:43] [INFO] SYMULACJA POMINIĘCIE: 'MB TRADING Noz Oscylacyjny D6 D0,8.tom' (Brak folderu w bazie)
[2026-08-06 12:38:43] [INFO] SYMULACJA POMINIĘCIE: '10 st do 20 st.tom' (Brak folderu w bazie)
[2026-08-06 12:38:43] [INFO] SYMULACJA POMINIĘCIE: 'ALUMNI SRL Z4 D12 LAMACZ.tom' (Brak folderu w bazie)
[2026-08-06 12:38:43] [INFO] SYMULACJA POMINIĘCIE: 'BARTYN D3.5 Z2 KULA MOD .tom' (Brak folderu w bazie)
[2026-08-06 12:38:43] [INFO] SYMULACJA POMINIĘCIE: 'bartyn kula v2.tom' (Brak folderu w bazie)
[2026-08-06 12:38:43] [INFO] SYMULACJA POMINIĘCIE: 'BARTYN TEST.tom' (Brak folderu w bazie)
[2026-08-06 12:38:43] [INFO] SYMULACJA POMINIĘCIE: 'BELMAFLEX TEST CZOLA.tom' (Brak folderu w bazie)
[2026-08-06 12:38:43] [INFO] SYMULACJA POMINIĘCIE: 'd10 z4 czolo r0.5.tom' (Brak folderu w bazie)
[2026-08-06 12:38:43] [INFO] SYMULACJA POMINIĘCIE: 'D12 Z4 PRZEROBKA NA R1.tom' (Brak folderu w bazie)
[2026-08-06 12:38:43] [INFO] SYMULACJA POMINIĘCIE: 'd6z4 r0.5.tom' (Brak folderu w bazie)
[2026-08-06 12:38:43] [INFO] SYMULACJA POMINIĘCIE: 'D8-Z1-25 stopni-HSS-SKLEP.tom' (Brak folderu w bazie)
[2026-08-06 12:38:43] [INFO] SYMULACJA POMINIĘCIE: 'dawid frez 30 stopni.tom' (Brak folderu w bazie)
[2026-08-06 12:38:43] [INFO] SYMULACJA POMINIĘCIE: 'DLA KACPRA D20 Z3 R1 R2.tom' (Brak folderu w bazie)
[2026-08-06 12:38:43] [INFO] SYMULACJA POMINIĘCIE: 'DLA KACPRA D3 L15 Z2.tom' (Brak folderu w bazie)
[2026-08-06 12:38:43] [INFO] SYMULACJA POMINIĘCIE: 'DRUTEX WIERTLO D6x5 L15x40 K120 prawe PILOT.tom' (Brak folderu w bazie)
[2026-08-06 12:38:43] [INFO] SYMULACJA POMINIĘCIE: 'FARO D12,5-NIEPRZELOTOWE-PRAWE.tom' (Brak folderu w bazie)
[2026-08-06 12:38:43] [INFO] SYMULACJA POMINIĘCIE: 'faro test.tom' (Brak folderu w bazie)
[2026-08-06 12:38:43] [INFO] SYMULACJA POMINIĘCIE: 'FREZ 10 STOPNI.tom' (Brak folderu w bazie)
[2026-08-06 12:38:43] [INFO] SYMULACJA POMINIĘCIE: 'FREZ BIAŁY D30 R5 R2.tom' (Brak folderu w bazie)
[2026-08-06 12:38:43] [INFO] SYMULACJA POMINIĘCIE: 'frez d10 z4 r3 wewnetrzny.tom' (Brak folderu w bazie)
[2026-08-06 12:38:43] [INFO] SYMULACJA POMINIĘCIE: 'FREZ D5 Z1 HSS GLAD .tom' (Brak folderu w bazie)
[2026-08-06 12:38:43] [INFO] SYMULACJA POMINIĘCIE: 'FREZ D8 Z1 HSS GLAD .tom' (Brak folderu w bazie)
[2026-08-06 12:38:43] [INFO] SYMULACJA POMINIĘCIE: 'frez z3 6.5 stopnia.tom' (Brak folderu w bazie)
[2026-08-06 12:38:43] [INFO] SYMULACJA POMINIĘCIE: 'GOLD DREW d7 pilot.tom' (Brak folderu w bazie)
[2026-08-06 12:38:43] [INFO] SYMULACJA POMINIĘCIE: 'JOZEF BAK GALANTERIA D20 Z2 R3.tom' (Brak folderu w bazie)
[2026-08-06 12:38:43] [INFO] SYMULACJA POMINIĘCIE: 'kacper d5 z2 l6 r1 45 st.tom' (Brak folderu w bazie)
[2026-08-06 12:38:43] [INFO] SYMULACJA POMINIĘCIE: 'KACPER PANEK D8 Z4 CZOLO R0.5.tom' (Brak folderu w bazie)
[2026-08-06 12:38:43] [INFO] SYMULACJA POMINIĘCIE: 'KACPER PANEK D8 Z4 CZOLO R1.tom' (Brak folderu w bazie)
[2026-08-06 12:38:43] [INFO] SYMULACJA POMINIĘCIE: 'KEYLITE FREZ D5 L35 K70 POLER.tom' (Brak folderu w bazie)
[2026-08-06 12:38:43] [INFO] SYMULACJA POMINIĘCIE: 'KOCZY D8-Z2 FREZ KAT60-OSTRZENIE.tom' (Brak folderu w bazie)
[2026-08-06 12:38:43] [INFO] SYMULACJA POMINIĘCIE: 'kula d 16 lewo prawa.tom' (Brak folderu w bazie)
[2026-08-06 12:38:43] [INFO] SYMULACJA POMINIĘCIE: 'ostrzenie wiertlo d3 conL v2.tom' (Brak folderu w bazie)
[2026-08-06 12:38:43] [INFO] SYMULACJA POMINIĘCIE: 'Pawel przerobka d2r0.4.tom' (Brak folderu w bazie)
[2026-08-06 12:38:43] [INFO] SYMULACJA POMINIĘCIE: 'PILOT 7 DOROBIENIE.tom' (Brak folderu w bazie)
[2026-08-06 12:38:43] [INFO] SYMULACJA POMINIĘCIE: 'PREZMET D20 LEWA pilka 6+6.tom' (Dwuznaczność (4 folderów))
[2026-08-06 12:38:43] [INFO] SYMULACJA POMINIĘCIE: 'PREZMET wzor.tom' (Brak folderu w bazie)
[2026-08-06 12:38:43] [INFO] SYMULACJA POMINIĘCIE: 'szlif uchwytu.tom' (Brak folderu w bazie)
[2026-08-06 12:38:43] [INFO] SYMULACJA POMINIĘCIE: 'TABATH GROUP D21 Z5 K60 WSTECZNY.tom' (Brak folderu w bazie)
[2026-08-06 12:38:43] [INFO] SYMULACJA POMINIĘCIE: 'TABATH GROUP D26 Z5 TEOWY HW.tom' (Brak folderu w bazie)
[2026-08-06 12:38:43] [INFO] SYMULACJA POMINIĘCIE: 'weldon uniwersal.tom' (Brak folderu w bazie)
[2026-08-06 12:38:43] [INFO] SYMULACJA POMINIĘCIE: 'WIERTLO 3 conR gash normal +multi.tom' (Brak folderu w bazie)
[2026-08-06 12:38:43] [INFO] SYMULACJA POMINIĘCIE: 'z2 r3.5 wewnetrzny.tom' (Brak folderu w bazie)
[2026-08-06 12:38:43] [INFO] SYMULACJA POMINIĘCIE: 'DRUTEX D8-L30-Z2-HSS do odw.tom' (Brak folderu w bazie)
[2026-08-06 12:38:43] [INFO] SYMULACJA POMINIĘCIE: 'D8 Z1 L35 SZYJ OSOBNO HW.tom' (Brak folderu w bazie)
[2026-08-06 12:38:43] [INFO] SYMULACJA POMINIĘCIE: 'A1-ALU.tom' (Brak folderu w bazie)
[2026-08-06 12:38:43] [INFO] SYMULACJA POMINIĘCIE: 'A2-ALU.tom' (Brak folderu w bazie)
[2026-08-06 12:38:43] [INFO] SYMULACJA POMINIĘCIE: 'F1-ALU.tom' (Dwuznaczność (12 folderów))
[2026-08-06 12:38:43] [INFO] SYMULACJA POMINIĘCIE: 'O1-ALU.tom' (Dwuznaczność (19 folderów))
[2026-08-06 12:38:43] [INFO] SYMULACJA POMINIĘCIE: 'z4 zmienna spirala za długa.tom' (Brak folderu w bazie)
[2026-08-06 12:38:43] [INFO] SYMULACJA POMINIĘCIE: 'D4 L20 Z1 DRUTEX ODWOD.tom' (Brak folderu w bazie)
[2026-08-06 12:38:43] [INFO] SYMULACJA POMINIĘCIE: 'D5 Z1 L35 SKLEP(UNITEC) HW.tom' (Brak folderu w bazie)
[2026-08-06 12:38:43] [INFO] SYMULACJA POMINIĘCIE: 'D5 Z1 L35 SKLEP(UNITEC) popr HW.tom' (Brak folderu w bazie)
[2026-08-06 12:38:43] [INFO] SYMULACJA POMINIĘCIE: 'WOMI KULA D7 Z2 R3.5 .tom' (Brak folderu w bazie)
[2026-08-06 12:38:43] [INFO] SYMULACJA POMINIĘCIE: 'WOMI KULA D7 Z2 R3.5 v2 .tom' (Brak folderu w bazie)
[2026-08-06 12:38:43] [INFO] SYMULACJA POMINIĘCIE: 'd4 z2 prosty przestawiony ostrzenie.tom' (Brak folderu w bazie)
[2026-08-06 12:38:43] [INFO] SYMULACJA POMINIĘCIE: 'D6 Z2 1 DL.tom' (Brak folderu w bazie)
[2026-08-06 12:38:43] [INFO] SYMULACJA POMINIĘCIE: 'FREZ D12 Z8.tom' (Brak folderu w bazie)
[2026-08-06 12:38:43] [INFO] SYMULACJA POMINIĘCIE: 'FREZ D14 Z4 HSS czolo 0dl.tom' (Brak folderu w bazie)
[2026-08-06 12:38:43] [INFO] SYMULACJA POMINIĘCIE: 'FREZ D16 Z4 HSS czolo 0dl.tom' (Brak folderu w bazie)
[2026-08-06 12:38:43] [INFO] SYMULACJA POMINIĘCIE: 'FREZ D20 Z4 0dl.tom' (Brak folderu w bazie)
[2026-08-06 12:38:43] [INFO] SYMULACJA POMINIĘCIE: 'FREZ D8 Z2 1 dl HSS.tom' (Brak folderu w bazie)
[2026-08-06 12:38:43] [INFO] SYMULACJA POMINIĘCIE: 'FREZ NPOL Z3 D10.4xD16.tom' (Brak folderu w bazie)
[2026-08-06 12:38:43] [INFO] SYMULACJA POMINIĘCIE: 'FREZWID kula D20 Z3.tom' (Brak folderu w bazie)
[2026-08-06 12:38:43] [INFO] SYMULACJA POMINIĘCIE: 'POL-SKONE REKLAMACJA OSTRZEENIE.tom' (Brak folderu w bazie)
[2026-08-06 12:38:43] [INFO] SYMULACJA POMINIĘCIE: 'PRESTIGE D20 Z3 KULA LEWO PRAWY.tom' (Brak folderu w bazie)
[2026-08-06 12:38:43] [INFO] SYMULACJA POMINIĘCIE: 'WIERTLO 10 conR 140 stopni.tom' (Brak folderu w bazie)
[2026-08-06 12:38:43] [INFO] SYMULACJA POMINIĘCIE: 'mielnik natalia.tom' (Brak folderu w bazie)
[2026-08-06 12:38:43] [INFO] SYMULACJA POMINIĘCIE: 'z3 step r3 r5.tom' (Brak folderu w bazie)
[2026-08-06 12:38:43] [INFO] SYMULACJA POMINIĘCIE: ' D6.5 Z4 KULKA LOLIPOP.tom' (Brak folderu w bazie)
[2026-08-06 12:38:43] [INFO] SYMULACJA POMINIĘCIE: 'BETULINA D31-D25-Z4.tom' (Brak folderu w bazie)
[2026-08-06 12:38:43] [INFO] SYMULACJA POMINIĘCIE: 'D12XD10L10XD6L15.tom' (Brak folderu w bazie)
[2026-08-06 12:38:43] [INFO] SYMULACJA POMINIĘCIE: 'DREWNOPLAST NOZYK.tom' (Brak folderu w bazie)
[2026-08-06 12:38:43] [INFO] SYMULACJA POMINIĘCIE: 'FARO V2 — kopia.tom' (Brak folderu w bazie)
[2026-08-06 12:38:43] [INFO] SYMULACJA POMINIĘCIE: 'FARO V2.tom' (Brak folderu w bazie)
[2026-08-06 12:38:43] [INFO] SYMULACJA POMINIĘCIE: 'FARO WIERTLO D5,5x11.tom' (Brak folderu w bazie)
[2026-08-06 12:38:43] [INFO] SYMULACJA POMINIĘCIE: 'fazownik D6 45st.tom' (Brak folderu w bazie)
[2026-08-06 12:38:43] [INFO] SYMULACJA POMINIĘCIE: 'fazownik z2 D16 150 stopni.tom' (Brak folderu w bazie)
[2026-08-06 12:38:43] [INFO] SYMULACJA POMINIĘCIE: 'fazownik z4 D12 czolo r1 v2.tom' (Brak folderu w bazie)
[2026-08-06 12:38:43] [INFO] SYMULACJA POMINIĘCIE: 'fazownik z4 D12 czolo r1.tom' (Brak folderu w bazie)
[2026-08-06 12:38:43] [INFO] SYMULACJA POMINIĘCIE: 'fazownik z4 D16 43stopni.tom' (Brak folderu w bazie)
[2026-08-06 12:38:43] [INFO] SYMULACJA POMINIĘCIE: 'JANECZEK ZS D12 Z2.tom' (Brak folderu w bazie)
[2026-08-06 12:38:43] [INFO] SYMULACJA POMINIĘCIE: 'lolipop kacper d4 test.tom' (Brak folderu w bazie)
[2026-08-06 12:38:43] [INFO] SYMULACJA POMINIĘCIE: 'lolipop kacper d4.tom' (Brak folderu w bazie)
[2026-08-06 12:38:43] [INFO] SYMULACJA POMINIĘCIE: 'lolipop kacper d6.tom' (Brak folderu w bazie)
[2026-08-06 12:38:43] [INFO] SYMULACJA POMINIĘCIE: 'lolipop kacper v2 d4.tom' (Brak folderu w bazie)
[2026-08-06 12:38:43] [INFO] SYMULACJA POMINIĘCIE: 'lolipop pp d10 z3.tom' (Brak folderu w bazie)
[2026-08-06 12:38:43] [INFO] SYMULACJA POMINIĘCIE: 'lolipop pp d6 z3.tom' (Brak folderu w bazie)
[2026-08-06 12:38:43] [INFO] SYMULACJA POMINIĘCIE: 'MABIT 28575_01-P03-1014.tom TESTY.tom' (Brak folderu w bazie)
[2026-08-06 12:38:43] [INFO] SYMULACJA POMINIĘCIE: 'NORWOOD D4Xx9X9.5 PRAWE NIEPRZELOT HS.tom' (Brak folderu w bazie)
[2026-08-06 12:38:43] [INFO] SYMULACJA POMINIĘCIE: 'NORWOOD D4Xx9X9.5 PRAWE NIEPRZELOT.tom' (Brak folderu w bazie)
[2026-08-06 12:38:43] [INFO] SYMULACJA POMINIĘCIE: 'pin prowadzacy valeo.tom' (Brak folderu w bazie)
[2026-08-06 12:38:43] [INFO] SYMULACJA POMINIĘCIE: 'poglebiacz 37.5 przerobka ppacek.tom' (Brak folderu w bazie)
[2026-08-06 12:38:43] [INFO] SYMULACJA POMINIĘCIE: 'POL SKONE D8.5 L75 LEWE NIEPRZELOTOWE V2 TEST.tom' (Brak folderu w bazie)
[2026-08-06 12:38:43] [INFO] SYMULACJA POMINIĘCIE: 'PREZ-MET D6 Z3 L25 HSS.tom' (Brak folderu w bazie)
[2026-08-06 12:38:43] [INFO] SYMULACJA POMINIĘCIE: 'PRO-TECH 3,6x 7,3 PRAWE NIEPRZELOTOWE test.tom' (Brak folderu w bazie)
[2026-08-06 12:38:43] [INFO] SYMULACJA POMINIĘCIE: 'PRO-TECH D4.5x10 120st.tom' (Brak folderu w bazie)
[2026-08-06 12:38:43] [INFO] SYMULACJA POMINIĘCIE: 'r3 r3.tom' (Brak folderu w bazie)
[2026-08-06 12:38:43] [INFO] SYMULACJA POMINIĘCIE: 'STOLBAR D10 Z2 R3 L6.tom' (Brak folderu w bazie)
[2026-08-06 12:38:43] [INFO] SYMULACJA POMINIĘCIE: 'szlif uchwytu.tom' (Brak folderu w bazie)
[2026-08-06 12:38:43] [INFO] SYMULACJA POMINIĘCIE: 'szlifierka prosta frez d10 prosty.tom' (Brak folderu w bazie)
[2026-08-06 12:38:43] [INFO] SYMULACJA POMINIĘCIE: 'szlifierka prosta frez d10 stozek .tom' (Brak folderu w bazie)
[2026-08-06 12:38:43] [INFO] SYMULACJA POMINIĘCIE: 'test KULKA LOLIPOP.tom' (Brak folderu w bazie)
[2026-08-06 12:38:43] [INFO] SYMULACJA POMINIĘCIE: 'FARO PRZELOT.tom' (Brak folderu w bazie)
[2026-08-06 12:38:43] [INFO] SYMULACJA POMINIĘCIE: 'frezwid d7 stal.tom' (Brak folderu w bazie)
[2026-08-06 12:38:43] [INFO] SYMULACJA POMINIĘCIE: 'GLASS SPACE D8X 4,5 PILOT PRZELOTOWE.tom' (Brak folderu w bazie)
[2026-08-06 12:38:43] [INFO] SYMULACJA POMINIĘCIE: 'POCIECHA WIERTLO 2+2 NIEPZRZELOTOWE.tom' (Brak folderu w bazie)
[2026-08-06 12:38:43] [INFO] SYMULACJA POMINIĘCIE: 'TECHNO ROM TOOLS D6X12 KLAMKA V1.tom' (Brak folderu w bazie)
[2026-08-06 12:38:43] [INFO] SYMULACJA POMINIĘCIE: 'TECHNO ROM TOOLS KLAMKA D12X6 V2.tom' (Brak folderu w bazie)
[2026-08-06 12:38:43] [INFO] SYMULACJA POMINIĘCIE: 'WIERTLO-D9.5-43-D9-12-D4-16-NIEPRZELOTOWE.tom' (Brak folderu w bazie)
[2026-08-06 12:38:43] [INFO] SYMULACJA POMINIĘCIE: '4CTS WIERTLO-FREZ- D20-L50-Z4-CZOLO KAT120.tom' (Brak folderu w bazie)
[2026-08-06 12:38:43] [INFO] SYMULACJA POMINIĘCIE: 'BAROCKA WIERTLO D12.8x7 PRAWE NIEPRZELOTOWE ostrzenie.tom' (Brak folderu w bazie)
[2026-08-06 12:38:43] [INFO] SYMULACJA POMINIĘCIE: 'BOBEK D20 Z4 R55 OSTRZENIE.tom' (Brak folderu w bazie)
[2026-08-06 12:38:43] [INFO] SYMULACJA POMINIĘCIE: 'D10 Z4 R2.tom' (Brak folderu w bazie)
[2026-08-06 12:38:43] [INFO] SYMULACJA POMINIĘCIE: 'D20 LEWA pilka 6+6.tom' (Dwuznaczność (6 folderów))
[2026-08-06 12:38:43] [INFO] SYMULACJA POMINIĘCIE: 'D20 PRAWA pilka 6+6.tom' (Dwuznaczność (7 folderów))
[2026-08-06 12:38:43] [INFO] SYMULACJA POMINIĘCIE: 'D4 GRAWER 45 STOPNI.tom' (Brak folderu w bazie)
[2026-08-06 12:38:43] [INFO] SYMULACJA POMINIĘCIE: 'D4 GRAWER 90 STOPNI.tom' (Brak folderu w bazie)
[2026-08-06 12:38:43] [INFO] SYMULACJA POMINIĘCIE: 'D5 Z1 FACETY poprawwa.tom' (Brak folderu w bazie)
[2026-08-06 12:38:43] [INFO] SYMULACJA POMINIĘCIE: 'D8 Z2-PROSTY PRZESTAWIONY-HW.tom' (Brak folderu w bazie)
[2026-08-06 12:38:43] [INFO] SYMULACJA POMINIĘCIE: 'Dailycraft v2.tom' (Brak folderu w bazie)
[2026-08-06 12:38:43] [INFO] SYMULACJA POMINIĘCIE: 'DRE FREZ D14 Z2 ostrzenie.tom' (Brak folderu w bazie)
[2026-08-06 12:38:43] [INFO] SYMULACJA POMINIĘCIE: 'DRE FREZ D14 Z2 REklamacja nowy.tom' (Brak folderu w bazie)
[2026-08-06 12:38:43] [INFO] SYMULACJA POMINIĘCIE: 'DRE FREZ D14 Z2 REklamacja.tom' (Brak folderu w bazie)
[2026-08-06 12:38:43] [INFO] SYMULACJA POMINIĘCIE: 'FAKRO D40 Z6 EfRake 11st.tom' (Brak folderu w bazie)
[2026-08-06 12:38:43] [INFO] SYMULACJA POMINIĘCIE: 'frez 5st Z3.tom' (Brak folderu w bazie)
[2026-08-06 12:38:43] [INFO] SYMULACJA POMINIĘCIE: 'frez 5st.tom' (Brak folderu w bazie)
[2026-08-06 12:38:43] [INFO] SYMULACJA POMINIĘCIE: 'frez 7st wsteczny.tom' (Brak folderu w bazie)
[2026-08-06 12:38:43] [INFO] SYMULACJA POMINIĘCIE: 'frez 7st.tom' (Brak folderu w bazie)
[2026-08-06 12:38:43] [INFO] SYMULACJA POMINIĘCIE: 'FREZ D14 Z4 przerobka.tom' (Brak folderu w bazie)
[2026-08-06 12:38:43] [INFO] SYMULACJA POMINIĘCIE: 'FREZ D5 Z1 HSS .tom' (Brak folderu w bazie)
[2026-08-06 12:38:43] [INFO] SYMULACJA POMINIĘCIE: 'FREZ D5 Z1 JW LEWE poprawa.tom' (Brak folderu w bazie)
[2026-08-06 12:38:43] [INFO] SYMULACJA POMINIĘCIE: 'frez do kluczy AP.tom' (Brak folderu w bazie)
[2026-08-06 12:38:43] [INFO] SYMULACJA POMINIĘCIE: 'FREZ NPOL Z2 D8,1xD11,8.tom' (Brak folderu w bazie)
[2026-08-06 12:38:43] [INFO] SYMULACJA POMINIĘCIE: 'FREZ NPOL Z3 D10.4xD16.tom' (Brak folderu w bazie)
[2026-08-06 12:38:43] [INFO] SYMULACJA POMINIĘCIE: 'FREZ NPOL Z3 D5.4xD9,8.tom' (Brak folderu w bazie)
[2026-08-06 12:38:43] [INFO] SYMULACJA POMINIĘCIE: 'FREZWID FREZ D16 Z2 30st x 3.5 prosty.tom' (Brak folderu w bazie)
[2026-08-06 12:38:43] [INFO] SYMULACJA POMINIĘCIE: 'FREZWID FREZ D16 Z2 30st x 5.5 prosty.tom' (Brak folderu w bazie)
[2026-08-06 12:38:43] [INFO] SYMULACJA POMINIĘCIE: 'FREZWID FREZ D20 Z3 30st x 5.5.tom' (Brak folderu w bazie)
[2026-08-06 12:38:43] [INFO] SYMULACJA POMINIĘCIE: 'FREZWID FREZ D20 Z4 30st x 5.5.tom' (Brak folderu w bazie)
[2026-08-06 12:38:43] [INFO] SYMULACJA POMINIĘCIE: 'FREZWID(SKLEP) D5 L30 LEWE JW POPRAWEA.tom' (Brak folderu w bazie)
[2026-08-06 12:38:43] [INFO] SYMULACJA POMINIĘCIE: 'FREZWID_GNIAZDO d9.2x16 l2.9.tom' (Brak folderu w bazie)
[2026-08-06 12:38:43] [INFO] SYMULACJA POMINIĘCIE: 'gwintownik D8.2 szyjka.tom' (Brak folderu w bazie)
[2026-08-06 12:38:43] [INFO] SYMULACJA POMINIĘCIE: 'HANNECARD D6 KSZTALT R3 HW.tom' (Brak folderu w bazie)
[2026-08-06 12:38:43] [INFO] SYMULACJA POMINIĘCIE: 'HANNECARD D6 KSZTALT R3 kat10st HW.tom' (Brak folderu w bazie)
[2026-08-06 12:38:43] [INFO] SYMULACJA POMINIĘCIE: 'HANNECARD D6 KSZTALT R3 kat6st HW.tom' (Brak folderu w bazie)
[2026-08-06 12:38:43] [INFO] SYMULACJA POMINIĘCIE: 'KOCZY D8-Z2 FREZ KAT60-OSTRZENIE.tom' (Brak folderu w bazie)
[2026-08-06 12:38:43] [INFO] SYMULACJA POMINIĘCIE: 'KULA D6 Z3 LEWO PRAWY ostrzenie.tom' (Brak folderu w bazie)
[2026-08-06 12:38:43] [INFO] SYMULACJA POMINIĘCIE: 'MALPISZON WIERTLO D12 K60 PRZELOTOWE OSTRZENIE.tom' (Brak folderu w bazie)
[2026-08-06 12:38:43] [INFO] SYMULACJA POMINIĘCIE: 'MASLACH WIERTLO d22 czolo.tom' (Brak folderu w bazie)
[2026-08-06 12:38:43] [INFO] SYMULACJA POMINIĘCIE: 'MB TRADING D16xd8 przerobka.tom' (Brak folderu w bazie)
[2026-08-06 12:38:43] [INFO] SYMULACJA POMINIĘCIE: 'MEJZA ostrzenie D12 R2 R2.5 Z2.tom' (Brak folderu w bazie)
[2026-08-06 12:38:43] [INFO] SYMULACJA POMINIĘCIE: 'NEWFORM FREZ Z16 D112 OSTRZENIE OD L50.tom' (Brak folderu w bazie)
[2026-08-06 12:38:43] [INFO] SYMULACJA OK: 'NEWFORM FREZ Z16 D112 OSTRZENIE OD L90.tom' zakwalifikowany do 'ZS-XXX NEWFORM L90'
[2026-08-06 12:38:43] [INFO] SYMULACJA POMINIĘCIE: 'NEWFORM FREZ Z16 D112 OSTRZENIE p2.tom' (Brak folderu w bazie)
[2026-08-06 12:38:43] [INFO] SYMULACJA POMINIĘCIE: 'NEWFORM FREZ Z16 D112 OSTRZENIE.tom' (Brak folderu w bazie)
[2026-08-06 12:38:43] [INFO] SYMULACJA POMINIĘCIE: 'OKNO-POL FREZ D6X3 Z2 HW ostrzenie .tom' (Brak folderu w bazie)
[2026-08-06 12:38:43] [INFO] SYMULACJA POMINIĘCIE: 'ostrzenie MEJZA D12 R2 R2.5 Z2.tom' (Brak folderu w bazie)
[2026-08-06 12:38:43] [INFO] SYMULACJA POMINIĘCIE: 'OSTRZENIE TOOLMAR R5.5.tom' (Brak folderu w bazie)
[2026-08-06 12:38:43] [INFO] SYMULACJA POMINIĘCIE: 'PANTERA TOOLING PILOT D4,2 L10 (BEZ OSTRZY).tom' (Brak folderu w bazie)
[2026-08-06 12:38:43] [INFO] SYMULACJA POMINIĘCIE: 'PANTERA TOOLING PILOT D4,2 L10 (NORMALNY).tom' (Brak folderu w bazie)
[2026-08-06 12:38:43] [INFO] SYMULACJA POMINIĘCIE: 'plytki ostrzenie.tom' (Brak folderu w bazie)
[2026-08-06 12:38:43] [INFO] SYMULACJA POMINIĘCIE: 'POL SKONE D12-Z4-PRAWO LEWY_R8.tom' (Brak folderu w bazie)
[2026-08-06 12:38:43] [INFO] SYMULACJA POMINIĘCIE: 'PRESTIGE D16 Z2 R1 L20 LEWO PRAWY OSTRZENIE.tom' (Brak folderu w bazie)
[2026-08-06 12:38:43] [INFO] SYMULACJA POMINIĘCIE: 'PRESTIGE KULA D16 Z3 LEWO PRAWY.tom' (Brak folderu w bazie)
[2026-08-06 12:38:43] [INFO] SYMULACJA POMINIĘCIE: 'PRESTIGE KULA D8 Z3 LEWO PRAWY ostrzenie.tom' (Brak folderu w bazie)
[2026-08-06 12:38:43] [INFO] SYMULACJA POMINIĘCIE: 'ROZWIERTAK D12 Z8 OSTRZENIE.tom' (Brak folderu w bazie)
[2026-08-06 12:38:43] [INFO] SYMULACJA POMINIĘCIE: 'ROZWIERTAK D25 Z OSTRZENIE.tom' (Brak folderu w bazie)
[2026-08-06 12:38:43] [INFO] SYMULACJA POMINIĘCIE: 'ROZWIERTAK D30 Z10 OSTRZENIE.tom' (Brak folderu w bazie)
[2026-08-06 12:38:43] [INFO] SYMULACJA POMINIĘCIE: 'TRADYCJA OSTRZENIE D5x3 Z1  FACETY.tom' (Brak folderu w bazie)
[2026-08-06 12:38:43] [INFO] SYMULACJA POMINIĘCIE: 'WIERTLO POD KLAMKE-D12-PILOT 6NA6-LEWE poprawa.tom' (Brak folderu w bazie)
[2026-08-06 12:38:43] [INFO] SYMULACJA POMINIĘCIE: 'Z4 90stopni czolo na freza.tom' (Brak folderu w bazie)
[2026-08-06 12:38:43] [INFO] SYMULACJA POMINIĘCIE: 'D10 Z5.tom' (Brak folderu w bazie)
[2026-08-06 12:38:43] [INFO] SYMULACJA POMINIĘCIE: 'D22 z6 hss.tom' (Brak folderu w bazie)
[2026-08-06 12:38:43] [INFO] SYMULACJA POMINIĘCIE: 'D8 PRAWE JAK WIERTLO nowy typ.tom' (Brak folderu w bazie)
[2026-08-06 12:38:43] [INFO] SYMULACJA POMINIĘCIE: 'FARO OSTRZENIE 4+2 prawe.tom' (Brak folderu w bazie)
[2026-08-06 12:38:43] [INFO] SYMULACJA POMINIĘCIE: 'FARO OSTRZENIE 4+2.tom' (Brak folderu w bazie)
[2026-08-06 12:38:43] [INFO] SYMULACJA POMINIĘCIE: 'FARO OSTRZENIE 6+3.tom' (Brak folderu w bazie)
[2026-08-06 12:38:43] [INFO] SYMULACJA POMINIĘCIE: 'FREZ D10 Z1.tom' (Brak folderu w bazie)
[2026-08-06 12:38:43] [INFO] SYMULACJA POMINIĘCIE: 'FREZ D10 Z2 KULA.tom' (Brak folderu w bazie)
[2026-08-06 12:38:43] [INFO] SYMULACJA POMINIĘCIE: 'FREZ D10 Z2.tom' (Brak folderu w bazie)
[2026-08-06 12:38:43] [INFO] SYMULACJA POMINIĘCIE: 'FREZ D10 Z3 lewe.tom' (Brak folderu w bazie)
[2026-08-06 12:38:43] [INFO] SYMULACJA POMINIĘCIE: 'FREZ D10 Z3 prawolewe.tom' (Brak folderu w bazie)
[2026-08-06 12:38:43] [INFO] SYMULACJA POMINIĘCIE: 'FREZ D10 Z3.tom' (Brak folderu w bazie)
[2026-08-06 12:38:43] [INFO] SYMULACJA POMINIĘCIE: 'FREZ D10 Z4.tom' (Brak folderu w bazie)
[2026-08-06 12:38:43] [INFO] SYMULACJA POMINIĘCIE: 'FREZ D10 Z5.tom' (Brak folderu w bazie)
[2026-08-06 12:38:43] [INFO] SYMULACJA POMINIĘCIE: 'FREZ D10-Z2+2 t.tom' (Brak folderu w bazie)
[2026-08-06 12:38:43] [INFO] SYMULACJA POMINIĘCIE: 'FREZ D11.6 Z2 KULA prxzerobka.tom' (Brak folderu w bazie)
[2026-08-06 12:38:43] [INFO] SYMULACJA POMINIĘCIE: 'FREZ D12 Z2 KULA.tom' (Brak folderu w bazie)
[2026-08-06 12:38:43] [INFO] SYMULACJA POMINIĘCIE: 'FREZ D12 Z2.tom' (Brak folderu w bazie)
[2026-08-06 12:38:43] [INFO] SYMULACJA POMINIĘCIE: 'FREZ D12 Z3 prawolewe.tom' (Brak folderu w bazie)
[2026-08-06 12:38:43] [INFO] SYMULACJA POMINIĘCIE: 'FREZ D12 Z3.tom' (Brak folderu w bazie)
[2026-08-06 12:38:43] [INFO] SYMULACJA POMINIĘCIE: 'FREZ D12 Z4 NASZE dorabianie łamacza.tom' (Brak folderu w bazie)
[2026-08-06 12:38:43] [INFO] SYMULACJA POMINIĘCIE: 'FREZ D12 Z4 NASZE.tom' (Brak folderu w bazie)
[2026-08-06 12:38:43] [INFO] SYMULACJA POMINIĘCIE: 'FREZ D12 Z4.tom' (Brak folderu w bazie)
[2026-08-06 12:38:43] [INFO] SYMULACJA POMINIĘCIE: 'FREZ D12 Z5.tom' (Brak folderu w bazie)
[2026-08-06 12:38:43] [INFO] SYMULACJA POMINIĘCIE: 'FREZ D12 Z6 do twardych.tom' (Brak folderu w bazie)
[2026-08-06 12:38:43] [INFO] SYMULACJA POMINIĘCIE: 'FREZ D12-Z2+2 t.tom' (Brak folderu w bazie)
[2026-08-06 12:38:43] [INFO] SYMULACJA POMINIĘCIE: 'FREZ D12-Z2+2 test.tom' (Brak folderu w bazie)
[2026-08-06 12:38:43] [INFO] SYMULACJA POMINIĘCIE: 'FREZ D12-Z2+4 t.tom' (Brak folderu w bazie)
[2026-08-06 12:38:43] [INFO] SYMULACJA POMINIĘCIE: 'FREZ D12-Z3+3 test.tom' (Brak folderu w bazie)
[2026-08-06 12:38:43] [INFO] SYMULACJA POMINIĘCIE: 'FREZ D14 Z2 POLER.tom' (Brak folderu w bazie)
[2026-08-06 12:38:43] [INFO] SYMULACJA POMINIĘCIE: 'FREZ D14 Z2.tom' (Brak folderu w bazie)
[2026-08-06 12:38:43] [INFO] SYMULACJA POMINIĘCIE: 'FREZ D14 Z3.tom' (Brak folderu w bazie)
[2026-08-06 12:38:43] [INFO] SYMULACJA POMINIĘCIE: 'FREZ D14 Z4 .tom' (Brak folderu w bazie)
[2026-08-06 12:38:43] [INFO] SYMULACJA POMINIĘCIE: 'FREZ D14 Z4 HSS.tom' (Brak folderu w bazie)
[2026-08-06 12:38:43] [INFO] SYMULACJA POMINIĘCIE: 'FREZ D16 Z3 0dl.tom' (Brak folderu w bazie)
[2026-08-06 12:38:43] [INFO] SYMULACJA POMINIĘCIE: 'FREZ D16 Z3 lewe czolo.tom' (Brak folderu w bazie)
[2026-08-06 12:38:43] [INFO] SYMULACJA POMINIĘCIE: 'FREZ D16 Z3 lewo PRAWE.tom' (Brak folderu w bazie)
[2026-08-06 12:38:43] [INFO] SYMULACJA POMINIĘCIE: 'FREZ D16 Z3+3 LEWE.tom' (Brak folderu w bazie)
[2026-08-06 12:38:43] [INFO] SYMULACJA POMINIĘCIE: 'FREZ D16 Z3+3.tom' (Brak folderu w bazie)
[2026-08-06 12:38:43] [INFO] SYMULACJA POMINIĘCIE: 'FREZ D16 Z3.tom' (Brak folderu w bazie)
[2026-08-06 12:38:43] [INFO] SYMULACJA POMINIĘCIE: 'FREZ D16 Z4 HSS.tom' (Brak folderu w bazie)
[2026-08-06 12:38:43] [INFO] SYMULACJA POMINIĘCIE: 'FREZ D16 Z4 lamacz.tom' (Brak folderu w bazie)
[2026-08-06 12:38:43] [INFO] SYMULACJA POMINIĘCIE: 'FREZ D16 Z4 NASZE.tom' (Brak folderu w bazie)
[2026-08-06 12:38:43] [INFO] SYMULACJA POMINIĘCIE: 'FREZ D16 Z4.tom' (Brak folderu w bazie)
[2026-08-06 12:38:43] [INFO] SYMULACJA POMINIĘCIE: 'FREZ D16-Z2+2 t.tom' (Brak folderu w bazie)
[2026-08-06 12:38:43] [INFO] SYMULACJA POMINIĘCIE: 'FREZ D18 Z3.tom' (Brak folderu w bazie)
[2026-08-06 12:38:43] [INFO] SYMULACJA POMINIĘCIE: 'FREZ D18 Z4.tom' (Brak folderu w bazie)
[2026-08-06 12:38:43] [INFO] SYMULACJA POMINIĘCIE: 'FREZ D20 Z2.tom' (Brak folderu w bazie)
[2026-08-06 12:38:43] [INFO] SYMULACJA POMINIĘCIE: 'FREZ D20 Z3 LEWE.tom' (Brak folderu w bazie)
[2026-08-06 12:38:43] [INFO] SYMULACJA POMINIĘCIE: 'FREZ D20 Z3 LEWo prawe.tom' (Brak folderu w bazie)
[2026-08-06 12:38:43] [INFO] SYMULACJA POMINIĘCIE: 'FREZ D20 Z3.tom' (Brak folderu w bazie)
[2026-08-06 12:38:43] [INFO] SYMULACJA POMINIĘCIE: 'FREZ D20 Z4.tom' (Brak folderu w bazie)
[2026-08-06 12:38:43] [INFO] SYMULACJA POMINIĘCIE: 'FREZ D20 Z8.tom' (Brak folderu w bazie)
[2026-08-06 12:38:43] [INFO] SYMULACJA POMINIĘCIE: 'FREZ D24 Z2.tom' (Brak folderu w bazie)
[2026-08-06 12:38:43] [INFO] SYMULACJA POMINIĘCIE: 'FREZ D25 Z3.tom' (Brak folderu w bazie)
[2026-08-06 12:38:43] [INFO] SYMULACJA POMINIĘCIE: 'FREZ D25 Z6 HS.tom' (Brak folderu w bazie)
[2026-08-06 12:38:43] [INFO] SYMULACJA POMINIĘCIE: 'FREZ D3 Z1.tom' (Brak folderu w bazie)
[2026-08-06 12:38:43] [INFO] SYMULACJA POMINIĘCIE: 'FREZ D30 Z3  test.tom' (Brak folderu w bazie)
[2026-08-06 12:38:43] [INFO] SYMULACJA POMINIĘCIE: 'FREZ D30 Z3.tom' (Brak folderu w bazie)
[2026-08-06 12:38:43] [INFO] SYMULACJA POMINIĘCIE: 'FREZ D4 Z2.tom' (Brak folderu w bazie)
[2026-08-06 12:38:43] [INFO] SYMULACJA POMINIĘCIE: 'FREZ D4 Z3.tom' (Brak folderu w bazie)
[2026-08-06 12:38:43] [INFO] SYMULACJA POMINIĘCIE: 'FREZ D4 Z4 twarde.tom' (Brak folderu w bazie)
[2026-08-06 12:38:43] [INFO] SYMULACJA POMINIĘCIE: 'FREZ D4 Z4.tom' (Brak folderu w bazie)
[2026-08-06 12:38:43] [INFO] SYMULACJA POMINIĘCIE: 'FREZ D40 Z3.tom' (Brak folderu w bazie)
[2026-08-06 12:38:43] [INFO] SYMULACJA POMINIĘCIE: 'FREZ D5 Z1 JAK WIERTLO nowy typ LEWE.tom' (Brak folderu w bazie)
[2026-08-06 12:38:43] [INFO] SYMULACJA POMINIĘCIE: 'FREZ D5 Z1 JAK WIERTLO nowy typ.tom' (Brak folderu w bazie)
[2026-08-06 12:38:43] [INFO] SYMULACJA POMINIĘCIE: 'FREZ D5 Z1.tom' (Brak folderu w bazie)
[2026-08-06 12:38:43] [INFO] SYMULACJA POMINIĘCIE: 'FREZ D5 Z2 KULA.tom' (Brak folderu w bazie)
[2026-08-06 12:38:43] [INFO] SYMULACJA POMINIĘCIE: 'FREZ D5 Z2.tom' (Brak folderu w bazie)
[2026-08-06 12:38:43] [INFO] SYMULACJA POMINIĘCIE: 'FREZ D5 Z3.tom' (Brak folderu w bazie)
[2026-08-06 12:38:43] [INFO] SYMULACJA POMINIĘCIE: 'FREZ D6 Z1 HSS .tom' (Brak folderu w bazie)
[2026-08-06 12:38:43] [INFO] SYMULACJA POMINIĘCIE: 'FREZ D6 Z2 KULA.tom' (Brak folderu w bazie)
[2026-08-06 12:38:43] [INFO] SYMULACJA POMINIĘCIE: 'FREZ D6 Z2 lewo prawy.tom' (Brak folderu w bazie)
[2026-08-06 12:38:43] [INFO] SYMULACJA POMINIĘCIE: 'FREZ D6 Z2.tom' (Brak folderu w bazie)
[2026-08-06 12:38:43] [INFO] SYMULACJA POMINIĘCIE: 'FREZ D6 Z3.tom' (Brak folderu w bazie)
[2026-08-06 12:38:43] [INFO] SYMULACJA POMINIĘCIE: 'FREZ D6 Z4 R1.tom' (Brak folderu w bazie)
[2026-08-06 12:38:43] [INFO] SYMULACJA POMINIĘCIE: 'FREZ D6 Z4.tom' (Brak folderu w bazie)
[2026-08-06 12:38:43] [INFO] SYMULACJA POMINIĘCIE: 'FREZ D6-Z2+2.tom' (Brak folderu w bazie)
[2026-08-06 12:38:43] [INFO] SYMULACJA POMINIĘCIE: 'FREZ D8 Z1 HS.tom' (Brak folderu w bazie)
[2026-08-06 12:38:43] [INFO] SYMULACJA POMINIĘCIE: 'FREZ D8 Z1 HSS .tom' (Brak folderu w bazie)
[2026-08-06 12:38:43] [INFO] SYMULACJA POMINIĘCIE: 'FREZ D8 Z1 HSS.tom' (Brak folderu w bazie)
[2026-08-06 12:38:43] [INFO] SYMULACJA POMINIĘCIE: 'FREZ D8 Z1 stary szpic.tom' (Brak folderu w bazie)
[2026-08-06 12:38:43] [INFO] SYMULACJA POMINIĘCIE: 'FREZ D8 Z1.tom' (Brak folderu w bazie)
[2026-08-06 12:38:43] [INFO] SYMULACJA POMINIĘCIE: 'FREZ D8 Z2 KULA.tom' (Brak folderu w bazie)
[2026-08-06 12:38:43] [INFO] SYMULACJA POMINIĘCIE: 'FREZ D8 Z2 lewo prawy.tom' (Brak folderu w bazie)
[2026-08-06 12:38:43] [INFO] SYMULACJA POMINIĘCIE: 'FREZ D8 Z2.tom' (Brak folderu w bazie)
[2026-08-06 12:38:43] [INFO] SYMULACJA POMINIĘCIE: 'FREZ D8 Z3 0dl.tom' (Brak folderu w bazie)
[2026-08-06 12:38:43] [INFO] SYMULACJA POMINIĘCIE: 'FREZ D8 Z3 czolo.tom' (Brak folderu w bazie)
[2026-08-06 12:38:43] [INFO] SYMULACJA POMINIĘCIE: 'FREZ D8 Z3 LEWO PRAWY.tom' (Brak folderu w bazie)
[2026-08-06 12:38:43] [INFO] SYMULACJA POMINIĘCIE: 'FREZ D8 Z3.tom' (Brak folderu w bazie)
[2026-08-06 12:38:43] [INFO] SYMULACJA POMINIĘCIE: 'FREZ D8 Z4 LEWE.tom' (Brak folderu w bazie)
[2026-08-06 12:38:43] [INFO] SYMULACJA POMINIĘCIE: 'FREZ D8 Z4.tom' (Brak folderu w bazie)
[2026-08-06 12:38:43] [INFO] SYMULACJA POMINIĘCIE: 'FREZ D8-Z2+2 nowy.tom' (Brak folderu w bazie)
[2026-08-06 12:38:43] [INFO] SYMULACJA POMINIĘCIE: 'FREZ D8-Z2+2 t.tom' (Brak folderu w bazie)
[2026-08-06 12:38:43] [INFO] SYMULACJA POMINIĘCIE: 'FREZ D8-Z2+2 v2.tom' (Brak folderu w bazie)
[2026-08-06 12:38:43] [INFO] SYMULACJA POMINIĘCIE: 'FREZ D8-Z4+2 kanalki lewe.tom' (Brak folderu w bazie)
[2026-08-06 12:38:43] [INFO] SYMULACJA POMINIĘCIE: 'FREZ D8-Z4+2 kanalki prawe i czolo.tom' (Brak folderu w bazie)
[2026-08-06 12:38:43] [INFO] SYMULACJA POMINIĘCIE: 'FREZ D8-Z4+2 t.tom' (Brak folderu w bazie)
[2026-08-06 12:38:43] [INFO] SYMULACJA POMINIĘCIE: 'FREZ KULA D16 Z2.tom' (Brak folderu w bazie)
[2026-08-06 12:38:43] [INFO] SYMULACJA POMINIĘCIE: 'FREZ KULA D18 Z2.tom' (Brak folderu w bazie)
[2026-08-06 12:38:43] [INFO] SYMULACJA POMINIĘCIE: 'FREZ KULA D20 Z2.tom' (Brak folderu w bazie)
[2026-08-06 12:38:43] [INFO] SYMULACJA POMINIĘCIE: 'FREZ T D8 Z4 R0.5.tom' (Brak folderu w bazie)
[2026-08-06 12:38:43] [INFO] SYMULACJA POMINIĘCIE: 'FREZWID D10-Z4 TEOWY BORGWARNER.tom' (Brak folderu w bazie)
[2026-08-06 12:38:43] [INFO] SYMULACJA POMINIĘCIE: 'FREZWID D12-Z4 TEOWY BORGWARNER.tom' (Brak folderu w bazie)
[2026-08-06 12:38:43] [INFO] SYMULACJA POMINIĘCIE: 'FREZWID kula D20 Z3.tom' (Brak folderu w bazie)
[2026-08-06 12:38:43] [INFO] SYMULACJA POMINIĘCIE: 'FREZWID OSTRZENIE KULA D10 Z2.tom' (Brak folderu w bazie)
[2026-08-06 12:38:43] [INFO] SYMULACJA POMINIĘCIE: 'FREZWID OSTRZENIE KULA D10 Z4.tom' (Brak folderu w bazie)
[2026-08-06 12:38:44] [INFO] SYMULACJA POMINIĘCIE: 'FREZWID OSTRZENIE KULA D12 Z2.tom' (Brak folderu w bazie)
[2026-08-06 12:38:44] [INFO] SYMULACJA POMINIĘCIE: 'FREZWID OSTRZENIE KULA D12 Z4.tom' (Brak folderu w bazie)
[2026-08-06 12:38:44] [INFO] SYMULACJA POMINIĘCIE: 'FREZWID OSTRZENIE KULA D14 Z2.tom' (Brak folderu w bazie)
[2026-08-06 12:38:44] [INFO] SYMULACJA POMINIĘCIE: 'FREZWID OSTRZENIE KULA D16 Z2.tom' (Brak folderu w bazie)
[2026-08-06 12:38:44] [INFO] SYMULACJA POMINIĘCIE: 'FREZWID OSTRZENIE KULA D20 Z3.tom' (Brak folderu w bazie)
[2026-08-06 12:38:44] [INFO] SYMULACJA POMINIĘCIE: 'FREZWID OSTRZENIE KULA D5 Z2.tom' (Brak folderu w bazie)
[2026-08-06 12:38:44] [INFO] SYMULACJA POMINIĘCIE: 'FREZWID OSTRZENIE KULA D6 Z2.tom' (Brak folderu w bazie)
[2026-08-06 12:38:44] [INFO] SYMULACJA POMINIĘCIE: 'FREZWID OSTRZENIE KULA D6 Z4.tom' (Brak folderu w bazie)
[2026-08-06 12:38:44] [INFO] SYMULACJA POMINIĘCIE: 'FREZWID OSTRZENIE KULA D8 Z2.tom' (Brak folderu w bazie)
[2026-08-06 12:38:44] [INFO] SYMULACJA POMINIĘCIE: 'FREZWID OSTRZENIE KULA D8 Z4.tom' (Brak folderu w bazie)
[2026-08-06 12:38:44] [INFO] SYMULACJA POMINIĘCIE: 'FREZWID OSTRZENIUE KULA D20 Z3 0DLUGICH.tom' (Brak folderu w bazie)
[2026-08-06 12:38:44] [INFO] SYMULACJA POMINIĘCIE: 'GOLD DOOR D8 D8.5 L2 Teowy HSS.tom' (Brak folderu w bazie)
[2026-08-06 12:38:44] [INFO] SYMULACJA POMINIĘCIE: 'KULA D12 Z3.tom' (Brak folderu w bazie)
[2026-08-06 12:38:44] [INFO] SYMULACJA POMINIĘCIE: 'KULA D20 Z3 LEWO PRAWY.tom' (Brak folderu w bazie)
[2026-08-06 12:38:44] [INFO] SYMULACJA POMINIĘCIE: 'KULA D8 LEWO-PRAWO-Z3.tom' (Brak folderu w bazie)
[2026-08-06 12:38:44] [INFO] SYMULACJA POMINIĘCIE: 'nawiertak 118st D10.tom' (Brak folderu w bazie)
[2026-08-06 12:38:44] [INFO] SYMULACJA POMINIĘCIE: 'nawiertak 90st D6.tom' (Brak folderu w bazie)
[2026-08-06 12:38:44] [INFO] SYMULACJA POMINIĘCIE: 'ostrxenie d25 z5.tom' (Brak folderu w bazie)
[2026-08-06 12:38:44] [INFO] SYMULACJA POMINIĘCIE: 'OSTRZENIE D10Z3.tom' (Brak folderu w bazie)
[2026-08-06 12:38:44] [INFO] SYMULACJA POMINIĘCIE: 'OSTRZENIE KULA D16 LEWO PRAWA.tom' (Brak folderu w bazie)
[2026-08-06 12:38:44] [INFO] SYMULACJA POMINIĘCIE: 'fazownik D20 z3 K90.tom' (Brak folderu w bazie)
[2026-08-06 12:38:44] [INFO] SYMULACJA POMINIĘCIE: 'fazownik NPOL D20 z3 K90.tom' (Brak folderu w bazie)
[2026-08-06 12:38:44] [INFO] SYMULACJA POMINIĘCIE: 'fazownik z3 D4.tom' (Brak folderu w bazie)
[2026-08-06 12:38:44] [INFO] SYMULACJA POMINIĘCIE: 'fazownik z3 D6.tom' (Brak folderu w bazie)
[2026-08-06 12:38:44] [INFO] SYMULACJA POMINIĘCIE: 'fazownik z4 D12.tom' (Brak folderu w bazie)
[2026-08-06 12:38:44] [INFO] SYMULACJA POMINIĘCIE: 'fazownik z4 D13x2.5.tom' (Brak folderu w bazie)
[2026-08-06 12:38:44] [INFO] SYMULACJA POMINIĘCIE: 'fazownik z4 D14.tom' (Brak folderu w bazie)
[2026-08-06 12:38:44] [INFO] SYMULACJA POMINIĘCIE: 'fazownik z4 D8.tom' (Brak folderu w bazie)
[2026-08-06 12:38:44] [INFO] SYMULACJA POMINIĘCIE: 'fazownik z5 D8.tom' (Brak folderu w bazie)
[2026-08-06 12:38:44] [INFO] SYMULACJA POMINIĘCIE: 'fazownik z5.tom' (Brak folderu w bazie)
[2026-08-06 12:38:44] [INFO] SYMULACJA POMINIĘCIE: 'fazownik z6 D8.tom' (Brak folderu w bazie)
[2026-08-06 12:38:44] [INFO] SYMULACJA POMINIĘCIE: 'nawiertak 10 90st AP.tom' (Brak folderu w bazie)
[2026-08-06 12:38:44] [INFO] SYMULACJA POMINIĘCIE: 'nawiertak 74st.tom' (Brak folderu w bazie)
[2026-08-06 12:38:44] [INFO] SYMULACJA POMINIĘCIE: 'nawiertak 90st D10.tom' (Brak folderu w bazie)
[2026-08-06 12:38:44] [INFO] SYMULACJA POMINIĘCIE: 'nawiertak 90st D6.tom' (Brak folderu w bazie)
[2026-08-06 12:38:44] [INFO] SYMULACJA POMINIĘCIE: 'nawiertak 90st D8.tom' (Brak folderu w bazie)
[2026-08-06 12:38:44] [INFO] SYMULACJA POMINIĘCIE: 'nawiertak 90st FACET.tom' (Brak folderu w bazie)
[2026-08-06 12:38:44] [INFO] SYMULACJA POMINIĘCIE: 'nawiertak 90st.tom' (Brak folderu w bazie)
[2026-08-06 12:38:44] [INFO] SYMULACJA POMINIĘCIE: 'PILOT D3XL10 D6.5.tom' (Brak folderu w bazie)
[2026-08-06 12:38:44] [INFO] SYMULACJA POMINIĘCIE: 'PILOT D6XL6 D10.tom' (Brak folderu w bazie)
[2026-08-06 12:38:44] [INFO] SYMULACJA POMINIĘCIE: 'PILOT D6XL6 D12.tom' (Brak folderu w bazie)
[2026-08-06 12:38:44] [INFO] SYMULACJA POMINIĘCIE: 'PILOT D6XL6 D14.tom' (Brak folderu w bazie)
[2026-08-06 12:38:44] [INFO] SYMULACJA POMINIĘCIE: 'sektest.tom' (Brak folderu w bazie)
[2026-08-06 12:38:44] [INFO] SYMULACJA POMINIĘCIE: 'TAK FACETY.tom' (Brak folderu w bazie)
[2026-08-06 12:38:44] [INFO] SYMULACJA POMINIĘCIE: 'TAK.tom' (Brak folderu w bazie)
[2026-08-06 12:38:44] [INFO] SYMULACJA POMINIĘCIE: 'WIERTLO 10 conP.tom' (Brak folderu w bazie)
[2026-08-06 12:38:44] [INFO] SYMULACJA POMINIĘCIE: 'WIERTLO 10 conR.tom' (Brak folderu w bazie)
[2026-08-06 12:38:44] [INFO] SYMULACJA POMINIĘCIE: 'WIERTLO 11 conR.tom' (Brak folderu w bazie)
[2026-08-06 12:38:44] [INFO] SYMULACJA POMINIĘCIE: 'WIERTLO 11.8 conG HSS AP.tom' (Brak folderu w bazie)
[2026-08-06 12:38:44] [INFO] SYMULACJA POMINIĘCIE: 'WIERTLO 11.8 conG.tom' (Brak folderu w bazie)
[2026-08-06 12:38:44] [INFO] SYMULACJA POMINIĘCIE: 'WIERTLO 12 conR.tom' (Brak folderu w bazie)
[2026-08-06 12:38:44] [INFO] SYMULACJA POMINIĘCIE: 'WIERTLO 12 facR.tom' (Brak folderu w bazie)
[2026-08-06 12:38:44] [INFO] SYMULACJA POMINIĘCIE: 'WIERTLO 14 conR.tom' (Brak folderu w bazie)
[2026-08-06 12:38:44] [INFO] SYMULACJA POMINIĘCIE: 'WIERTLO 15 conR.tom' (Brak folderu w bazie)
[2026-08-06 12:38:44] [INFO] SYMULACJA POMINIĘCIE: 'WIERTLO 16 conR.tom' (Brak folderu w bazie)
[2026-08-06 12:38:44] [INFO] SYMULACJA POMINIĘCIE: 'WIERTLO 17 conG HSS AP.tom' (Brak folderu w bazie)
[2026-08-06 12:38:44] [INFO] SYMULACJA POMINIĘCIE: 'WIERTLO 17.5 conG.tom' (Brak folderu w bazie)
[2026-08-06 12:38:44] [INFO] SYMULACJA POMINIĘCIE: 'WIERTLO 17.5 conR.tom' (Brak folderu w bazie)
[2026-08-06 12:38:44] [INFO] SYMULACJA POMINIĘCIE: 'WIERTLO 17.5 facR.tom' (Brak folderu w bazie)
[2026-08-06 12:38:44] [INFO] SYMULACJA POMINIĘCIE: 'WIERTLO 19.6 conR.tom' (Brak folderu w bazie)
[2026-08-06 12:38:44] [INFO] SYMULACJA POMINIĘCIE: 'WIERTLO 20 conR.tom' (Brak folderu w bazie)
[2026-08-06 12:38:44] [INFO] SYMULACJA POMINIĘCIE: 'WIERTLO 3 conR.tom' (Brak folderu w bazie)
[2026-08-06 12:38:44] [INFO] SYMULACJA POMINIĘCIE: 'WIERTLO 3.6 conR.tom' (Brak folderu w bazie)
[2026-08-06 12:38:44] [INFO] SYMULACJA POMINIĘCIE: 'WIERTLO 3.7 conR HSS.tom' (Brak folderu w bazie)
[2026-08-06 12:38:44] [INFO] SYMULACJA POMINIĘCIE: 'WIERTLO 4 conR.tom' (Brak folderu w bazie)
[2026-08-06 12:38:44] [INFO] SYMULACJA POMINIĘCIE: 'WIERTLO 4.3 conR.tom' (Brak folderu w bazie)
[2026-08-06 12:38:44] [INFO] SYMULACJA POMINIĘCIE: 'WIERTLO 5 conP.tom' (Brak folderu w bazie)
[2026-08-06 12:38:44] [INFO] SYMULACJA POMINIĘCIE: 'WIERTLO 5 conR.tom' (Brak folderu w bazie)
[2026-08-06 12:38:44] [INFO] SYMULACJA POMINIĘCIE: 'WIERTLO 5 facR.tom' (Brak folderu w bazie)
[2026-08-06 12:38:44] [INFO] SYMULACJA POMINIĘCIE: 'WIERTLO 6 ConR.tom' (Brak folderu w bazie)
[2026-08-06 12:38:44] [INFO] SYMULACJA POMINIĘCIE: 'WIERTLO 6.4 facR.tom' (Brak folderu w bazie)
[2026-08-06 12:38:44] [INFO] SYMULACJA POMINIĘCIE: 'WIERTLO 6.6 conR.tom' (Brak folderu w bazie)
[2026-08-06 12:38:44] [INFO] SYMULACJA POMINIĘCIE: 'WIERTLO 7 conR.tom' (Brak folderu w bazie)
[2026-08-06 12:38:44] [INFO] SYMULACJA POMINIĘCIE: 'WIERTLO 8 conR.tom' (Brak folderu w bazie)
[2026-08-06 12:38:44] [INFO] SYMULACJA POMINIĘCIE: 'WIERTLO 9 conR.tom' (Brak folderu w bazie)
[2026-08-06 12:38:44] [INFO] SYMULACJA POMINIĘCIE: 'WIERTLO D11.8 rollG.tom' (Brak folderu w bazie)
[2026-08-06 12:38:44] [INFO] SYMULACJA POMINIĘCIE: 'wiertlo frez przelotowe d7.tom' (Brak folderu w bazie)
[2026-08-06 12:38:44] [INFO] SYMULACJA POMINIĘCIE: 'WIERTLO PILOT 4.2x10 ConR.tom' (Brak folderu w bazie)
[2026-08-06 12:38:44] [INFO] SYMULACJA POMINIĘCIE: 'WIERTLO PIOT 5x5 conR.tom' (Brak folderu w bazie)
[2026-08-06 12:38:44] [INFO] SYMULACJA POMINIĘCIE: 'WIERTLO PIOT 5x5 conRv2.tom' (Brak folderu w bazie)
[2026-08-06 12:38:44] [INFO] SYMULACJA POMINIĘCIE: 'xxx 4+2.tom' (Brak folderu w bazie)
[2026-08-06 12:38:44] [INFO] SYMULACJA POMINIĘCIE: 'xxx.tom' (Brak folderu w bazie)
[2026-08-06 12:38:44] [INFO] SYMULACJA POMINIĘCIE: 'xyz.tom' (Brak folderu w bazie)
[2026-08-06 12:38:44] [INFO] SYMULACJA POMINIĘCIE: 'WIERTLO 10.tom' (Brak folderu w bazie)
[2026-08-06 12:38:44] [INFO] SYMULACJA POMINIĘCIE: 'WIERTLO 11.tom' (Brak folderu w bazie)
[2026-08-06 12:38:44] [INFO] SYMULACJA POMINIĘCIE: 'WIERTLO 14.tom' (Brak folderu w bazie)
[2026-08-06 12:38:44] [INFO] SYMULACJA POMINIĘCIE: 'WIERTLO 15.tom' (Brak folderu w bazie)
[2026-08-06 12:38:44] [INFO] SYMULACJA POMINIĘCIE: 'WIERTLO 16.tom' (Brak folderu w bazie)
[2026-08-06 12:38:44] [INFO] SYMULACJA POMINIĘCIE: 'WIERTLO 8.8.tom' (Brak folderu w bazie)
[2026-08-06 12:38:44] [INFO] SYMULACJA POMINIĘCIE: 'CHWYTY D8 L45 LUTOWANE PODAJNIK.tom' (Brak folderu w bazie)
[2026-08-06 12:38:44] [INFO] SYMULACJA POMINIĘCIE: 'D5-Z1-30-ZANIZENIE 4.9-50-JAK WIERTLO-PRAWOTNACY-LEWOSKRETNY.tom' (Brak folderu w bazie)
[2026-08-06 12:38:44] [INFO] SYMULACJA POMINIĘCIE: 'DRUTEX D4 Z1 - A1 435 sklep.tom' (Brak folderu w bazie)
[2026-08-06 12:38:44] [INFO] SYMULACJA POMINIĘCIE: 'DRUTEX D5 Z1 - A1 535 sklep.tom' (Brak folderu w bazie)
[2026-08-06 12:38:44] [INFO] SYMULACJA POMINIĘCIE: 'DRUTEX D5x8x80 Z1 L25 sklep.tom' (Brak folderu w bazie)
[2026-08-06 12:38:44] [INFO] SYMULACJA POMINIĘCIE: 'DRUTEX WIERTLO  D7 L33 K118.tom' (Brak folderu w bazie)
[2026-08-06 12:38:44] [INFO] SYMULACJA POMINIĘCIE: 'KNS D5 Z1 L30 prawotnacy-lewy nowy.tom' (Brak folderu w bazie)
[2026-08-06 12:38:44] [INFO] SYMULACJA POMINIĘCIE: 'KNS D5 Z1 L30 prawotnacy-lewy.tom' (Brak folderu w bazie)
[2026-08-06 12:38:44] [INFO] SYMULACJA POMINIĘCIE: 'PROFINE WIERTLO KLAMKA D10-PILOT 6NA6 LEWE.tom' (Brak folderu w bazie)
[2026-08-06 12:38:44] [INFO] SYMULACJA POMINIĘCIE: 'SKLEP D8-Z1-HSS L35 STARE.tom' (Brak folderu w bazie)
[2026-08-06 12:38:44] [INFO] SYMULACJA POMINIĘCIE: 'WIERTLO POD KLAMKE D-12_PILOT6-6_PRAWE-LAMACZ.tom' (Dwuznaczność (4 folderów))
[2026-08-06 12:38:44] [INFO] SYMULACJA POMINIĘCIE: 'WIERTLO POD KLAMKE D10-PILOT 6NA6 LEWE.tom' (Brak folderu w bazie)
[2026-08-06 12:38:44] [INFO] SYMULACJA POMINIĘCIE: 'WIERTLO POD KLAMKE D10-PILOT 6NA6 PRAWE.tom' (Brak folderu w bazie)
[2026-08-06 12:38:44] [INFO] SYMULACJA POMINIĘCIE: 'WIERTLO POD KLAMKE D10x6 L6 LEWE.tom' (Brak folderu w bazie)
[2026-08-06 12:38:44] [INFO] SYMULACJA POMINIĘCIE: 'WIERTLO POD KLAMKE D10x6 L6 PRAWE.tom' (Brak folderu w bazie)
[2026-08-06 12:38:44] [INFO] SYMULACJA POMINIĘCIE: 'WIERTLO POD KLAMKE D12x6 L6 LEWE.tom' (Brak folderu w bazie)
[2026-08-06 12:38:44] [INFO] SYMULACJA POMINIĘCIE: 'WIERTLO POD KLAMKE D12x6 L6 PRAWE.tom' (Brak folderu w bazie)
[2026-08-06 12:38:44] [INFO] SYMULACJA POMINIĘCIE: 'BARTYN D20-D12-Z5.tom' (Brak folderu w bazie)
[2026-08-06 12:38:44] [INFO] SYMULACJA POMINIĘCIE: 'BARTYN D33-D25-Z5 ++.tom' (Brak folderu w bazie)
[2026-08-06 12:38:44] [INFO] SYMULACJA POMINIĘCIE: 'BARTYN D33-D25-Z5.tom' (Brak folderu w bazie)
[2026-08-06 12:38:44] [INFO] SYMULACJA POMINIĘCIE: 'BETULINA D31-D25-Z4.tom' (Brak folderu w bazie)
[2026-08-06 12:38:44] [INFO] SYMULACJA POMINIĘCIE: 'SWOSZ D27 D20 Z4.tom' (Brak folderu w bazie)
[2026-08-06 12:38:44] [INFO] SYMULACJA POMINIĘCIE: 'D8 Z1 FACETY.tom' (Brak folderu w bazie)
[2026-08-06 12:38:44] [INFO] SYMULACJA POMINIĘCIE: 'WELDON FLAT PSZ.tom' (Brak folderu w bazie)
[2026-08-06 12:38:44] [INFO] SYMULACJA POMINIĘCIE: 'WIERTLO 5 conR.tom' (Brak folderu w bazie)
[2026-08-06 12:38:44] [INFO] SYMULACJA POMINIĘCIE: 'Z1 FCT D5.tom' (Brak folderu w bazie)
[2026-08-06 12:38:44] [INFO] SYMULACJA POMINIĘCIE: ' D10 Z2 KULKA .tom' (Brak folderu w bazie)
[2026-08-06 12:38:44] [INFO] SYMULACJA POMINIĘCIE: ' D10 Z3 KULKA .tom' (Brak folderu w bazie)
[2026-08-06 12:38:44] [INFO] SYMULACJA POMINIĘCIE: ' D20 Z4 TEOWY HW.tom' (Brak folderu w bazie)
[2026-08-06 12:38:44] [INFO] SYMULACJA POMINIĘCIE: '5x13.065x16 KK .tom' (Brak folderu w bazie)
[2026-08-06 12:38:44] [INFO] SYMULACJA POMINIĘCIE: '749-1 klucze.tom' (Brak folderu w bazie)
[2026-08-06 12:38:44] [INFO] SYMULACJA POMINIĘCIE: '749-2 klucze.tom' (Brak folderu w bazie)
[2026-08-06 12:38:44] [INFO] SYMULACJA POMINIĘCIE: 'ALL WINDOWS WIERTLO Z4 6x12 KLAMKA TEST.tom' (Brak folderu w bazie)
[2026-08-06 12:38:44] [INFO] SYMULACJA POMINIĘCIE: 'ALL WINDOWS x2-alu D10 Z2 35stopni.tom' (Brak folderu w bazie)
[2026-08-06 12:38:44] [INFO] SYMULACJA POMINIĘCIE: 'AP kulka 4.05.tom' (Brak folderu w bazie)
[2026-08-06 12:38:44] [INFO] SYMULACJA POMINIĘCIE: 'AP rozwiertak 12.7.tom' (Brak folderu w bazie)
[2026-08-06 12:38:44] [INFO] SYMULACJA POMINIĘCIE: 'AP rozwiertak 15.88.tom' (Brak folderu w bazie)
[2026-08-06 12:38:44] [INFO] SYMULACJA POMINIĘCIE: 'AP rozwiertak 4,95.tom' (Brak folderu w bazie)
[2026-08-06 12:38:44] [INFO] SYMULACJA POMINIĘCIE: 'AP rozwiertak 5,95.tom' (Brak folderu w bazie)
[2026-08-06 12:38:44] [INFO] SYMULACJA POMINIĘCIE: 'AP rozwiertak 6,3 - 6.tom' (Brak folderu w bazie)
[2026-08-06 12:38:44] [INFO] SYMULACJA POMINIĘCIE: 'AP rozwiertak.tom' (Brak folderu w bazie)
[2026-08-06 12:38:44] [INFO] SYMULACJA POMINIĘCIE: 'bison test.tom' (Brak folderu w bazie)
[2026-08-06 12:38:44] [INFO] SYMULACJA POMINIĘCIE: 'cross section.tom' (Brak folderu w bazie)
[2026-08-06 12:38:44] [INFO] SYMULACJA POMINIĘCIE: 'czyszczarka.z5 d22 45st ostra.tom' (Brak folderu w bazie)
[2026-08-06 12:38:44] [INFO] SYMULACJA POMINIĘCIE: 'D10-L22-Z4-HW testy.tom' (Brak folderu w bazie)
[2026-08-06 12:38:44] [INFO] SYMULACJA POMINIĘCIE: 'D12 z4 testy.tom' (Brak folderu w bazie)
[2026-08-06 12:38:44] [INFO] SYMULACJA POMINIĘCIE: 'D12-L26-Z4 S4-1235 lamacz.tom' (Brak folderu w bazie)
[2026-08-06 12:38:44] [INFO] SYMULACJA POMINIĘCIE: 'D12-L26-Z4-HW testy.tom' (Brak folderu w bazie)
[2026-08-06 12:38:44] [INFO] SYMULACJA POMINIĘCIE: 'D130 Z58 AP.tom' (Brak folderu w bazie)
[2026-08-06 12:38:44] [INFO] SYMULACJA POMINIĘCIE: 'D16-Z3-PRAWO-LEWY.tom' (Brak folderu w bazie)
[2026-08-06 12:38:44] [INFO] SYMULACJA POMINIĘCIE: 'D20 Z2 KULKA LOLIPOP KK v1 .tom' (Brak folderu w bazie)
[2026-08-06 12:38:44] [INFO] SYMULACJA POMINIĘCIE: 'D20 Z3 KULKA LOLIPOP KK v2 .tom' (Brak folderu w bazie)
[2026-08-06 12:38:44] [INFO] SYMULACJA POMINIĘCIE: 'D4-Z2-PROSTY PRZESTAWIONY PRAWY.tom' (Brak folderu w bazie)
[2026-08-06 12:38:44] [INFO] SYMULACJA POMINIĘCIE: 'D5-Z1+1-PROSTY TESTY.tom' (Brak folderu w bazie)
[2026-08-06 12:38:44] [INFO] SYMULACJA POMINIĘCIE: 'D5-Z1+1-PROSTY.tom' (Brak folderu w bazie)
[2026-08-06 12:38:44] [INFO] SYMULACJA POMINIĘCIE: 'D5-Z1-PROSTY.tom' (Brak folderu w bazie)
[2026-08-06 12:38:44] [INFO] SYMULACJA POMINIĘCIE: 'D6 Z3 LEWY.tom' (Brak folderu w bazie)
[2026-08-06 12:38:44] [INFO] SYMULACJA POMINIĘCIE: 'D6 Z3 P.tom' (Brak folderu w bazie)
[2026-08-06 12:38:44] [INFO] SYMULACJA POMINIĘCIE: 'D6-L15-Z4 poprawa.tom' (Brak folderu w bazie)
[2026-08-06 12:38:44] [INFO] SYMULACJA POMINIĘCIE: 'DREW JAR -Z2+2 PP V1.tom' (Brak folderu w bazie)
[2026-08-06 12:38:44] [INFO] SYMULACJA POMINIĘCIE: 'DREW JAR -Z2+2 PP v2.tom' (Brak folderu w bazie)
[2026-08-06 12:38:44] [INFO] SYMULACJA POMINIĘCIE: 'DREW JAR -Z2+2 PP.tom' (Brak folderu w bazie)
[2026-08-06 12:38:44] [INFO] SYMULACJA POMINIĘCIE: 'DREWCO TEST Z3 DWA PROMIENIE.tom' (Brak folderu w bazie)
[2026-08-06 12:38:44] [INFO] SYMULACJA POMINIĘCIE: 'duipauddupa.tom' (Brak folderu w bazie)
[2026-08-06 12:38:44] [INFO] SYMULACJA POMINIĘCIE: 'dupa.tom' (Brak folderu w bazie)
[2026-08-06 12:38:44] [INFO] SYMULACJA POMINIĘCIE: 'Expres D36.6 prof.tom' (Brak folderu w bazie)
[2026-08-06 12:38:44] [INFO] SYMULACJA POMINIĘCIE: 'FILPLAST D7 z2.tom' (Brak folderu w bazie)
[2026-08-06 12:38:44] [INFO] SYMULACJA POMINIĘCIE: 'FREEZ.tom' (Brak folderu w bazie)
[2026-08-06 12:38:44] [INFO] SYMULACJA POMINIĘCIE: 'frez 2+2 40x25.tom' (Brak folderu w bazie)
[2026-08-06 12:38:44] [INFO] SYMULACJA POMINIĘCIE: 'frez 2+2 D12 L40x25.tom' (Brak folderu w bazie)
[2026-08-06 12:38:44] [INFO] SYMULACJA POMINIĘCIE: 'frez 3+3 D12 L40x25.tom' (Brak folderu w bazie)
[2026-08-06 12:38:44] [INFO] SYMULACJA POMINIĘCIE: 'FREZ D12-Z3+3 test.tom' (Brak folderu w bazie)
[2026-08-06 12:38:44] [INFO] SYMULACJA POMINIĘCIE: 'FREZ INTERPROGRESS D140 Z40 K45 AP.tom' (Brak folderu w bazie)
[2026-08-06 12:38:44] [INFO] SYMULACJA POMINIĘCIE: 'FREZ INTERPROGRESS D150 Z40 AP.tom' (Brak folderu w bazie)
[2026-08-06 12:38:44] [INFO] SYMULACJA POMINIĘCIE: 'Frez pianka K75.tom' (Brak folderu w bazie)
[2026-08-06 12:38:44] [INFO] SYMULACJA POMINIĘCIE: 'frez stozkowy 1x10 V2.tom' (Brak folderu w bazie)
[2026-08-06 12:38:44] [INFO] SYMULACJA POMINIĘCIE: 'frez stozkowy 1x10 V3.tom' (Brak folderu w bazie)
[2026-08-06 12:38:44] [INFO] SYMULACJA POMINIĘCIE: 'frez stozkowy 1x10.tom' (Brak folderu w bazie)
[2026-08-06 12:38:44] [INFO] SYMULACJA POMINIĘCIE: 'frez teowy PSzlemp D12 proisty.tom' (Brak folderu w bazie)
[2026-08-06 12:38:44] [INFO] SYMULACJA POMINIĘCIE: 'frez teowy PSzlemp D7 proisty.tom' (Brak folderu w bazie)
[2026-08-06 12:38:44] [INFO] SYMULACJA POMINIĘCIE: 'frez teowy PSzlemp D7.tom' (Brak folderu w bazie)
[2026-08-06 12:38:44] [INFO] SYMULACJA POMINIĘCIE: 'Frezwid D6 Z4 L v2.tom' (Brak folderu w bazie)
[2026-08-06 12:38:44] [INFO] SYMULACJA POMINIĘCIE: 'Frezwid D6 Z4 P v2.tom' (Brak folderu w bazie)
[2026-08-06 12:38:44] [INFO] SYMULACJA POMINIĘCIE: 'Frezwid D6 Z4 P.tom' (Brak folderu w bazie)
[2026-08-06 12:38:44] [INFO] SYMULACJA POMINIĘCIE: 'FREZWID FREZ 16 STOPNI.tom' (Brak folderu w bazie)
[2026-08-06 12:38:44] [INFO] SYMULACJA POMINIĘCIE: 'FREZWID FREZ 20 STOPNI.tom' (Brak folderu w bazie)
[2026-08-06 12:38:44] [INFO] SYMULACJA POMINIĘCIE: 'FREZWID frez profil r0.3.tom' (Brak folderu w bazie)
[2026-08-06 12:38:44] [INFO] SYMULACJA POMINIĘCIE: 'FREZWID WIERTLO Z4 6x10 PRAWE KLAMKA TEST.tom' (Brak folderu w bazie)
[2026-08-06 12:38:44] [INFO] SYMULACJA POMINIĘCIE: 'frezx z3 fi30.tom' (Brak folderu w bazie)
[2026-08-06 12:38:44] [INFO] SYMULACJA POMINIĘCIE: 'frezx z3 fi40.tom' (Brak folderu w bazie)
[2026-08-06 12:38:44] [INFO] SYMULACJA POMINIĘCIE: 'GROWINAR WIERTLO D14x10 poprawa .tom' (Brak folderu w bazie)
[2026-08-06 12:38:44] [INFO] SYMULACJA POMINIĘCIE: 'gwint OPP.tom' (Brak folderu w bazie)
[2026-08-06 12:38:44] [INFO] SYMULACJA POMINIĘCIE: 'KP KULA 11.8 lamacz.tom' (Brak folderu w bazie)
[2026-08-06 12:38:44] [INFO] SYMULACJA POMINIĘCIE: 'KP KULA D16 z lamaczem.tom' (Brak folderu w bazie)
[2026-08-06 12:38:44] [INFO] SYMULACJA POMINIĘCIE: 'KULKA LOLIPOP D20 Z2 spiralna.tom' (Brak folderu w bazie)
[2026-08-06 12:38:44] [INFO] SYMULACJA POMINIĘCIE: 'KULKA LOLIPOP D32.tom' (Brak folderu w bazie)
[2026-08-06 12:38:44] [INFO] SYMULACJA POMINIĘCIE: 'lolipop d12 test v1.tom' (Brak folderu w bazie)
[2026-08-06 12:38:44] [INFO] SYMULACJA POMINIĘCIE: 'lolipop d12 test v2.tom' (Brak folderu w bazie)
[2026-08-06 12:38:44] [INFO] SYMULACJA POMINIĘCIE: 'MB TRADING Noz D6 D0,5 L30 MIECZ LAMACZ 23.08.tom' (Brak folderu w bazie)
[2026-08-06 12:38:44] [INFO] SYMULACJA POMINIĘCIE: 'Mich pilka.tom' (Brak folderu w bazie)
[2026-08-06 12:38:44] [INFO] SYMULACJA POMINIĘCIE: 'narzedzie zagniartajace crimp tool D10.tom' (Brak folderu w bazie)
[2026-08-06 12:38:44] [INFO] SYMULACJA POMINIĘCIE: 'nOZ JEDNOSTRONNY POL MIECZA.tom' (Brak folderu w bazie)
[2026-08-06 12:38:44] [INFO] SYMULACJA POMINIĘCIE: 'pilka AP.tom' (Brak folderu w bazie)
[2026-08-06 12:38:44] [INFO] SYMULACJA POMINIĘCIE: 'PILKA DO KLUCZY D35 - 42 LEWA.tom' (Brak folderu w bazie)
[2026-08-06 12:38:44] [INFO] SYMULACJA POMINIĘCIE: 'PILKA DO KLUCZY D35 - 42 PRAWA.tom' (Brak folderu w bazie)
[2026-08-06 12:38:44] [INFO] SYMULACJA POMINIĘCIE: 'PILKA DREW-PROD-Z48-PRAWA.tom' (Brak folderu w bazie)
[2026-08-06 12:38:44] [INFO] SYMULACJA POMINIĘCIE: 'PP gwintownik d22.tom' (Brak folderu w bazie)
[2026-08-06 12:38:44] [INFO] SYMULACJA POMINIĘCIE: 'RS rozwiertak 5,01.tom' (Brak folderu w bazie)
[2026-08-06 12:38:44] [INFO] SYMULACJA POMINIĘCIE: 'SONDA ANCA.tom' (Brak folderu w bazie)
[2026-08-06 12:38:44] [INFO] SYMULACJA POMINIĘCIE: 'STOZEK 5X25 60ST.tom' (Brak folderu w bazie)
[2026-08-06 12:38:44] [INFO] SYMULACJA POMINIĘCIE: 'TEST GNIAZDA.tom' (Brak folderu w bazie)
[2026-08-06 12:38:44] [INFO] SYMULACJA POMINIĘCIE: 'test R0.5 D3.tom' (Brak folderu w bazie)
[2026-08-06 12:38:44] [INFO] SYMULACJA POMINIĘCIE: 'test10mm.tom' (Brak folderu w bazie)
[2026-08-06 12:38:44] [INFO] SYMULACJA POMINIĘCIE: 'TESTY D6-L13-Z3-lamacz.tom' (Brak folderu w bazie)
[2026-08-06 12:38:44] [INFO] SYMULACJA POMINIĘCIE: 'WIERTLO D14,5x13 L9,5 PRAWE.tom' (Brak folderu w bazie)
[2026-08-06 12:38:44] [INFO] SYMULACJA POMINIĘCIE: 'WIERTLO OSYLACYJNE D10.tom' (Brak folderu w bazie)
[2026-08-06 12:38:44] [INFO] SYMULACJA POMINIĘCIE: 'wiertlo pletwa d5x3.tom' (Brak folderu w bazie)
[2026-08-06 12:38:44] [INFO] SYMULACJA POMINIĘCIE: 'WIERTLO Z4 D6x10 lewe KLAMKA test.tom' (Brak folderu w bazie)
[2026-08-06 12:38:44] [INFO] SYMULACJA POMINIĘCIE: 'WIERTLO Z4 D6x10 PRAWE KLAMKA test.tom' (Brak folderu w bazie)
[2026-08-06 12:38:44] [INFO] SYMULACJA POMINIĘCIE: 'WIERTLO Z4 D6x12 PRAWE KLAMKA test.tom' (Brak folderu w bazie)
[2026-08-06 12:38:44] [INFO] SYMULACJA POMINIĘCIE: 'WIERTLO- D13-D7-L10-Z4  LEWE oprawa.tom' (Brak folderu w bazie)
[2026-08-06 12:38:44] [INFO] SYMULACJA POMINIĘCIE: 'WIERTLO-D6.5test3-promien gash.tom' (Brak folderu w bazie)
[2026-08-06 12:38:44] [INFO] SYMULACJA POMINIĘCIE: 'Wytaczak D6 x 1.5 L15 LEWE.tom' (Brak folderu w bazie)
[2026-08-06 12:38:44] [INFO] SYMULACJA POMINIĘCIE: 'Wytaczak D8 L2.5.tom' (Brak folderu w bazie)
[2026-08-06 12:38:44] [INFO] SYMULACJA POMINIĘCIE: 'Wytaczak trapezowy D10.5 L22 LEWE.tom' (Brak folderu w bazie)
[2026-08-06 12:38:44] [INFO] SYMULACJA POMINIĘCIE: 'Wytaczak trapezowy D9.5 L25 LEWE.tom' (Brak folderu w bazie)
[2026-08-06 12:38:44] [INFO] SYMULACJA POMINIĘCIE: 'xxxad.tom' (Brak folderu w bazie)
[2026-08-06 12:38:44] [INFO] SYMULACJA POMINIĘCIE: 'p1 przod.tom' (Brak folderu w bazie)
[2026-08-06 12:38:44] [INFO] SYMULACJA POMINIĘCIE: 'p2 tyl.tom' (Brak folderu w bazie)
[2026-08-06 12:38:44] [INFO] SYMULACJA POMINIĘCIE: 'D10-L60-NOZYK DO GUMY V2.tom' (Brak folderu w bazie)
[2026-08-06 12:38:44] [INFO] SYMULACJA POMINIĘCIE: 'D10-L60-NOZYK DO GUMY V3.tom' (Brak folderu w bazie)
[2026-08-06 12:38:44] [INFO] SYMULACJA POMINIĘCIE: 'D10-L60-NOZYK DO GUMY.tom' (Brak folderu w bazie)
[2026-08-06 12:38:44] [INFO] SYMULACJA POMINIĘCIE: 'DRUTEX D5 L25 Z1 HW O1-ALU SPIRALA 20.tom' (Brak folderu w bazie)
[2026-08-06 12:38:44] [INFO] SYMULACJA POMINIĘCIE: 'DRUTEX D5 L25 Z1 HW O1-ALU SPIRALA 25.tom' (Brak folderu w bazie)
[2026-08-06 12:38:44] [INFO] SYMULACJA POMINIĘCIE: 'DRUTEX D5 L25 Z1 HW O1-ALU.tom' (Brak folderu w bazie)
[2026-08-06 12:38:44] [INFO] SYMULACJA POMINIĘCIE: 'NIDEC Z16 D40 naprzemian.tom' (Brak folderu w bazie)
[2026-08-06 12:38:44] [INFO] SYMULACJA POMINIĘCIE: ' D2 Z2 KULKA KK .tom' (Brak folderu w bazie)
[2026-08-06 12:38:44] [INFO] SYMULACJA POMINIĘCIE: ' D2 Z2 KULKA KK v2 .tom' (Brak folderu w bazie)
[2026-08-06 12:38:44] [INFO] SYMULACJA POMINIĘCIE: ' D2 Z2 KULKA KK v3 .tom' (Brak folderu w bazie)
[2026-08-06 12:38:44] [INFO] SYMULACJA POMINIĘCIE: 'D12 Z3 fazyNegatyw.tom' (Brak folderu w bazie)
[2026-08-06 12:38:44] [INFO] SYMULACJA POMINIĘCIE: 'D16 R4.6 swid.tom' (Brak folderu w bazie)
[2026-08-06 12:38:44] [INFO] SYMULACJA POMINIĘCIE: 'D16 Z2  R4 R3.5 PRAWE.tom' (Brak folderu w bazie)
[2026-08-06 12:38:44] [INFO] SYMULACJA POMINIĘCIE: 'D16 Z3 PROF PRAWE.tom' (Brak folderu w bazie)
[2026-08-06 12:38:44] [INFO] SYMULACJA POMINIĘCIE: 'D25 R2 swid.tom' (Brak folderu w bazie)
[2026-08-06 12:38:44] [INFO] SYMULACJA POMINIĘCIE: 'D25.tom' (Brak folderu w bazie)
[2026-08-06 12:38:44] [INFO] SYMULACJA POMINIĘCIE: 'D3 Z4.tom' (Brak folderu w bazie)
[2026-08-06 12:38:44] [INFO] SYMULACJA POMINIĘCIE: 'D6 L17 Z1 PrawoLewy .tom' (Brak folderu w bazie)
[2026-08-06 12:38:44] [INFO] SYMULACJA POMINIĘCIE: 'D6 L17 Z1 PrawoLewy S40 .tom' (Brak folderu w bazie)
[2026-08-06 12:38:44] [INFO] SYMULACJA POMINIĘCIE: 'D6 L17 Z1 PrawoLewy S50 .tom' (Brak folderu w bazie)
[2026-08-06 12:38:44] [INFO] SYMULACJA POMINIĘCIE: 'D6 Z1+1 L17+4.5 .tom' (Brak folderu w bazie)
[2026-08-06 12:38:44] [INFO] SYMULACJA POMINIĘCIE: 'D6 Z1+1 L17+4.5 v2 .tom' (Brak folderu w bazie)
[2026-08-06 12:38:44] [INFO] SYMULACJA POMINIĘCIE: 'D6 Z1+1 L17+4.5 v3 .tom' (Brak folderu w bazie)
[2026-08-06 12:38:44] [INFO] SYMULACJA POMINIĘCIE: 'dsad.tom' (Brak folderu w bazie)
[2026-08-06 12:38:44] [INFO] SYMULACJA POMINIĘCIE: 'f3 XL z=4 V2tomkowa.tom' (Brak folderu w bazie)
[2026-08-06 12:38:44] [INFO] SYMULACJA POMINIĘCIE: 'f3 XL z=4.tom' (Brak folderu w bazie)
[2026-08-06 12:38:44] [INFO] SYMULACJA POMINIĘCIE: 'fazownik D25 x d4 Z3 K90.tom' (Brak folderu w bazie)
[2026-08-06 12:38:44] [INFO] SYMULACJA POMINIĘCIE: 'fazownik z2 D10 R5.tom' (Brak folderu w bazie)
[2026-08-06 12:38:44] [INFO] SYMULACJA POMINIĘCIE: 'FREZ D12 Z2+2 L15X60.tom' (Brak folderu w bazie)
[2026-08-06 12:38:44] [INFO] SYMULACJA POMINIĘCIE: 'FREZ D16 L15 Z3.tom' (Brak folderu w bazie)
[2026-08-06 12:38:44] [INFO] SYMULACJA POMINIĘCIE: 'Frez d25 R13.14 do 90st.tom' (Brak folderu w bazie)
[2026-08-06 12:38:44] [INFO] SYMULACJA POMINIĘCIE: 'Frez d25 R13.14 poprawiony.tom' (Brak folderu w bazie)
[2026-08-06 12:38:44] [INFO] SYMULACJA POMINIĘCIE: 'Frez d25 R13.14.tom' (Brak folderu w bazie)
[2026-08-06 12:38:44] [INFO] SYMULACJA POMINIĘCIE: 'FREZ FAZA Z PROMIENIAMI R5 R2 .tom' (Brak folderu w bazie)
[2026-08-06 12:38:44] [INFO] SYMULACJA POMINIĘCIE: 'FREZ FAZA Z PROMIENIAMI Z4 R5 R2  .tom' (Brak folderu w bazie)
[2026-08-06 12:38:44] [INFO] SYMULACJA POMINIĘCIE: 'Frez R4 R4.tom' (Brak folderu w bazie)
[2026-08-06 12:38:44] [INFO] SYMULACJA POMINIĘCIE: 'Frez z4 R508.tom' (Brak folderu w bazie)
[2026-08-06 12:38:44] [INFO] SYMULACJA POMINIĘCIE: 'Grawer D6.tom' (Brak folderu w bazie)
[2026-08-06 12:38:44] [INFO] SYMULACJA POMINIĘCIE: 'Grawer test.tom' (Brak folderu w bazie)
[2026-08-06 12:38:44] [INFO] SYMULACJA POMINIĘCIE: 'kompensacyjny z pakietu.tom' (Brak folderu w bazie)
[2026-08-06 12:38:44] [INFO] SYMULACJA POMINIĘCIE: 'KrysteK Wiertlo czub.tom' (Brak folderu w bazie)
[2026-08-06 12:38:44] [INFO] SYMULACJA POMINIĘCIE: 'Nozyk 2.5 k30.tom' (Brak folderu w bazie)
[2026-08-06 12:38:44] [INFO] SYMULACJA POMINIĘCIE: 'nozyk.tom' (Brak folderu w bazie)
[2026-08-06 12:38:44] [INFO] SYMULACJA POMINIĘCIE: 'prf1 krzak.tom' (Brak folderu w bazie)
[2026-08-06 12:38:44] [INFO] SYMULACJA POMINIĘCIE: 'Teowy 60st.tom' (Brak folderu w bazie)
[2026-08-06 12:38:44] [INFO] SYMULACJA POMINIĘCIE: 'wałek testoyw.tom' (Brak folderu w bazie)
[2026-08-06 12:38:44] [INFO] SYMULACJA POMINIĘCIE: 'Wiertlo 15.5 z katem wstecznym.tom' (Brak folderu w bazie)
[2026-08-06 12:38:44] [INFO] SYMULACJA POMINIĘCIE: 'Wiertlo 8.4 x 20.tom' (Brak folderu w bazie)
[2026-08-06 12:38:44] [INFO] SYMULACJA POMINIĘCIE: 'Wiertlo bez czola z3 d4.35 x d8.tom' (Brak folderu w bazie)
[2026-08-06 12:38:44] [INFO] SYMULACJA POMINIĘCIE: 'WIERTLO D13 L49 proste.tom' (Brak folderu w bazie)
[2026-08-06 12:38:44] [INFO] SYMULACJA POMINIĘCIE: 'WIERTLO D14 L25 proste.tom' (Brak folderu w bazie)
[2026-08-06 12:38:44] [INFO] SYMULACJA POMINIĘCIE: 'WIERTLO D6.1 L59 90st.tom' (Brak folderu w bazie)
[2026-08-06 12:38:44] [INFO] SYMULACJA POMINIĘCIE: 'Wiertlo D8 D12 K120.tom' (Brak folderu w bazie)
[2026-08-06 12:38:44] [INFO] SYMULACJA POMINIĘCIE: 'Wiertlo D8.5xD12 K90 v2 .tom' (Brak folderu w bazie)
[2026-08-06 12:38:44] [INFO] SYMULACJA POMINIĘCIE: 'Wiertlo D8.5xD12 K90.tom' (Brak folderu w bazie)
[2026-08-06 12:38:44] [INFO] SYMULACJA POMINIĘCIE: 'Wiertlo palskie czolo z3 d6xd7.25.tom' (Brak folderu w bazie)
[2026-08-06 12:38:44] [INFO] SYMULACJA POMINIĘCIE: 'Wiertlo plaskie D14 L10 v2 glebsza.tom' (Brak folderu w bazie)
[2026-08-06 12:38:44] [INFO] SYMULACJA POMINIĘCIE: 'Wiertlo plaskie D14 L10.tom' (Brak folderu w bazie)
[2026-08-06 12:38:44] [INFO] SYMULACJA POMINIĘCIE: 'WstecznyR1.5 D 9.4.tom' (Brak folderu w bazie)
[2026-08-06 12:38:44] [INFO] SYMULACJA POMINIĘCIE: 'Frez teowy 19.05 V2.tom' (Brak folderu w bazie)
[2026-08-06 12:38:44] [INFO] SYMULACJA POMINIĘCIE: 'Frez teowy 19.05.tom' (Brak folderu w bazie)
[2026-08-06 12:38:44] [INFO] SYMULACJA POMINIĘCIE: 'PEEL EDITOR.tom' (Brak folderu w bazie)
[2026-08-06 12:38:44] [INFO] SYMULACJA POMINIĘCIE: 'S4-ST D10 weldon do symulacji wywazenia.tom' (Brak folderu w bazie)
[2026-08-06 12:38:44] [INFO] SYMULACJA POMINIĘCIE: 'D10 L25 Z3 A3-1025 08.07.24.tom' (Brak folderu w bazie)
[2026-08-06 12:38:44] [INFO] SYMULACJA POMINIĘCIE: 'D10-L22-Z4-HW.tom' (Brak folderu w bazie)
[2026-08-06 12:38:44] [INFO] SYMULACJA POMINIĘCIE: 'D12 L28 Z3 A3-1236 V5 19.06.24.tom' (Brak folderu w bazie)
[2026-08-06 12:38:44] [INFO] SYMULACJA POMINIĘCIE: 'D12-L26-Z4 S4-1235.tom' (Brak folderu w bazie)
[2026-08-06 12:38:44] [INFO] SYMULACJA POMINIĘCIE: 'D12-Z2-PROSTY PRZESTAWIONY-DRUTEX.tom' (Brak folderu w bazie)
[2026-08-06 12:38:44] [INFO] SYMULACJA POMINIĘCIE: 'D14 L32 Z3 A3-1432 09.07.24 TEST DLA KP.tom' (Brak folderu w bazie)
[2026-08-06 12:38:44] [INFO] SYMULACJA POMINIĘCIE: 'D16 L35 Z3 A3-1635 10.07.24.tom' (Brak folderu w bazie)
[2026-08-06 12:38:44] [INFO] SYMULACJA POMINIĘCIE: 'D16-L32-Z4-HW S4-1632.tom' (Brak folderu w bazie)
[2026-08-06 12:38:44] [INFO] SYMULACJA POMINIĘCIE: 'D4 L13 Z3 A3-413 26.06.24.tom' (Brak folderu w bazie)
[2026-08-06 12:38:44] [INFO] SYMULACJA POMINIĘCIE: 'D4-L11-Z4 S4-418.tom' (Brak folderu w bazie)
[2026-08-06 12:38:44] [INFO] SYMULACJA POMINIĘCIE: 'D4-L12-Z4 S4-418 walek d4.tom' (Brak folderu w bazie)
[2026-08-06 12:38:44] [INFO] SYMULACJA POMINIĘCIE: 'D4-L20-Z1-HS-NA 80-SKLEP.tom' (Brak folderu w bazie)
[2026-08-06 12:38:44] [INFO] SYMULACJA POMINIĘCIE: 'D5 L15 Z3 A3-515 04.07.24.tom' (Brak folderu w bazie)
[2026-08-06 12:38:44] [INFO] SYMULACJA POMINIĘCIE: 'D5-L12-Z4 S4-518.tom' (Brak folderu w bazie)
[2026-08-06 12:38:44] [INFO] SYMULACJA POMINIĘCIE: 'D5-L13-Z4 S4-519.tom' (Brak folderu w bazie)
[2026-08-06 12:38:44] [INFO] SYMULACJA POMINIĘCIE: 'D5-Z1-15x60-DRUTEX.tom' (Brak folderu w bazie)
[2026-08-06 12:38:44] [INFO] SYMULACJA POMINIĘCIE: 'D6 L16 Z3 A3-616 05.07.24.tom' (Brak folderu w bazie)
[2026-08-06 12:38:44] [INFO] SYMULACJA POMINIĘCIE: 'D6-L13-Z4 S4-6200.tom' (Brak folderu w bazie)
[2026-08-06 12:38:44] [INFO] SYMULACJA POMINIĘCIE: 'D8 L22 Z3 A3-822 19.06.24.tom' (Brak folderu w bazie)
[2026-08-06 12:38:44] [INFO] SYMULACJA POMINIĘCIE: 'D8-L19-Z4-HW.tom' (Brak folderu w bazie)
[2026-08-06 12:38:44] [INFO] SYMULACJA POMINIĘCIE: 'DRUTEX D4 Z1 - A1 425 sklep poprawiony.tom' (Brak folderu w bazie)
[2026-08-06 12:38:44] [INFO] SYMULACJA OK: 'FREZWID(SKLEP) D5 L30 PRAWE JW.tom' zakwalifikowany do 'BST-1 FREZWID'
[2026-08-06 12:38:44] [INFO] SYMULACJA POMINIĘCIE: 'WIERTLO POD KLAMKE D10-PILOT 6NA6 PRAWE.tom' (Brak folderu w bazie)
[2026-08-06 12:38:44] [INFO] SYMULACJA POMINIĘCIE: 'WIERTLO POD KLAMKE D12x6 L6 PRAWE.tom' (Brak folderu w bazie)
[2026-08-06 12:38:44] [INFO] SYMULACJA POMINIĘCIE: 'WIERTLO POD KLAMKE-D12-PILOT 6NA6-LEWE.tom' (Brak folderu w bazie)
[2026-08-06 12:38:44] [INFO] SYMULACJA POMINIĘCIE: 'CZOLO NIEPRZELOTOWE.tom' (Brak folderu w bazie)
[2026-08-06 12:38:44] [INFO] SYMULACJA POMINIĘCIE: 'PRO TECH WIERTLO D7x4.5 K180.tom' (Brak folderu w bazie)
[2026-08-06 12:38:44] [INFO] SYMULACJA POMINIĘCIE: 'ALPHA TECHNOLOGY WIERTLO D10x6.8 L36 K135.tom' (Brak folderu w bazie)
[2026-08-06 12:38:44] [INFO] SYMULACJA POMINIĘCIE: 'ALURON WIERTLO D6x10 .tom' (Brak folderu w bazie)
[2026-08-06 12:38:44] [INFO] SYMULACJA POMINIĘCIE: 'BALERINA SIA WIERTLO Z4 6x10 KLAMKA.tom' (Brak folderu w bazie)
[2026-08-06 12:38:44] [INFO] SYMULACJA POMINIĘCIE: 'BALTICA SYSTEM WIERTLO D6.5x10 L6.5 .tom' (Brak folderu w bazie)
[2026-08-06 12:38:44] [INFO] SYMULACJA POMINIĘCIE: 'BERTRAND D10 L50-LEWE-BEZ PILOTA.tom' (Brak folderu w bazie)
[2026-08-06 12:38:44] [INFO] SYMULACJA POMINIĘCIE: 'COMATIC D10x8.5 Z4 135 st.tom' (Brak folderu w bazie)
[2026-08-06 12:38:44] [INFO] SYMULACJA POMINIĘCIE: 'COMATIC WIERTLO D10x6.8 L36 .tom' (Brak folderu w bazie)
[2026-08-06 12:38:44] [INFO] SYMULACJA POMINIĘCIE: 'DE-MA D10 L80-LEWE-BEZ PILOTA.tom' (Brak folderu w bazie)
[2026-08-06 12:38:44] [INFO] SYMULACJA POMINIĘCIE: 'DOM-EL D10 L60-LEWE-BEZ PILOTA.tom' (Brak folderu w bazie)
[2026-08-06 12:38:44] [INFO] SYMULACJA POMINIĘCIE: 'DREKON WIERTLO D10X2.5 90st.tom' (Brak folderu w bazie)
[2026-08-06 12:38:44] [INFO] SYMULACJA POMINIĘCIE: 'ELZBIECIAK D10 L30 NIEPRZELOTOWE lewe.tom' (Brak folderu w bazie)
[2026-08-06 12:38:44] [INFO] SYMULACJA POMINIĘCIE: 'ELZBIECIAK D10 L30 NIEPRZELOTOWE.tom' (Brak folderu w bazie)
[2026-08-06 12:38:44] [INFO] SYMULACJA POMINIĘCIE: 'EUROKLIM D10 L40 PRAWE-BEZ PILOTA.tom' (Brak folderu w bazie)
[2026-08-06 12:38:44] [INFO] SYMULACJA POMINIĘCIE: 'FAKRO WIERTLO D10X4 120st.tom' (Brak folderu w bazie)
[2026-08-06 12:38:44] [INFO] SYMULACJA POMINIĘCIE: 'FARO D3,5x16 K60 PRZELOTOWE.tom' (Brak folderu w bazie)
[2026-08-06 12:38:44] [INFO] SYMULACJA POMINIĘCIE: 'FARO D4x10 L21,5x10 PRZELOTOWE lewe.tom' (Brak folderu w bazie)
[2026-08-06 12:38:44] [INFO] SYMULACJA POMINIĘCIE: 'FARO D4x10 L21,5x10 PRZELOTOWE.tom' (Brak folderu w bazie)
[2026-08-06 12:38:44] [INFO] SYMULACJA POMINIĘCIE: 'FOLMAX D10 L80-LEWE-BEZ PILOTA.tom' (Brak folderu w bazie)
[2026-08-06 12:38:44] [INFO] SYMULACJA POMINIĘCIE: 'FREZWID WIERTLO Z4 6x10 KLAMKA LEWE.tom' (Brak folderu w bazie)
[2026-08-06 12:38:44] [INFO] SYMULACJA POMINIĘCIE: 'FREZWID WIERTLO Z4 6x10 LEWE KLAMKA.tom' (Brak folderu w bazie)
[2026-08-06 12:38:44] [INFO] SYMULACJA POMINIĘCIE: 'FREZWID WIERTLO Z4 6x10 PRAWE KLAMKA.tom' (Brak folderu w bazie)
[2026-08-06 12:38:44] [INFO] SYMULACJA POMINIĘCIE: 'INTERMASZ DLA KRZYNOWEK D10 L80 NIEPRZELOTOWE.tom' (Brak folderu w bazie)
[2026-08-06 12:38:44] [INFO] SYMULACJA POMINIĘCIE: 'KLAKLA D10 L100 PROSTE.tom' (Brak folderu w bazie)
[2026-08-06 12:38:44] [INFO] SYMULACJA POMINIĘCIE: 'KORZEKWA D10 L60 NIEPRZELOTOWE LEWE.tom' (Brak folderu w bazie)
[2026-08-06 12:38:44] [INFO] SYMULACJA POMINIĘCIE: 'KORZEKWA D10 L60 NIEPRZELOTOWE PRAWE.tom' (Brak folderu w bazie)
[2026-08-06 12:38:44] [INFO] SYMULACJA POMINIĘCIE: 'LTINTUS WIERTLO Z4 D6x10 L5x80 PRAWE KLAMKA.tom' (Brak folderu w bazie)
[2026-08-06 12:38:44] [INFO] SYMULACJA POMINIĘCIE: 'LTINTUYS WIERTLO Z4 D6x10 L5X80 KLAMKA LEWE.tom' (Brak folderu w bazie)
[2026-08-06 12:38:44] [INFO] SYMULACJA POMINIĘCIE: 'LUPOL D10 L80 NIEPRZELOTOWE.tom' (Brak folderu w bazie)
[2026-08-06 12:38:44] [INFO] SYMULACJA POMINIĘCIE: 'MIKINKA D10.1- PRAWE-NIEPRZELOTOWE.tom' (Brak folderu w bazie)
[2026-08-06 12:38:44] [INFO] SYMULACJA POMINIĘCIE: 'NOWY STYL WIERTLO D6x10 60st.tom' (Brak folderu w bazie)
[2026-08-06 12:38:44] [INFO] SYMULACJA POMINIĘCIE: 'OKNOPLAST WIERTLO  D10x6 L6 LEWE.tom' (Brak folderu w bazie)
[2026-08-06 12:38:44] [INFO] SYMULACJA POMINIĘCIE: 'PAGEN WIERTLO D10X6 LEWE KLAMKA.tom' (Brak folderu w bazie)
[2026-08-06 12:38:44] [INFO] SYMULACJA POMINIĘCIE: 'PETECKI D10 L50-PRAWE-BEZ PILOTA.tom' (Brak folderu w bazie)
[2026-08-06 12:38:44] [INFO] SYMULACJA POMINIĘCIE: 'PPHU FOLMAX WIERTLO  D10x6 L6 LEWE.tom' (Brak folderu w bazie)
[2026-08-06 12:38:44] [INFO] SYMULACJA POMINIĘCIE: 'PRO TECH D20x12 L15x35 PRZELOTOWE 60 ST.tom' (Brak folderu w bazie)
[2026-08-06 12:38:44] [INFO] SYMULACJA POMINIĘCIE: 'PRO TECH D20x12,5 L15x35 PRZELOTOWE 60 ST.tom' (Brak folderu w bazie)
[2026-08-06 12:38:44] [INFO] SYMULACJA POMINIĘCIE: 'PRO TECH D20x8 L20x30 PRZELOTOWE 60 ST.tom' (Brak folderu w bazie)
[2026-08-06 12:38:44] [INFO] SYMULACJA POMINIĘCIE: 'PRO-TECH D10X4.5 K120.tom' (Brak folderu w bazie)
[2026-08-06 12:38:44] [INFO] SYMULACJA POMINIĘCIE: 'PRO-TECH D10x7.2x4.5 K120.tom' (Brak folderu w bazie)
[2026-08-06 12:38:44] [INFO] SYMULACJA POMINIĘCIE: 'PRO-TECH POGLEBIACZ D10 L15 NIEPRZELOTOWE pod wiertlo.tom' (Brak folderu w bazie)
[2026-08-06 12:38:44] [INFO] SYMULACJA POMINIĘCIE: 'stolmach D10.1x16 PRZELOTOWE lewe60st.tom' (Brak folderu w bazie)
[2026-08-06 12:38:44] [INFO] SYMULACJA POMINIĘCIE: 'TECHNO ROM TOOLS D10-PILOT 6NA6 PRAWE.tom' (Brak folderu w bazie)
[2026-08-06 12:38:44] [INFO] SYMULACJA POMINIĘCIE: 'TEHNO ROM TOOLS WIERTLO D10x6 L6 PRAWE.tom' (Brak folderu w bazie)
[2026-08-06 12:38:44] [INFO] SYMULACJA POMINIĘCIE: 'TIMBERPLUS WIERTŁO D10 L115.tom' (Brak folderu w bazie)
[2026-08-06 12:38:44] [INFO] SYMULACJA POMINIĘCIE: 'TOMBUD D10X6 PRZELOTOWE 60st LEWE.tom' (Brak folderu w bazie)
[2026-08-06 12:38:44] [INFO] SYMULACJA POMINIĘCIE: 'TOMBUD D10X6 PRZELOTOWE 60st.tom' (Brak folderu w bazie)
[2026-08-06 12:38:44] [INFO] SYMULACJA POMINIĘCIE: 'WALDEMARO WIERTLO D10X6 PRAWE KLAMKA.tom' (Brak folderu w bazie)
[2026-08-06 12:38:44] [INFO] SYMULACJA POMINIĘCIE: 'WEKTOR Wiertlo D10 K120.tom' (Brak folderu w bazie)
[2026-08-06 12:38:44] [INFO] SYMULACJA POMINIĘCIE: 'ALPINA FIRE WIERTLO D11.5x6 L6 PRAWE.tom' (Brak folderu w bazie)
[2026-08-06 12:38:44] [INFO] SYMULACJA POMINIĘCIE: 'ALU-HOUSE WIERTLO STOP D6X11.5 HSS.tom' (Brak folderu w bazie)
[2026-08-06 12:38:44] [INFO] SYMULACJA POMINIĘCIE: 'ALU-HOUSE WIERTLO STOP D6X11.5.tom' (Brak folderu w bazie)
[2026-08-06 12:38:44] [INFO] SYMULACJA POMINIĘCIE: 'GAMAD WIERTLO D11 NIEPRZELOTOWE BEZ nacinakow.tom' (Brak folderu w bazie)
[2026-08-06 12:38:44] [INFO] SYMULACJA POMINIĘCIE: 'GT TOOLS D9,5x11 L38 NIEPRZELOTOWE.tom' (Brak folderu w bazie)
[2026-08-06 12:38:44] [INFO] SYMULACJA POMINIĘCIE: 'KM-OKNO WIERTLO D11x5,5 L6,5 LEWE.tom' (Brak folderu w bazie)
[2026-08-06 12:38:44] [INFO] SYMULACJA POMINIĘCIE: 'KS SYSTEMS wiertlo D11.9X6.5 z gotowego.tom' (Brak folderu w bazie)
[2026-08-06 12:38:44] [INFO] SYMULACJA POMINIĘCIE: 'PRESTIGE WIERTLO D11X6 L8.5 PRAWE KLAMKOWE.tom' (Brak folderu w bazie)
[2026-08-06 12:38:44] [INFO] SYMULACJA POMINIĘCIE: 'TELMEX WIERTLO D9.5x11.5.tom' (Brak folderu w bazie)
[2026-08-06 12:38:44] [INFO] SYMULACJA POMINIĘCIE: 'TOMBUD WIERTLO D11X6 L8.5 PRAWE KLAMKOWE.tom' (Brak folderu w bazie)
[2026-08-06 12:38:44] [INFO] SYMULACJA POMINIĘCIE: 'TOMBUD WIERTLO D11x6 splaszczenie.tom' (Brak folderu w bazie)
[2026-08-06 12:38:44] [INFO] SYMULACJA POMINIĘCIE: 'ALUMNI SRL WIERTLO D12x5.5 PRAWE K60.tom' (Brak folderu w bazie)
[2026-08-06 12:38:44] [INFO] SYMULACJA POMINIĘCIE: 'BALERINA SIA WIERTLO Z4 6x12 KLAMKA LEWE.tom' (Brak folderu w bazie)
[2026-08-06 12:38:44] [INFO] SYMULACJA POMINIĘCIE: 'BALERINA SIA WIERTLO Z4 6x12 KLAMKA.tom' (Brak folderu w bazie)
[2026-08-06 12:38:44] [INFO] SYMULACJA POMINIĘCIE: 'BAROCKA WIERTLO D12.8x7 PRAWE NIEPRZELOTOWE.tom' (Brak folderu w bazie)
[2026-08-06 12:38:44] [INFO] SYMULACJA POMINIĘCIE: 'D12-NIEPRZELOTOWE-lewe.tom' (Brak folderu w bazie)
[2026-08-06 12:38:44] [INFO] SYMULACJA POMINIĘCIE: 'D12-NIEPRZELOTOWE-PRAWE.tom' (Brak folderu w bazie)
[2026-08-06 12:38:44] [INFO] SYMULACJA POMINIĘCIE: 'DE-MA D12 L80-PRAWE-BEZ PILOTA.tom' (Brak folderu w bazie)
[2026-08-06 12:38:44] [INFO] SYMULACJA POMINIĘCIE: 'DOM-EL D12 L60-PRAWE-BEZ PILOTA.tom' (Brak folderu w bazie)
[2026-08-06 12:38:44] [INFO] SYMULACJA POMINIĘCIE: 'ENDGRAIN WIERTLO D12x10.5 NIEPRZELOTOWE.tom' (Brak folderu w bazie)
[2026-08-06 12:38:44] [INFO] SYMULACJA POMINIĘCIE: 'EUROKLIM D12 L40-LEWE-BEZ PILOTA.tom' (Brak folderu w bazie)
[2026-08-06 12:38:44] [INFO] SYMULACJA POMINIĘCIE: 'FARO D12 L70 NIEPRZELOTOWE.tom' (Brak folderu w bazie)
[2026-08-06 12:38:44] [INFO] SYMULACJA POMINIĘCIE: 'FARO D12,5 L110 NIEPRZELOTOWE.tom' (Brak folderu w bazie)
[2026-08-06 12:38:44] [INFO] SYMULACJA POMINIĘCIE: 'FARO D12,5-NIEPRZELOTOWE-PRAWE.tom' (Brak folderu w bazie)
[2026-08-06 12:38:44] [INFO] SYMULACJA POMINIĘCIE: 'FARO D12x10.5 L15,5x59,5 NIEPRZELOTOWE.tom' (Brak folderu w bazie)
[2026-08-06 12:38:44] [INFO] SYMULACJA POMINIĘCIE: 'FARO D12x10.5 L18,5x56,5 NIEPRZELOTOWE.tom' (Brak folderu w bazie)
[2026-08-06 12:38:44] [INFO] SYMULACJA POMINIĘCIE: 'FOLMAX D12 L80-LEWE-BEZ PILOTA.tom' (Brak folderu w bazie)
[2026-08-06 12:38:44] [INFO] SYMULACJA POMINIĘCIE: 'FOLMAX D12 L80-PRAWE-BEZ PILOTA.tom' (Brak folderu w bazie)
[2026-08-06 12:38:44] [INFO] SYMULACJA POMINIĘCIE: 'FREZWID WIERTLO Z4 6x12 KLAMKA PRAWE.tom' (Brak folderu w bazie)
[2026-08-06 12:38:44] [INFO] SYMULACJA POMINIĘCIE: 'KM-OKNO WIERTLO D12x5,5 L8,5 PRAWE.tom' (Brak folderu w bazie)
[2026-08-06 12:38:44] [INFO] SYMULACJA POMINIĘCIE: 'LESZEK JURKOWSKI D12x9x8 l20x13x52 WIERTLO HSS.tom' (Brak folderu w bazie)
[2026-08-06 12:38:44] [INFO] SYMULACJA POMINIĘCIE: 'LINETY ANDRZEJ WIERTŁO D12 L100 K60.tom' (Brak folderu w bazie)
[2026-08-06 12:38:44] [INFO] SYMULACJA POMINIĘCIE: 'LTINTUS WIERTLO Z4 D6x12 L5x80 KLAMKA LEWE.tom' (Brak folderu w bazie)
[2026-08-06 12:38:44] [INFO] SYMULACJA POMINIĘCIE: 'LTINTUS WIERTLO Z4 D6x12 L5x80 KLAMKA PRAWE.tom' (Brak folderu w bazie)
[2026-08-06 12:38:44] [INFO] SYMULACJA POMINIĘCIE: 'MOZDZEN D12 L70 NIEPRZELOTOWE.tom' (Brak folderu w bazie)
[2026-08-06 12:38:44] [INFO] SYMULACJA POMINIĘCIE: 'MTEHNIK WIERTLO D12x6x6 L50-LEWE.tom' (Brak folderu w bazie)
[2026-08-06 12:38:44] [INFO] SYMULACJA POMINIĘCIE: 'PIKUSA MAREK Z2 D22.2 L30.7 KRZYZYK.tom' (Brak folderu w bazie)
[2026-08-06 12:38:44] [INFO] SYMULACJA POMINIĘCIE: 'POLICA D5,7x12 L25x15 PRZELOTOWE.tom' (Brak folderu w bazie)
[2026-08-06 12:38:44] [INFO] SYMULACJA POMINIĘCIE: 'PPHU FOLMAX WIERTLO D12x6 L6 PRAWE.tom' (Brak folderu w bazie)
[2026-08-06 12:38:44] [INFO] SYMULACJA POMINIĘCIE: 'PRO-TECH NIEPRZELOTOWE D12X8.tom' (Brak folderu w bazie)
[2026-08-06 12:38:44] [INFO] SYMULACJA POMINIĘCIE: 'RAFF WIERTLO D12x9 PRAWE NIEPRZELOTOWE.tom' (Brak folderu w bazie)
[2026-08-06 12:38:44] [INFO] SYMULACJA POMINIĘCIE: 'STOLMACH D12.4x8.5 PRAWE NIEPRZELOTOWE.tom' (Brak folderu w bazie)
[2026-08-06 12:38:44] [INFO] SYMULACJA POMINIĘCIE: 'STOLMACH WIERTLO D12x8x3.nieprzelotowe HSStom.tom' (Brak folderu w bazie)
[2026-08-06 12:38:44] [INFO] SYMULACJA POMINIĘCIE: 'techno rom tools D12X6 L6 KLAMKA lewe.tom' (Brak folderu w bazie)
[2026-08-06 12:38:44] [INFO] SYMULACJA POMINIĘCIE: 'TECHNO ROM TOOLS KLAMKA D12X6 LEWE.tom' (Brak folderu w bazie)
[2026-08-06 12:38:44] [INFO] SYMULACJA POMINIĘCIE: 'TECHNO ROM TOOLS KLAMKA D12X6.tom' (Brak folderu w bazie)
[2026-08-06 12:38:44] [INFO] SYMULACJA POMINIĘCIE: 'TEHNO ROM TOOLS WIERTLO D12x6 L6 LEWE.tom' (Brak folderu w bazie)
[2026-08-06 12:38:44] [INFO] SYMULACJA POMINIĘCIE: 'WIERTLO D12-PRAWE-BEZ PILOTA.tom' (Brak folderu w bazie)
[2026-08-06 12:38:44] [INFO] SYMULACJA POMINIĘCIE: 'WND WIERTLO D6.5x23.6 X D12.9.tom' (Brak folderu w bazie)
[2026-08-06 12:38:44] [INFO] SYMULACJA POMINIĘCIE: 'D13-NIEPRZELOTOWE-PRAWE.tom' (Brak folderu w bazie)
[2026-08-06 12:38:44] [INFO] SYMULACJA POMINIĘCIE: 'LARS WIERTLO PRZELOTOWE D8.6x10.3x13 L24.8.tom' (Brak folderu w bazie)
[2026-08-06 12:38:44] [INFO] SYMULACJA POMINIĘCIE: 'PETECKI INVESTMENT Z2 D13 L40 K90.tom' (Brak folderu w bazie)
[2026-08-06 12:38:44] [INFO] SYMULACJA POMINIĘCIE: 'PRESTIGE WIERTLO D13X6 L8.5 LEWE KLAMKOWE.tom' (Brak folderu w bazie)
[2026-08-06 12:38:44] [INFO] SYMULACJA POMINIĘCIE: 'PROFINE D13,8x6,3 K118.tom' (Brak folderu w bazie)
[2026-08-06 12:38:44] [INFO] SYMULACJA POMINIĘCIE: 'PROFINE WIERTLO D13.8X6.3-PRAWE.tom' (Brak folderu w bazie)
[2026-08-06 12:38:44] [INFO] SYMULACJA POMINIĘCIE: 'WALDEMARO WIERTLO-D13x6 L6-LEWE.tom' (Brak folderu w bazie)
[2026-08-06 12:38:44] [INFO] SYMULACJA POMINIĘCIE: 'WIERTLO-D13XD7-L60-PRAWE-NIEPRZELOTOWE.tom' (Brak folderu w bazie)
[2026-08-06 12:38:44] [INFO] SYMULACJA POMINIĘCIE: 'AGRO-JAN D14 SPECJALNE -125.tom' (Brak folderu w bazie)
[2026-08-06 12:38:44] [INFO] SYMULACJA POMINIĘCIE: 'BOLETUS BALTIC D15 L75 PRZELOTOWE 90 STOPNI.tom' (Brak folderu w bazie)
[2026-08-06 12:38:44] [INFO] SYMULACJA POMINIĘCIE: 'DALTECH D14 PROFIL z promieniami.tom' (Brak folderu w bazie)
[2026-08-06 12:38:44] [INFO] SYMULACJA POMINIĘCIE: 'DALTECH D14 PROFIL.tom' (Brak folderu w bazie)
[2026-08-06 12:38:44] [INFO] SYMULACJA POMINIĘCIE: 'DALTECH D14x11.78x8.4x5.1 K130.tom' (Brak folderu w bazie)
[2026-08-06 12:38:44] [INFO] SYMULACJA POMINIĘCIE: 'DREW-MEB WIERTLO D14 L60 NIEPRZELOT.tom' (Brak folderu w bazie)
[2026-08-06 12:38:44] [INFO] SYMULACJA POMINIĘCIE: 'GABI JERCZYNSKI WIERTLO D14 KORONA LUT.tom' (Brak folderu w bazie)
[2026-08-06 12:38:44] [INFO] SYMULACJA POMINIĘCIE: 'GROWINAR WIERTLO D14X10l35 PRAWE .tom' (Brak folderu w bazie)
[2026-08-06 12:38:44] [INFO] SYMULACJA POMINIĘCIE: 'MALPISZON D12 PRZELOTOWE 60st.tom' (Brak folderu w bazie)
[2026-08-06 12:38:44] [INFO] SYMULACJA POMINIĘCIE: 'MATBOR WIERTLO D14X8 L56 PRAWE .tom' (Brak folderu w bazie)
[2026-08-06 12:38:44] [INFO] SYMULACJA POMINIĘCIE: 'POL-SKONE WIERTLO D14x12 LEWE NIEPRZELOTOWE.tom' (Brak folderu w bazie)
[2026-08-06 12:38:44] [INFO] SYMULACJA POMINIĘCIE: 'POL-SKONE WIERTLO D14x12 PRAWE NIEPRZELOTOWE test.tom' (Brak folderu w bazie)
[2026-08-06 12:38:44] [INFO] SYMULACJA POMINIĘCIE: 'POL-SKONE WIERTLO D14x12 PRAWE NIEPRZELOTOWE.tom' (Brak folderu w bazie)
[2026-08-06 12:38:44] [INFO] SYMULACJA POMINIĘCIE: 'ROSKOSZ  D14 PRZELOTOWE 60st.tom' (Brak folderu w bazie)
[2026-08-06 12:38:44] [INFO] SYMULACJA POMINIĘCIE: 'WIESLAW NIEDZIELA D14x8 R4.tom' (Brak folderu w bazie)
[2026-08-06 12:38:44] [INFO] SYMULACJA POMINIĘCIE: 'ZEBRA D9x14 L25.5 NIEPRZELOTOWE.tom' (Brak folderu w bazie)
[2026-08-06 12:38:44] [INFO] SYMULACJA POMINIĘCIE: 'ALUMNI SRL D8x15 L46,9x15 PRZELOTOWE.tom' (Brak folderu w bazie)
[2026-08-06 12:38:44] [INFO] SYMULACJA POMINIĘCIE: 'FILICIAK WIERTLO Z2 D15X8 NIEPRZELOTOWE.tom' (Brak folderu w bazie)
[2026-08-06 12:38:44] [INFO] SYMULACJA POMINIĘCIE: 'GOLD DREW D7x15 L130 NIEPRZELOTOWE PRAWE.tom' (Brak folderu w bazie)
[2026-08-06 12:38:44] [INFO] SYMULACJA POMINIĘCIE: 'GOLD DREW D7x15 L140 NIEPRZELOTOWE PRAWE.tom' (Brak folderu w bazie)
[2026-08-06 12:38:44] [INFO] SYMULACJA POMINIĘCIE: 'GOLD DREW D7x15 NIEPRZELOTOWE LEWE.tom' (Brak folderu w bazie)
[2026-08-06 12:38:44] [INFO] SYMULACJA POMINIĘCIE: 'GOLD DREW D7x15 NIEPRZELOTOWE PRAWE.tom' (Brak folderu w bazie)
[2026-08-06 12:38:44] [INFO] SYMULACJA POMINIĘCIE: 'GOLD DREW D7x15L100 NIEPRZELOTOWE LEWE.tom' (Brak folderu w bazie)
[2026-08-06 12:38:44] [INFO] SYMULACJA POMINIĘCIE: 'GOLD DREW D7x15L130 NIEPRZELOTOWE LEWE.tom' (Brak folderu w bazie)
[2026-08-06 12:38:44] [INFO] SYMULACJA POMINIĘCIE: 'GOLD DREW D7x15L140 NIEPRZELOTOWE LEWE.tom' (Brak folderu w bazie)
[2026-08-06 12:38:44] [INFO] SYMULACJA POMINIĘCIE: 'PRO-TECH D15 X 11 L15X10.tom' (Brak folderu w bazie)
[2026-08-06 12:38:44] [INFO] SYMULACJA POMINIĘCIE: 'PRO-TECH PRZELOTOWE 15,5x6,6 L35x20.tom' (Brak folderu w bazie)
[2026-08-06 12:38:44] [INFO] SYMULACJA POMINIĘCIE: 'PRO-TECH PRZELOTOWE D15x6 L50x30.tom' (Brak folderu w bazie)
[2026-08-06 12:38:44] [INFO] SYMULACJA POMINIĘCIE: 'BASTER WIERTLO D16X10 L23 PRAWE .tom' (Brak folderu w bazie)
[2026-08-06 12:38:44] [INFO] SYMULACJA POMINIĘCIE: 'BERTSCH PUSZKA D16.tom' (Brak folderu w bazie)
[2026-08-06 12:38:44] [INFO] SYMULACJA POMINIĘCIE: 'DANDAV WIERTLO D16x6.8 HS.tom' (Brak folderu w bazie)
[2026-08-06 12:38:44] [INFO] SYMULACJA POMINIĘCIE: 'FILICIAK WIERTLO Z2 D16X9 NIEPRZELOTOWE pop.tom' (Brak folderu w bazie)
[2026-08-06 12:38:44] [INFO] SYMULACJA POMINIĘCIE: 'FILICIAK WIERTLO Z2 D16X9 NIEPRZELOTOWE.tom' (Brak folderu w bazie)
[2026-08-06 12:38:44] [INFO] SYMULACJA POMINIĘCIE: 'FMP KRAKOW WIERTLO D16x7,35 HS.tom' (Brak folderu w bazie)
[2026-08-06 12:38:44] [INFO] SYMULACJA POMINIĘCIE: 'GABI JERCZYNSKI WIERTLO D16 KORONA LUT.tom' (Brak folderu w bazie)
[2026-08-06 12:38:44] [INFO] SYMULACJA POMINIĘCIE: 'GALANTERIA W DREWNIE D10x16 z2 60stopni.tom' (Brak folderu w bazie)
[2026-08-06 12:38:44] [INFO] SYMULACJA POMINIĘCIE: 'NOWY STYL D16X11 WIERTLO LUT.tom' (Brak folderu w bazie)
[2026-08-06 12:38:44] [INFO] SYMULACJA POMINIĘCIE: 'PAWEL KRAWCZYK WIERTLO D16 KORONA.tom' (Brak folderu w bazie)
[2026-08-06 12:38:44] [INFO] SYMULACJA POMINIĘCIE: 'PRO-TECH D6x16 L30.tom' (Brak folderu w bazie)
[2026-08-06 12:38:44] [INFO] SYMULACJA POMINIĘCIE: 'DREW-JAR WIERTLO D17 60st.tom' (Brak folderu w bazie)
[2026-08-06 12:38:44] [INFO] SYMULACJA POMINIĘCIE: 'DREWNOPLAST D17x17 K120 PRAWE.tom' (Brak folderu w bazie)
[2026-08-06 12:38:44] [INFO] SYMULACJA POMINIĘCIE: 'ALURON WIERTLO D15x18 L50x80.tom' (Brak folderu w bazie)
[2026-08-06 12:38:44] [INFO] SYMULACJA POMINIĘCIE: 'PALETA TRANS DREW WIERTLO D18 L65 K90 PRAWE.tom' (Brak folderu w bazie)
[2026-08-06 12:38:44] [INFO] SYMULACJA POMINIĘCIE: 'PRO-TECH WIERTLO D18x10 PRAWE.tom' (Brak folderu w bazie)
[2026-08-06 12:38:44] [INFO] SYMULACJA POMINIĘCIE: 'SAPOR WIERTLO D18x14 PRAWE.tom' (Brak folderu w bazie)
[2026-08-06 12:38:44] [INFO] SYMULACJA OK: 'WIERTLO-D7.6-18-D7.2-42.9-PRAWE-POL-SKONE-HS.tom' zakwalifikowany do '700 POL SKONE'
[2026-08-06 12:38:44] [INFO] SYMULACJA POMINIĘCIE: 'WIESLAW NIEDZIELA D18x8 R10.tom' (Brak folderu w bazie)
[2026-08-06 12:38:44] [INFO] SYMULACJA POMINIĘCIE: 'DREW-JAR WIERTLO D20x17 60st.tom' (Brak folderu w bazie)
[2026-08-06 12:38:44] [INFO] SYMULACJA POMINIĘCIE: 'PH KONTRA WIERTLO D19 Z2 90st.tom' (Brak folderu w bazie)
[2026-08-06 12:38:44] [INFO] SYMULACJA OK: 'ACOMATIQ wierlo 5-stop z2+2.tom' zakwalifikowany do '313 ACOMATIQ'
[2026-08-06 12:38:44] [INFO] SYMULACJA OK: 'ACOMATIQ wierlo WELDONY.tom' zakwalifikowany do '313 ACOMATIQ'
[2026-08-06 12:38:44] [INFO] SYMULACJA POMINIĘCIE: 'ANDREW D22 L150 NIEPRZELOTOWE.tom' (Brak folderu w bazie)
[2026-08-06 12:38:44] [INFO] SYMULACJA POMINIĘCIE: 'ANDREW D26 L135 NIEPRZELOTOWE.tom' (Brak folderu w bazie)
[2026-08-06 12:38:44] [INFO] SYMULACJA POMINIĘCIE: 'ANDREW D26 L150 NIEPRZELOTOWE.tom' (Brak folderu w bazie)
[2026-08-06 12:38:44] [INFO] SYMULACJA POMINIĘCIE: 'ANDREW D30 L150 NIEPRZELOTOWE.tom' (Brak folderu w bazie)
[2026-08-06 12:38:44] [INFO] SYMULACJA POMINIĘCIE: 'ANDREW TEST S35 WIERTLO D26 L210 PRAWE-PRZELOTOWE.tom' (Brak folderu w bazie)
[2026-08-06 12:38:44] [INFO] SYMULACJA POMINIĘCIE: 'ANDREW WIERTLO D26 L160 PRAWE-PRZELOTOWE.tom' (Brak folderu w bazie)
[2026-08-06 12:38:44] [INFO] SYMULACJA POMINIĘCIE: 'ANDREW WIERTLO D26 L210 PRAWE-PRZELOTOWE.tom' (Brak folderu w bazie)
[2026-08-06 12:38:44] [INFO] SYMULACJA POMINIĘCIE: 'BASTER D10x20.5 120 stopni.tom' (Brak folderu w bazie)
[2026-08-06 12:38:44] [INFO] SYMULACJA POMINIĘCIE: 'BELMAFLEX WIERTLO D22x10 Z3 HS LEWE.tom' (Brak folderu w bazie)
[2026-08-06 12:38:44] [INFO] SYMULACJA POMINIĘCIE: 'BELMAFLEX WIERTLO D22x10 Z3 HS.tom' (Brak folderu w bazie)
[2026-08-06 12:38:44] [INFO] SYMULACJA POMINIĘCIE: 'BELMAFLEX WIERTLO D31.5x9.5 Z3 HS PRAWE.tom' (Brak folderu w bazie)
[2026-08-06 12:38:44] [INFO] SYMULACJA POMINIĘCIE: 'BELMAFLEX WIERTLO D31.5xD9.5 Z3 HS LEWE.tom' (Brak folderu w bazie)
[2026-08-06 12:38:44] [INFO] SYMULACJA POMINIĘCIE: 'DREKON D34x26 L150x15 NIEPRZELOTOWE HSS.tom' (Brak folderu w bazie)
[2026-08-06 12:38:44] [INFO] SYMULACJA POMINIĘCIE: 'DREW-JAR WIERTLO D20x17 L37 90st.tom' (Brak folderu w bazie)
[2026-08-06 12:38:44] [INFO] SYMULACJA POMINIĘCIE: 'DREW-JAR WIERTLO D20x17.5 L37 90st.tom' (Brak folderu w bazie)
[2026-08-06 12:38:44] [INFO] SYMULACJA POMINIĘCIE: 'DREWJAR D22 Z2 PROFIL HSS.tom' (Brak folderu w bazie)
[2026-08-06 12:38:44] [INFO] SYMULACJA POMINIĘCIE: 'DREWJAR D24 Z2 PROFIL HSS.tom' (Brak folderu w bazie)
[2026-08-06 12:38:44] [INFO] SYMULACJA POMINIĘCIE: 'DREWJAR D26 Z2 PROFIL HSS.tom' (Brak folderu w bazie)
[2026-08-06 12:38:44] [INFO] SYMULACJA POMINIĘCIE: 'FARO D20 Z3 150ST LEWE.tom' (Brak folderu w bazie)
[2026-08-06 12:38:44] [INFO] SYMULACJA POMINIĘCIE: 'FARO D20 Z3 150ST.tom' (Brak folderu w bazie)
[2026-08-06 12:38:44] [INFO] SYMULACJA POMINIĘCIE: 'FILICIAK WIERTLO Z2 D21.2X10 NIEPRZELOTOWE.tom' (Brak folderu w bazie)
[2026-08-06 12:38:44] [INFO] SYMULACJA POMINIĘCIE: 'FRONT ART CNC D8,2x20 L40x15 PRZELOTOWE.tom' (Brak folderu w bazie)
[2026-08-06 12:38:44] [INFO] SYMULACJA POMINIĘCIE: 'GT TOOLS D22 L100 NIEPRZELOTOWE.tom' (Brak folderu w bazie)
[2026-08-06 12:38:44] [INFO] SYMULACJA POMINIĘCIE: 'GT TOOLS D22 L150 NIEPRZELOTOWE.tom' (Brak folderu w bazie)
[2026-08-06 12:38:44] [INFO] SYMULACJA POMINIĘCIE: 'LAMONOPOL D20 Z4 TEST.tom' (Brak folderu w bazie)
[2026-08-06 12:38:44] [INFO] SYMULACJA POMINIĘCIE: 'LINETTY D20x10 L90 NIEPRZELOTOWE.tom' (Brak folderu w bazie)
[2026-08-06 12:38:44] [INFO] SYMULACJA POMINIĘCIE: 'MARATHOON PRZELOTOWE D24 L70 90ST CONR.tom' (Brak folderu w bazie)
[2026-08-06 12:38:44] [INFO] SYMULACJA POMINIĘCIE: 'MARDREW D19.8x20.6x26.4 nieprzelotowe.tom' (Brak folderu w bazie)
[2026-08-06 12:38:44] [INFO] SYMULACJA POMINIĘCIE: 'MASLACH WIERTLO D22 L220 PRAWE-PRZELOTOWE.tom' (Brak folderu w bazie)
[2026-08-06 12:38:44] [INFO] SYMULACJA POMINIĘCIE: 'PAMO WIERTLO LUT D26 NACINKAI.tom' (Brak folderu w bazie)
[2026-08-06 12:38:44] [INFO] SYMULACJA POMINIĘCIE: 'PH KONTRA D26 L90 PRZELOTOWE.tom' (Brak folderu w bazie)
[2026-08-06 12:38:44] [INFO] SYMULACJA POMINIĘCIE: 'PH KONTRA WIERTLO D20 L185 Z2 K90.tom' (Brak folderu w bazie)
[2026-08-06 12:38:44] [INFO] SYMULACJA POMINIĘCIE: 'PRO TECH D20x7 PRAWE PRZELOTOWE.tom' (Brak folderu w bazie)
[2026-08-06 12:38:44] [INFO] SYMULACJA POMINIĘCIE: 'PRO TECH D20x9.6 PRAWE NIEPRZELOTOWE.tom' (Brak folderu w bazie)
[2026-08-06 12:38:44] [INFO] SYMULACJA POMINIĘCIE: 'PRO TECH D25x9.6 PRAWE NIEPRZELOTOWE.tom' (Brak folderu w bazie)
[2026-08-06 12:38:44] [INFO] SYMULACJA POMINIĘCIE: 'PRO-TECH D26 L50 PRZELOTOWE.tom' (Brak folderu w bazie)
[2026-08-06 12:38:44] [INFO] SYMULACJA POMINIĘCIE: 'PRO-TECH WIERTLO D32x18 L30 K120.tom' (Brak folderu w bazie)
[2026-08-06 12:38:44] [INFO] SYMULACJA POMINIĘCIE: 'PROFI-TOOL FREZ D30 Z2 K-45.tom' (Brak folderu w bazie)
[2026-08-06 12:38:44] [INFO] SYMULACJA POMINIĘCIE: 'PROFI-TOOL FREZ D30 Z2 v2 K-45.tom' (Brak folderu w bazie)
[2026-08-06 12:38:44] [INFO] SYMULACJA POMINIĘCIE: 'STOLMACH WIERTLO D28x25x16.5 K90.tom' (Brak folderu w bazie)
[2026-08-06 12:38:44] [INFO] SYMULACJA POMINIĘCIE: 'SUPERSNOW WIERTLO D20x18.5x17 118st poprawa.tom' (Brak folderu w bazie)
[2026-08-06 12:38:44] [INFO] SYMULACJA POMINIĘCIE: 'SUPERSNOW WIERTLO D20x18.5x17 118st.tom' (Brak folderu w bazie)
[2026-08-06 12:38:44] [INFO] SYMULACJA POMINIĘCIE: 'TECHNOFORM D25 L30 NIEPRZELOTOWE.tom' (Brak folderu w bazie)
[2026-08-06 12:38:44] [INFO] SYMULACJA POMINIĘCIE: 'WIERTLO-D22-D10-Z3-HS-LEWE.tom' (Brak folderu w bazie)
[2026-08-06 12:38:44] [INFO] SYMULACJA POMINIĘCIE: 'ZAKLAD POREBA D20.5X23 CALY 10stopni.tom' (Brak folderu w bazie)
[2026-08-06 12:38:44] [INFO] SYMULACJA POMINIĘCIE: 'ZAKLAD POREBA D20.5X23 CALY 15stopni.tom' (Brak folderu w bazie)
[2026-08-06 12:38:44] [INFO] SYMULACJA POMINIĘCIE: 'ZAKLAD POREBA D20.5X23 CALY 20stopni.tom' (Brak folderu w bazie)
[2026-08-06 12:38:44] [INFO] SYMULACJA POMINIĘCIE: 'ZAKLAD POREBA D20.5X23 CALY 25stopni.tom' (Brak folderu w bazie)
[2026-08-06 12:38:44] [INFO] SYMULACJA POMINIĘCIE: 'ZAKLAD POREBA D20.5X23 CALY.tom' (Brak folderu w bazie)
[2026-08-06 12:38:44] [INFO] SYMULACJA POMINIĘCIE: 'ZAKLAD POREBA D20.5X23 ZARYS.tom' (Brak folderu w bazie)
[2026-08-06 12:38:44] [INFO] SYMULACJA POMINIĘCIE: 'FARO D3 90st HSS .tom' (Brak folderu w bazie)
[2026-08-06 12:38:44] [INFO] SYMULACJA POMINIĘCIE: 'PRO TECH D3 90st .tom' (Brak folderu w bazie)
[2026-08-06 12:38:44] [INFO] SYMULACJA POMINIĘCIE: 'WIDER WIERTLO SPEC D3 SZPIC.tom' (Brak folderu w bazie)
[2026-08-06 12:38:44] [INFO] SYMULACJA POMINIĘCIE: 'DREWNOJS WIERTLO D4 90st.tom' (Brak folderu w bazie)
[2026-08-06 12:38:44] [INFO] SYMULACJA POMINIĘCIE: 'FARO WIERTLO D4.2 K60 LEWE.tom' (Brak folderu w bazie)
[2026-08-06 12:38:44] [INFO] SYMULACJA POMINIĘCIE: 'FARO WIERTLO-D4.5-60STOPN.tom' (Brak folderu w bazie)
[2026-08-06 12:38:44] [INFO] SYMULACJA POMINIĘCIE: 'LANTRYK WIERTLO-D4-60STOPN LEWE.tom' (Brak folderu w bazie)
[2026-08-06 12:38:44] [INFO] SYMULACJA POMINIĘCIE: 'LANTRYK WIERTLO-D4-60STOPN.tom' (Brak folderu w bazie)
[2026-08-06 12:38:44] [INFO] SYMULACJA POMINIĘCIE: 'MADEX WIERTLO D4 L70 90st.tom' (Brak folderu w bazie)
[2026-08-06 12:38:44] [INFO] SYMULACJA POMINIĘCIE: 'PRO-TECH WIERTLO D4.2X3 K120.tom' (Dwuznaczność (2 folderów))
[2026-08-06 12:38:44] [INFO] SYMULACJA POMINIĘCIE: 'DRUTEX  D5 Z1 A1-518 NG.tom' (Brak folderu w bazie)
[2026-08-06 12:38:44] [INFO] SYMULACJA POMINIĘCIE: 'FUDMEN D5.1 L25 NIEPRZELOTOWE.tom' (Brak folderu w bazie)
[2026-08-06 12:38:44] [INFO] SYMULACJA POMINIĘCIE: 'LIMBA WIERTLO-D5 LEWE.tom' (Brak folderu w bazie)
[2026-08-06 12:38:44] [INFO] SYMULACJA POMINIĘCIE: 'LIMBA WIERTLO-D5 PRAWE.tom' (Brak folderu w bazie)
[2026-08-06 12:38:44] [INFO] SYMULACJA POMINIĘCIE: 'LUKASIEWICZ WIERTLO D5X3.9 K120.tom' (Brak folderu w bazie)
[2026-08-06 12:38:44] [INFO] SYMULACJA POMINIĘCIE: 'plastbud d5 z1 jak wiertlo v2.tom' (Brak folderu w bazie)
[2026-08-06 12:38:44] [INFO] SYMULACJA POMINIĘCIE: 'plastbud d5 z1 jak wiertlo v2t.tom' (Brak folderu w bazie)
[2026-08-06 12:38:44] [INFO] SYMULACJA POMINIĘCIE: 'plastbud d5 z1 jak wiertlo.tom' (Brak folderu w bazie)
[2026-08-06 12:38:44] [INFO] SYMULACJA POMINIĘCIE: 'PRO-TECH NAWIERTAK pletwa D5x3 L6.41.tom' (Brak folderu w bazie)
[2026-08-06 12:38:44] [INFO] SYMULACJA POMINIĘCIE: 'PRO-TECH NAWIERTAK pletwa D5x3.5 L7.49.tom' (Brak folderu w bazie)
[2026-08-06 12:38:44] [INFO] SYMULACJA POMINIĘCIE: 'PRO-TECH WIERTLO D5X2.5 K90.tom' (Brak folderu w bazie)
[2026-08-06 12:38:44] [INFO] SYMULACJA POMINIĘCIE: 'PRO-TECH WIERTLO-D5 L55 LEWE.tom' (Brak folderu w bazie)
[2026-08-06 12:38:44] [INFO] SYMULACJA POMINIĘCIE: 'SEGAL OKNA D5 Z1 A1-518.tom' (Brak folderu w bazie)
[2026-08-06 12:38:44] [INFO] SYMULACJA POMINIĘCIE: 'TRISTAR WIERTLO-D5-70STOPN.tom' (Brak folderu w bazie)
[2026-08-06 12:38:44] [INFO] SYMULACJA POMINIĘCIE: 'ASTJP PRZYSTAL D6,8x5,5 L5x29.tom' (Brak folderu w bazie)
[2026-08-06 12:38:44] [INFO] SYMULACJA POMINIĘCIE: 'ATMAT D6 90st frez.tom' (Brak folderu w bazie)
[2026-08-06 12:38:44] [INFO] SYMULACJA POMINIĘCIE: 'D6.8- LEWE-NIEPRZELOTOWE.tom' (Brak folderu w bazie)
[2026-08-06 12:38:44] [INFO] SYMULACJA POMINIĘCIE: 'D6.8-NIEPRZELOTOWE-LEWE.tom' (Brak folderu w bazie)
[2026-08-06 12:38:44] [INFO] SYMULACJA POMINIĘCIE: 'DRUTEX WIERTLO D6x5 L15x40 K120 prawe.tom' (Brak folderu w bazie)
[2026-08-06 12:38:44] [INFO] SYMULACJA POMINIĘCIE: 'ELZBIECIAK ROBERT D6 L50 NIEPRZELOTOWE.tom' (Brak folderu w bazie)
[2026-08-06 12:38:44] [INFO] SYMULACJA POMINIĘCIE: 'NITUS WIERTLO D6.5 120st.tom' (Brak folderu w bazie)
[2026-08-06 12:38:44] [INFO] SYMULACJA POMINIĘCIE: 'PARTNER-ALMA WIERTLO D6 L30 K118.tom' (Brak folderu w bazie)
[2026-08-06 12:38:44] [INFO] SYMULACJA POMINIĘCIE: 'stolmach D6.5x12 lewe60st popr.tom' (Brak folderu w bazie)
[2026-08-06 12:38:44] [INFO] SYMULACJA POMINIĘCIE: 'stolmach D6.5x12 prawe60st popr.tom' (Brak folderu w bazie)
[2026-08-06 12:38:44] [INFO] SYMULACJA POMINIĘCIE: 'stolmach D6.5x12 PRZELOTOWE lewe60st.tom' (Brak folderu w bazie)
[2026-08-06 12:38:44] [INFO] SYMULACJA POMINIĘCIE: 'stolmach D6.5x12 PRZELOTOWE prawe60st.tom' (Brak folderu w bazie)
[2026-08-06 12:38:44] [INFO] SYMULACJA POMINIĘCIE: 'WIERTLO-D6.5x3.4-OSTRZENIE.tom' (Brak folderu w bazie)
[2026-08-06 12:38:44] [INFO] SYMULACJA POMINIĘCIE: 'WIERTŁO-D6,8- LEWE-NIEPRZELOTOWE.tom' (Brak folderu w bazie)
[2026-08-06 12:38:44] [INFO] SYMULACJA POMINIĘCIE: 'WIERTŁO-D6,8- PRAWE-NIEPRZELOTOWE.tom' (Brak folderu w bazie)
[2026-08-06 12:38:44] [INFO] SYMULACJA POMINIĘCIE: 'ALURON WIERTLO D4x7,8 .tom' (Brak folderu w bazie)
[2026-08-06 12:38:44] [INFO] SYMULACJA POMINIĘCIE: 'DEFENDOOR D6.9x7.6 L70 NIEPRZELOTOWE poprawa bckoffa.tom' (Brak folderu w bazie)
[2026-08-06 12:38:44] [INFO] SYMULACJA POMINIĘCIE: 'DEFENDOOR D6.9x7.6 L70 NIEPRZELOTOWE.tom' (Brak folderu w bazie)
[2026-08-06 12:38:44] [INFO] SYMULACJA POMINIĘCIE: 'DREKON D 5.5x7 NIEPRZELOTOWE.tom' (Brak folderu w bazie)
[2026-08-06 12:38:44] [INFO] SYMULACJA POMINIĘCIE: 'DREKON D7.9 L70 NIEPRZELOTOWE.tom' (Brak folderu w bazie)
[2026-08-06 12:38:44] [INFO] SYMULACJA POMINIĘCIE: 'INTERMASZ DLA KRZYNOWEK D6.8x7.5 L69 NIEPRZELOTOWE.tom' (Brak folderu w bazie)
[2026-08-06 12:38:44] [INFO] SYMULACJA POMINIĘCIE: 'JARDEW D7 PRAWE NIEPRZELOTOWE HW.tom' (Brak folderu w bazie)
[2026-08-06 12:38:44] [INFO] SYMULACJA POMINIĘCIE: 'LINETTY D7 PRAWE NIEPRZELOTOWE HW.tom' (Brak folderu w bazie)
[2026-08-06 12:38:44] [INFO] SYMULACJA POMINIĘCIE: 'POL-PANEL D7.5-L31-D6.8-L36.7-PRAWE.tom' (Brak folderu w bazie)
[2026-08-06 12:38:44] [INFO] SYMULACJA POMINIĘCIE: 'POL-PANEL D7.6-L21-D6.8-L36.7-PRAWE.tom' (Brak folderu w bazie)
[2026-08-06 12:38:44] [INFO] SYMULACJA POMINIĘCIE: 'POL-SKONE WIERTLO D7.5x6.7 PRAWE NIEPRZELOT.tom' (Brak folderu w bazie)
[2026-08-06 12:38:44] [INFO] SYMULACJA POMINIĘCIE: 'POL-SKONE WIERTLO D7.5x7 PRAWE NIEPRZELOT.tom' (Brak folderu w bazie)
[2026-08-06 12:38:44] [INFO] SYMULACJA POMINIĘCIE: 'POL-SKONE WIERTLO D7.8x7.4 nieprzelotowe PRAWE.tom' (Brak folderu w bazie)
[2026-08-06 12:38:44] [INFO] SYMULACJA POMINIĘCIE: 'PRO TECH WIERTLO D7x4.5 K180 V2.tom' (Brak folderu w bazie)
[2026-08-06 12:38:44] [INFO] SYMULACJA POMINIĘCIE: 'PRO TECH WIERTLO D7x4.5 K180.tom' (Brak folderu w bazie)
[2026-08-06 12:38:44] [INFO] SYMULACJA POMINIĘCIE: 'PRO-TECH D7 PRZELOTOWE 60st.tom' (Brak folderu w bazie)
[2026-08-06 12:38:44] [INFO] SYMULACJA POMINIĘCIE: 'TELMEX WIERTŁO-D5.5X7.2-NACINAKI-60-STOPNI-HW.tom' (Brak folderu w bazie)
[2026-08-06 12:38:44] [INFO] SYMULACJA POMINIĘCIE: 'TELMEX WIERTŁO-D5.5X7.2-NACINAKI-60-STOPNI-LEWE.tom' (Brak folderu w bazie)
[2026-08-06 12:38:44] [INFO] SYMULACJA POMINIĘCIE: 'AST JP PRZYSTAL WIERTLO D6.5x8 L5x29 K120.tom' (Brak folderu w bazie)
[2026-08-06 12:38:44] [INFO] SYMULACJA POMINIĘCIE: 'ATMAT WIERTLO-D8 L30 90 STOPNI.tom' (Brak folderu w bazie)
[2026-08-06 12:38:44] [INFO] SYMULACJA POMINIĘCIE: 'BOROWSKI MICHAL D8 NIEPRZELOTOWE.tom' (Brak folderu w bazie)
[2026-08-06 12:38:44] [INFO] SYMULACJA POMINIĘCIE: 'D8- LEWE-NIEPRZELOTOWE.tom' (Brak folderu w bazie)
[2026-08-06 12:38:44] [INFO] SYMULACJA POMINIĘCIE: 'ELZBIECIAK ROBERT D8-90 STOP-PRZELOTOWE-LEWE.tom' (Brak folderu w bazie)
[2026-08-06 12:38:44] [INFO] SYMULACJA POMINIĘCIE: 'FRONT ART CNC D8.2 L37 PRZELOTOWE 60st.tom' (Brak folderu w bazie)
[2026-08-06 12:38:44] [INFO] SYMULACJA POMINIĘCIE: 'INCOBEX WIERTLO D8.4 PRAWE 60St.tom' (Brak folderu w bazie)
[2026-08-06 12:38:44] [INFO] SYMULACJA POMINIĘCIE: 'INTERMASZ DLA KRZYNOWEK D8 L75 NIEPRZELOTOWE.tom' (Brak folderu w bazie)
[2026-08-06 12:38:44] [INFO] SYMULACJA POMINIĘCIE: 'INTERPLAST WIERTLOFREZ D4x8 L20x57.tom' (Brak folderu w bazie)
[2026-08-06 12:38:44] [INFO] SYMULACJA POMINIĘCIE: 'KRAK WIERTLO D8 L100.tom' (Brak folderu w bazie)
[2026-08-06 12:38:44] [INFO] SYMULACJA POMINIĘCIE: 'KUDLA MICHAL WIERTLO-D8.5-L88-LEWE-60STOPN.tom' (Brak folderu w bazie)
[2026-08-06 12:38:44] [INFO] SYMULACJA POMINIĘCIE: 'KUDLA MICHAL WIERTLO-D8.5-L88-PRAWE-60STOPN.tom' (Brak folderu w bazie)
[2026-08-06 12:38:44] [INFO] SYMULACJA POMINIĘCIE: 'LARS WIERTLO D8.7X4L7.5-HS.tom' (Brak folderu w bazie)
[2026-08-06 12:38:44] [INFO] SYMULACJA POMINIĘCIE: 'LUPOL WIERTLO D8.1xD8.6 nieprzelot.tom' (Brak folderu w bazie)
[2026-08-06 12:38:44] [INFO] SYMULACJA POMINIĘCIE: 'MUU WIERTLO D8 L30 K60.tom' (Brak folderu w bazie)
[2026-08-06 12:38:44] [INFO] SYMULACJA POMINIĘCIE: 'NM POLSKA D8.1 L25 NIEPRZELOTOWE.tom' (Brak folderu w bazie)
[2026-08-06 12:38:44] [INFO] SYMULACJA OK: 'POL SKONE D8.5 L75 LEWE NIEPRZELOTOWE.tom' zakwalifikowany do '104 POL-SKONE'
[2026-08-06 12:38:44] [INFO] SYMULACJA POMINIĘCIE: 'POL SKONE WIERTLO-D8.5-PRAWE-NIEPRZELOTOWE.tom' (Brak folderu w bazie)
[2026-08-06 12:38:44] [INFO] SYMULACJA POMINIĘCIE: 'POLICA D4x8 L18,5x25 PRZELOTOWE.tom' (Brak folderu w bazie)
[2026-08-06 12:38:44] [INFO] SYMULACJA POMINIĘCIE: 'POLICA D4x8 L18,5x25 PRZELOTOWEe.tom' (Brak folderu w bazie)
[2026-08-06 12:38:44] [INFO] SYMULACJA POMINIĘCIE: 'POLSKONE D8 L75 NIEPRZELOTOWE.tom' (Brak folderu w bazie)
[2026-08-06 12:38:44] [INFO] SYMULACJA POMINIĘCIE: 'PORTA ELK D8.4 L78 118st.tom' (Brak folderu w bazie)
[2026-08-06 12:38:44] [INFO] SYMULACJA POMINIĘCIE: 'PRO-TECH D8 Z2 60 STOPNI .tom' (Brak folderu w bazie)
[2026-08-06 12:38:44] [INFO] SYMULACJA POMINIĘCIE: 'SPOTLIGHT D4.1x8 L80 K90.tom' (Brak folderu w bazie)
[2026-08-06 12:38:44] [INFO] SYMULACJA POMINIĘCIE: 'TRISTAR WIERTLO-D8-70STOPN.tom' (Brak folderu w bazie)
[2026-08-06 12:38:44] [INFO] SYMULACJA POMINIĘCIE: 'WIERTLO-D8.5-L88-PRAWE-60STOPN.tom' (Brak folderu w bazie)
[2026-08-06 12:38:44] [INFO] SYMULACJA POMINIĘCIE: 'WND WIERTLO HSS 3 X 5 X 8 PRAWE.tom' (Brak folderu w bazie)
[2026-08-06 12:38:44] [INFO] SYMULACJA POMINIĘCIE: 'Wtyk-Pol Wiertlo D8 L125 60st.tom' (Brak folderu w bazie)
[2026-08-06 12:38:44] [INFO] SYMULACJA POMINIĘCIE: 'AUTOMATIONSTECHNIK D9.8 PRZELOTOWE 60st.tom' (Brak folderu w bazie)
[2026-08-06 12:38:44] [INFO] SYMULACJA POMINIĘCIE: 'FARO D9.5 L80 NIEPRZELOTOWE.tom' (Brak folderu w bazie)
[2026-08-06 12:38:44] [INFO] SYMULACJA POMINIĘCIE: 'FORMELANA WIERTLO  D9.8x6 L20.tom' (Brak folderu w bazie)
[2026-08-06 12:38:44] [INFO] SYMULACJA POMINIĘCIE: 'PRO TECH WIERTLO D9.8x4.5 K180 V2.tom' (Brak folderu w bazie)
[2026-08-06 12:38:44] [INFO] SYMULACJA POMINIĘCIE: 'PRO TECH WIERTLO D9.8x4.5 K180.tom' (Brak folderu w bazie)
[2026-08-06 12:38:44] [INFO] SYMULACJA POMINIĘCIE: 'PRO TECH WIERTLO D9.8x5 K180.tom' (Brak folderu w bazie)
[2026-08-06 12:38:44] [INFO] SYMULACJA POMINIĘCIE: 'PRO-TECH D9 PRZELOTOWE 60st.tom' (Brak folderu w bazie)
[2026-08-06 12:38:44] [INFO] SYMULACJA POMINIĘCIE: 'ROLAND wiertlo D9.4x9 z gotowego.tom' (Brak folderu w bazie)
[2026-08-06 12:38:44] [INFO] SYMULACJA POMINIĘCIE: 'ROSKOSZ  D9 PRZELOTOWE 60st.tom' (Brak folderu w bazie)
[2026-08-06 12:38:44] [INFO] SYMULACJA POMINIĘCIE: 'PUSZKA-D25.tom' (Brak folderu w bazie)
[2026-08-06 12:38:55] [INFO] SYMULACJA POMINIĘCIE: 'AGAT PLUS D8 Z4 L45.tom' (Brak folderu w bazie)
[2026-08-06 12:38:55] [INFO] SYMULACJA OK: 'ALL WINDOWS D6 Z4 L L30 F1.0 CIETY.tom' zakwalifikowany do 'WYKONANIE MX7_ULTRA 02_07_26 20_09'
[2026-08-06 12:38:55] [INFO] SYMULACJA POMINIĘCIE: 'ALL WINDOWS D6 Z4 P L30 F1.0 CIETY.tom' (Brak folderu w bazie)
[2026-08-06 12:38:55] [INFO] SYMULACJA POMINIĘCIE: 'ALUMNI TEHNO Z4 D12x6 LAMACZ NG.tom' (Dwuznaczność (3 folderów))
[2026-08-06 12:38:55] [INFO] SYMULACJA POMINIĘCIE: 'D10-L70-Z4-LAMACZ-WIERTŁO-HW.tom' (Brak folderu w bazie)
[2026-08-06 12:38:55] [INFO] SYMULACJA POMINIĘCIE: 'D16 Z4 RYFEL.tom' (Brak folderu w bazie)
[2026-08-06 12:38:55] [INFO] SYMULACJA POMINIĘCIE: 'D5 L30 Z1 PRAWO-LEWY HW POLER JW.tom' (Brak folderu w bazie)
[2026-08-06 12:38:55] [INFO] SYMULACJA POMINIĘCIE: 'D5 L30 Z1 PRAWO-LEWY HW POLER.tom' (Brak folderu w bazie)
[2026-08-06 12:38:55] [INFO] SYMULACJA POMINIĘCIE: 'D5 L35 Z3 HSS.tom' (Dwuznaczność (2 folderów))
[2026-08-06 12:38:55] [INFO] SYMULACJA POMINIĘCIE: 'D8_Z4_L38_LAMACZ_Hss_CZOŁO JAK  WIERTŁO.tom' (Brak folderu w bazie)
[2026-08-06 12:38:55] [INFO] SYMULACJA POMINIĘCIE: 'DIAM-TOOLS FREZ D53 Z10 R21.tom' (Dwuznaczność (5 folderów))
[2026-08-06 12:38:55] [INFO] SYMULACJA POMINIĘCIE: 'EMPOL WIERTLO Z4 6x12 KLAMKA PRAWE stara geometria .tom' (Dwuznaczność (2 folderów))
[2026-08-06 12:38:55] [INFO] SYMULACJA POMINIĘCIE: 'Fazownik D10 k35.tom' (Brak folderu w bazie)
[2026-08-06 12:38:55] [INFO] SYMULACJA POMINIĘCIE: 'Fazownik d12 k60 d6.4.tom' (Brak folderu w bazie)
[2026-08-06 12:38:55] [INFO] SYMULACJA POMINIĘCIE: 'Fazownik D12 k60.tom' (Brak folderu w bazie)
[2026-08-06 12:38:55] [INFO] SYMULACJA POMINIĘCIE: 'FLORAD Frez D25x18 Z3 .tom' (Dwuznaczność (4 folderów))
[2026-08-06 12:38:55] [INFO] SYMULACJA POMINIĘCIE: 'FREZ D14 L20 Z4.tom' (Brak folderu w bazie)
[2026-08-06 12:38:55] [INFO] SYMULACJA POMINIĘCIE: 'FREZ D22 Z2 L80 PROSTY PRZESTAWIONY.tom' (Dwuznaczność (2 folderów))
[2026-08-06 12:38:55] [INFO] SYMULACJA POMINIĘCIE: 'FREZ D40 Z18 HW.tom' (Dwuznaczność (2 folderów))
[2026-08-06 12:38:55] [INFO] SYMULACJA POMINIĘCIE: 'FREZ D6 Z2+2 L15x50 v2.tom' (Brak folderu w bazie)
[2026-08-06 12:38:55] [INFO] SYMULACJA POMINIĘCIE: 'Frez d85 z8 ostrzenie.tom' (Brak folderu w bazie)
[2026-08-06 12:38:55] [INFO] SYMULACJA POMINIĘCIE: 'FREZ K40 Z3 L1.6.tom' (Brak folderu w bazie)
[2026-08-06 12:38:55] [INFO] SYMULACJA POMINIĘCIE: 'Frez promieniowy R2 D5.2 K2.tom' (Brak folderu w bazie)
[2026-08-06 12:38:55] [INFO] SYMULACJA POMINIĘCIE: 'FREZ STOZKOWY D10 L52 K1.19.tom' (Dwuznaczność (3 folderów))
[2026-08-06 12:38:55] [INFO] SYMULACJA POMINIĘCIE: 'FREZ TEOWY D19.5 PRAWA pilka 4+4.tom' (Brak folderu w bazie)
[2026-08-06 12:38:55] [INFO] SYMULACJA POMINIĘCIE: 'FREZWID NAWIERTAK D10 90st.tom' (Brak folderu w bazie)
[2026-08-06 12:38:55] [INFO] SYMULACJA POMINIĘCIE: 'FREZWID NAWIERTAK D12 90st.tom' (Brak folderu w bazie)
[2026-08-06 12:38:55] [INFO] SYMULACJA POMINIĘCIE: 'FREZWID NAWIERTAK D6 90st.tom' (Brak folderu w bazie)
[2026-08-06 12:38:55] [INFO] SYMULACJA POMINIĘCIE: 'GOLD DOOR D16 L45 Z3 WYKANCZAJACO-ZGRUBNY.tom' (Dwuznaczność (3 folderów))
[2026-08-06 12:38:55] [INFO] SYMULACJA POMINIĘCIE: 'KOCZY Z2 D38 PROFIL R5.tom' (Dwuznaczność (3 folderów))
[2026-08-06 12:38:55] [INFO] SYMULACJA POMINIĘCIE: 'KONCOWKI D12.tom' (Brak folderu w bazie)
[2026-08-06 12:38:55] [INFO] SYMULACJA POMINIĘCIE: 'KP czyszczarka.D10 45st ostra Z4.tom' (Brak folderu w bazie)
[2026-08-06 12:38:55] [INFO] SYMULACJA POMINIĘCIE: 'KP czyszczarka.D10 45st ostra.tom' (Brak folderu w bazie)
[2026-08-06 12:38:55] [INFO] SYMULACJA POMINIĘCIE: 'KP FREZ D3 Z3.tom' (Brak folderu w bazie)
[2026-08-06 12:38:55] [INFO] SYMULACJA POMINIĘCIE: 'KULA D10 KP.tom' (Brak folderu w bazie)
[2026-08-06 12:38:55] [INFO] SYMULACJA POMINIĘCIE: 'KULA D12 KP.tom' (Brak folderu w bazie)
[2026-08-06 12:38:55] [INFO] SYMULACJA POMINIĘCIE: 'KULA D16 KP.tom' (Brak folderu w bazie)
[2026-08-06 12:38:55] [INFO] SYMULACJA POMINIĘCIE: 'KULA D4 KP.tom' (Brak folderu w bazie)
[2026-08-06 12:38:55] [INFO] SYMULACJA POMINIĘCIE: 'KULA D5,3 KP.tom' (Brak folderu w bazie)
[2026-08-06 12:38:55] [INFO] SYMULACJA POMINIĘCIE: 'KULA D6 KP.tom' (Brak folderu w bazie)
[2026-08-06 12:38:55] [INFO] SYMULACJA POMINIĘCIE: 'MAR-TOM PRZEROBKA NA PRZELOTOWE 60st.tom' (Brak folderu w bazie)
[2026-08-06 12:38:55] [INFO] SYMULACJA POMINIĘCIE: 'MB TRADING Noz Oscylacyjny D6 D0,5 L15 MIECZ.tom' (Dwuznaczność (3 folderów))
[2026-08-06 12:38:55] [INFO] SYMULACJA POMINIĘCIE: 'MULTI OKNA FREZ A1-518.tom' (Brak folderu w bazie)
[2026-08-06 12:38:55] [INFO] SYMULACJA POMINIĘCIE: 'nawiertak 90st D10.tom' (Brak folderu w bazie)
[2026-08-06 12:38:55] [INFO] SYMULACJA POMINIĘCIE: 'nawiertak 90st D12 testy v2.tom' (Brak folderu w bazie)
[2026-08-06 12:38:55] [INFO] SYMULACJA POMINIĘCIE: 'nawiertak 90st D12 testy v3.tom' (Brak folderu w bazie)
[2026-08-06 12:38:55] [INFO] SYMULACJA POMINIĘCIE: 'nawiertak 90st D12 testy.tom' (Brak folderu w bazie)
[2026-08-06 12:38:55] [INFO] SYMULACJA POMINIĘCIE: 'nawiertak 90st D12.tom' (Brak folderu w bazie)
[2026-08-06 12:38:55] [INFO] SYMULACJA POMINIĘCIE: 'nawiertak 90st D6.tom' (Brak folderu w bazie)
[2026-08-06 12:38:55] [INFO] SYMULACJA POMINIĘCIE: 'PREZMET D20 LEWA pilka 6+6.tom' (Dwuznaczność (4 folderów))
[2026-08-06 12:38:55] [INFO] SYMULACJA POMINIĘCIE: 'PREZMET D20 PRAWA pilka 6+6 koncowka.tom' (Brak folderu w bazie)
[2026-08-06 12:38:55] [INFO] SYMULACJA POMINIĘCIE: 'PREZMET D20 PRAWA pilka 6+6.tom' (Dwuznaczność (5 folderów))
[2026-08-06 12:38:55] [INFO] SYMULACJA POMINIĘCIE: 'promien r1.5 maciej syrzistie.tom' (Brak folderu w bazie)
[2026-08-06 12:38:55] [INFO] SYMULACJA POMINIĘCIE: 'Rozwiertak 22.5 Ap.tom' (Brak folderu w bazie)
[2026-08-06 12:38:55] [INFO] SYMULACJA POMINIĘCIE: 'Rozwiertak 6.06.tom' (Brak folderu w bazie)
[2026-08-06 12:38:55] [INFO] SYMULACJA POMINIĘCIE: 'Splaszczenia pod klucz.tom' (Brak folderu w bazie)
[2026-08-06 12:38:55] [INFO] SYMULACJA POMINIĘCIE: 'SZLIF NA OKRAGLO R300.tom' (Brak folderu w bazie)
[2026-08-06 12:38:55] [INFO] SYMULACJA POMINIĘCIE: 'TECHNOCAM D10 Z3 KULKA LOLIPOP.tom' (Dwuznaczność (3 folderów))
[2026-08-06 12:38:55] [INFO] SYMULACJA POMINIĘCIE: 'TECHNOCAM D12 Z3 KULKA LOLIPOP.tom' (Dwuznaczność (3 folderów))
[2026-08-06 12:38:55] [INFO] SYMULACJA POMINIĘCIE: 'TECHNOCAM D14 Z3 KULKA LOLIPOP.tom' (Dwuznaczność (3 folderów))
[2026-08-06 12:38:55] [INFO] SYMULACJA POMINIĘCIE: 'TECHNOCAM D16 Z3 KULKA LOLIPOP.tom' (Dwuznaczność (4 folderów))
[2026-08-06 12:38:55] [INFO] SYMULACJA POMINIĘCIE: 'TECHNOCAM D18 Z3 KULKA LOLIPOP.tom' (Dwuznaczność (4 folderów))
[2026-08-06 12:38:55] [INFO] SYMULACJA POMINIĘCIE: 'test.tom' (Dwuznaczność (2 folderów))
[2026-08-06 12:38:55] [INFO] SYMULACJA POMINIĘCIE: 'VALEO AW900 Rolka MR1.ST6.02.05_1V2.tom' (Dwuznaczność (2 folderów))
[2026-08-06 12:38:55] [INFO] SYMULACJA POMINIĘCIE: 'W1-ST D5.9.tom' (Brak folderu w bazie)
[2026-08-06 12:38:55] [INFO] SYMULACJA POMINIĘCIE: 'W1-ST D6.3.tom' (Brak folderu w bazie)
[2026-08-06 12:38:55] [INFO] SYMULACJA POMINIĘCIE: 'WIERTLO D10 Z2 L100 K60 PRAWE PRZELOTOWE.tom' (Dwuznaczność (2 folderów))
[2026-08-06 12:38:55] [INFO] SYMULACJA POMINIĘCIE: 'WIERTLO D12-LEWE-LAMACZ NA CZOLE.tom' (Dwuznaczność (2 folderów))
[2026-08-06 12:38:55] [INFO] SYMULACJA POMINIĘCIE: 'WIERTLO D12-PRAWE-LAMACZ NA CZOLE.tom' (Dwuznaczność (2 folderów))
[2026-08-06 12:38:55] [INFO] SYMULACJA POMINIĘCIE: 'WIERTLO D12x6 PRAWE K120 NACINAKI.tom' (Dwuznaczność (2 folderów))
[2026-08-06 12:38:55] [INFO] SYMULACJA POMINIĘCIE: 'WIERTLO D14 L120 K90 PRZELOTOWE.tom' (Dwuznaczność (2 folderów))
[2026-08-06 12:38:55] [INFO] SYMULACJA POMINIĘCIE: 'WIERTLO D35.3 L35 MORSE.tom' (Dwuznaczność (2 folderów))
[2026-08-06 12:38:55] [INFO] SYMULACJA POMINIĘCIE: 'wiertlo d6.3.tom' (Brak folderu w bazie)
[2026-08-06 12:38:55] [INFO] SYMULACJA POMINIĘCIE: 'WIERTLO POD KLAMKE D6x12 L6 PRAWE.tom' (Dwuznaczność (3 folderów))
[2026-08-06 12:38:55] [INFO] SYMULACJA POMINIĘCIE: 'WIERTLO- D12 L200 Z1 PRAWE-ROWEK 45STOPNI profil.tom' (Brak folderu w bazie)
[2026-08-06 12:38:55] [INFO] SYMULACJA POMINIĘCIE: 'WiertloGwintujace 4.2 M5 L5.tom' (Brak folderu w bazie)
[2026-08-06 12:38:55] [INFO] SYMULACJA POMINIĘCIE: 'WiertloGwintujace M5.tom' (Brak folderu w bazie)
[2026-08-06 12:38:55] [INFO] SYMULACJA POMINIĘCIE: 'WIERTŁO-D18-L34.5-D15-L5.5-D12-L34.5-D6-L5.5-PRAWE-HS.tom' (Brak folderu w bazie)
[2026-08-06 12:39:59] [INFO] USUNIĘTO PLIK: '\\192.168.1.67\c$\Program Files (x86)\ANCA\RN34.1\toolroom\user\tools\DO wykonania\stare\ALL WINDOWS D6 Z4 L L30 F1.0 CIETY.tom'
[2026-08-06 12:40:08] [INFO] SYMULACJA POMINIĘCIE: 'AGAT PLUS D8 Z4 L45.tom' (Brak folderu w bazie)
[2026-08-06 12:40:08] [INFO] SYMULACJA POMINIĘCIE: 'ALL WINDOWS D6 Z4 P L30 F1.0 CIETY.tom' (Brak folderu w bazie)
[2026-08-06 12:40:08] [INFO] SYMULACJA POMINIĘCIE: 'ALUMNI TEHNO Z4 D12x6 LAMACZ NG.tom' (Dwuznaczność (3 folderów))
[2026-08-06 12:40:08] [INFO] SYMULACJA POMINIĘCIE: 'D10-L70-Z4-LAMACZ-WIERTŁO-HW.tom' (Brak folderu w bazie)
[2026-08-06 12:40:08] [INFO] SYMULACJA POMINIĘCIE: 'D16 Z4 RYFEL.tom' (Brak folderu w bazie)
[2026-08-06 12:40:08] [INFO] SYMULACJA POMINIĘCIE: 'D5 L30 Z1 PRAWO-LEWY HW POLER JW.tom' (Brak folderu w bazie)
[2026-08-06 12:40:08] [INFO] SYMULACJA POMINIĘCIE: 'D5 L30 Z1 PRAWO-LEWY HW POLER.tom' (Brak folderu w bazie)
[2026-08-06 12:40:08] [INFO] SYMULACJA POMINIĘCIE: 'D5 L35 Z3 HSS.tom' (Dwuznaczność (2 folderów))
[2026-08-06 12:40:08] [INFO] SYMULACJA POMINIĘCIE: 'D8_Z4_L38_LAMACZ_Hss_CZOŁO JAK  WIERTŁO.tom' (Brak folderu w bazie)
[2026-08-06 12:40:08] [INFO] SYMULACJA POMINIĘCIE: 'DIAM-TOOLS FREZ D53 Z10 R21.tom' (Dwuznaczność (5 folderów))
[2026-08-06 12:40:08] [INFO] SYMULACJA POMINIĘCIE: 'EMPOL WIERTLO Z4 6x12 KLAMKA PRAWE stara geometria .tom' (Dwuznaczność (2 folderów))
[2026-08-06 12:40:08] [INFO] SYMULACJA POMINIĘCIE: 'Fazownik D10 k35.tom' (Brak folderu w bazie)
[2026-08-06 12:40:08] [INFO] SYMULACJA POMINIĘCIE: 'Fazownik d12 k60 d6.4.tom' (Brak folderu w bazie)
[2026-08-06 12:40:08] [INFO] SYMULACJA POMINIĘCIE: 'Fazownik D12 k60.tom' (Brak folderu w bazie)
[2026-08-06 12:40:08] [INFO] SYMULACJA POMINIĘCIE: 'FLORAD Frez D25x18 Z3 .tom' (Dwuznaczność (4 folderów))
[2026-08-06 12:40:08] [INFO] SYMULACJA POMINIĘCIE: 'FREZ D14 L20 Z4.tom' (Brak folderu w bazie)
[2026-08-06 12:40:08] [INFO] SYMULACJA POMINIĘCIE: 'FREZ D22 Z2 L80 PROSTY PRZESTAWIONY.tom' (Dwuznaczność (2 folderów))
[2026-08-06 12:40:08] [INFO] SYMULACJA POMINIĘCIE: 'FREZ D40 Z18 HW.tom' (Dwuznaczność (2 folderów))
[2026-08-06 12:40:08] [INFO] SYMULACJA POMINIĘCIE: 'FREZ D6 Z2+2 L15x50 v2.tom' (Brak folderu w bazie)
[2026-08-06 12:40:08] [INFO] SYMULACJA POMINIĘCIE: 'Frez d85 z8 ostrzenie.tom' (Brak folderu w bazie)
[2026-08-06 12:40:08] [INFO] SYMULACJA POMINIĘCIE: 'FREZ K40 Z3 L1.6.tom' (Brak folderu w bazie)
[2026-08-06 12:40:08] [INFO] SYMULACJA POMINIĘCIE: 'Frez promieniowy R2 D5.2 K2.tom' (Brak folderu w bazie)
[2026-08-06 12:40:08] [INFO] SYMULACJA POMINIĘCIE: 'FREZ STOZKOWY D10 L52 K1.19.tom' (Dwuznaczność (3 folderów))
[2026-08-06 12:40:08] [INFO] SYMULACJA POMINIĘCIE: 'FREZ TEOWY D19.5 PRAWA pilka 4+4.tom' (Brak folderu w bazie)
[2026-08-06 12:40:08] [INFO] SYMULACJA POMINIĘCIE: 'FREZWID NAWIERTAK D10 90st.tom' (Brak folderu w bazie)
[2026-08-06 12:40:08] [INFO] SYMULACJA POMINIĘCIE: 'FREZWID NAWIERTAK D12 90st.tom' (Brak folderu w bazie)
[2026-08-06 12:40:08] [INFO] SYMULACJA POMINIĘCIE: 'FREZWID NAWIERTAK D6 90st.tom' (Brak folderu w bazie)
[2026-08-06 12:40:08] [INFO] SYMULACJA POMINIĘCIE: 'GOLD DOOR D16 L45 Z3 WYKANCZAJACO-ZGRUBNY.tom' (Dwuznaczność (3 folderów))
[2026-08-06 12:40:08] [INFO] SYMULACJA POMINIĘCIE: 'KOCZY Z2 D38 PROFIL R5.tom' (Dwuznaczność (3 folderów))
[2026-08-06 12:40:08] [INFO] SYMULACJA POMINIĘCIE: 'KONCOWKI D12.tom' (Brak folderu w bazie)
[2026-08-06 12:40:08] [INFO] SYMULACJA POMINIĘCIE: 'KP czyszczarka.D10 45st ostra Z4.tom' (Brak folderu w bazie)
[2026-08-06 12:40:08] [INFO] SYMULACJA POMINIĘCIE: 'KP czyszczarka.D10 45st ostra.tom' (Brak folderu w bazie)
[2026-08-06 12:40:08] [INFO] SYMULACJA POMINIĘCIE: 'KP FREZ D3 Z3.tom' (Brak folderu w bazie)
[2026-08-06 12:40:08] [INFO] SYMULACJA POMINIĘCIE: 'KULA D10 KP.tom' (Brak folderu w bazie)
[2026-08-06 12:40:08] [INFO] SYMULACJA POMINIĘCIE: 'KULA D12 KP.tom' (Brak folderu w bazie)
[2026-08-06 12:40:08] [INFO] SYMULACJA POMINIĘCIE: 'KULA D16 KP.tom' (Brak folderu w bazie)
[2026-08-06 12:40:08] [INFO] SYMULACJA POMINIĘCIE: 'KULA D4 KP.tom' (Brak folderu w bazie)
[2026-08-06 12:40:08] [INFO] SYMULACJA POMINIĘCIE: 'KULA D5,3 KP.tom' (Brak folderu w bazie)
[2026-08-06 12:40:08] [INFO] SYMULACJA POMINIĘCIE: 'KULA D6 KP.tom' (Brak folderu w bazie)
[2026-08-06 12:40:08] [INFO] SYMULACJA POMINIĘCIE: 'MAR-TOM PRZEROBKA NA PRZELOTOWE 60st.tom' (Brak folderu w bazie)
[2026-08-06 12:40:08] [INFO] SYMULACJA POMINIĘCIE: 'MB TRADING Noz Oscylacyjny D6 D0,5 L15 MIECZ.tom' (Dwuznaczność (3 folderów))
[2026-08-06 12:40:08] [INFO] SYMULACJA POMINIĘCIE: 'MULTI OKNA FREZ A1-518.tom' (Brak folderu w bazie)
[2026-08-06 12:40:08] [INFO] SYMULACJA POMINIĘCIE: 'nawiertak 90st D10.tom' (Brak folderu w bazie)
[2026-08-06 12:40:08] [INFO] SYMULACJA POMINIĘCIE: 'nawiertak 90st D12 testy v2.tom' (Brak folderu w bazie)
[2026-08-06 12:40:08] [INFO] SYMULACJA POMINIĘCIE: 'nawiertak 90st D12 testy v3.tom' (Brak folderu w bazie)
[2026-08-06 12:40:08] [INFO] SYMULACJA POMINIĘCIE: 'nawiertak 90st D12 testy.tom' (Brak folderu w bazie)
[2026-08-06 12:40:08] [INFO] SYMULACJA POMINIĘCIE: 'nawiertak 90st D12.tom' (Brak folderu w bazie)
[2026-08-06 12:40:08] [INFO] SYMULACJA POMINIĘCIE: 'nawiertak 90st D6.tom' (Brak folderu w bazie)
[2026-08-06 12:40:08] [INFO] SYMULACJA POMINIĘCIE: 'PREZMET D20 LEWA pilka 6+6.tom' (Dwuznaczność (4 folderów))
[2026-08-06 12:40:08] [INFO] SYMULACJA POMINIĘCIE: 'PREZMET D20 PRAWA pilka 6+6 koncowka.tom' (Brak folderu w bazie)
[2026-08-06 12:40:08] [INFO] SYMULACJA POMINIĘCIE: 'PREZMET D20 PRAWA pilka 6+6.tom' (Dwuznaczność (5 folderów))
[2026-08-06 12:40:08] [INFO] SYMULACJA POMINIĘCIE: 'promien r1.5 maciej syrzistie.tom' (Brak folderu w bazie)
[2026-08-06 12:40:08] [INFO] SYMULACJA POMINIĘCIE: 'Rozwiertak 22.5 Ap.tom' (Brak folderu w bazie)
[2026-08-06 12:40:08] [INFO] SYMULACJA POMINIĘCIE: 'Rozwiertak 6.06.tom' (Brak folderu w bazie)
[2026-08-06 12:40:08] [INFO] SYMULACJA POMINIĘCIE: 'Splaszczenia pod klucz.tom' (Brak folderu w bazie)
[2026-08-06 12:40:08] [INFO] SYMULACJA POMINIĘCIE: 'SZLIF NA OKRAGLO R300.tom' (Brak folderu w bazie)
[2026-08-06 12:40:08] [INFO] SYMULACJA POMINIĘCIE: 'TECHNOCAM D10 Z3 KULKA LOLIPOP.tom' (Dwuznaczność (3 folderów))
[2026-08-06 12:40:08] [INFO] SYMULACJA POMINIĘCIE: 'TECHNOCAM D12 Z3 KULKA LOLIPOP.tom' (Dwuznaczność (3 folderów))
[2026-08-06 12:40:08] [INFO] SYMULACJA POMINIĘCIE: 'TECHNOCAM D14 Z3 KULKA LOLIPOP.tom' (Dwuznaczność (3 folderów))
[2026-08-06 12:40:08] [INFO] SYMULACJA POMINIĘCIE: 'TECHNOCAM D16 Z3 KULKA LOLIPOP.tom' (Dwuznaczność (4 folderów))
[2026-08-06 12:40:08] [INFO] SYMULACJA POMINIĘCIE: 'TECHNOCAM D18 Z3 KULKA LOLIPOP.tom' (Dwuznaczność (4 folderów))
[2026-08-06 12:40:08] [INFO] SYMULACJA POMINIĘCIE: 'test.tom' (Dwuznaczność (2 folderów))
[2026-08-06 12:40:08] [INFO] SYMULACJA POMINIĘCIE: 'VALEO AW900 Rolka MR1.ST6.02.05_1V2.tom' (Dwuznaczność (2 folderów))
[2026-08-06 12:40:08] [INFO] SYMULACJA POMINIĘCIE: 'W1-ST D5.9.tom' (Brak folderu w bazie)
[2026-08-06 12:40:08] [INFO] SYMULACJA POMINIĘCIE: 'W1-ST D6.3.tom' (Brak folderu w bazie)
[2026-08-06 12:40:08] [INFO] SYMULACJA POMINIĘCIE: 'WIERTLO D10 Z2 L100 K60 PRAWE PRZELOTOWE.tom' (Dwuznaczność (2 folderów))
[2026-08-06 12:40:08] [INFO] SYMULACJA POMINIĘCIE: 'WIERTLO D12-LEWE-LAMACZ NA CZOLE.tom' (Dwuznaczność (2 folderów))
[2026-08-06 12:40:08] [INFO] SYMULACJA POMINIĘCIE: 'WIERTLO D12-PRAWE-LAMACZ NA CZOLE.tom' (Dwuznaczność (2 folderów))
[2026-08-06 12:40:08] [INFO] SYMULACJA POMINIĘCIE: 'WIERTLO D12x6 PRAWE K120 NACINAKI.tom' (Dwuznaczność (2 folderów))
[2026-08-06 12:40:08] [INFO] SYMULACJA POMINIĘCIE: 'WIERTLO D14 L120 K90 PRZELOTOWE.tom' (Dwuznaczność (2 folderów))
[2026-08-06 12:40:08] [INFO] SYMULACJA POMINIĘCIE: 'WIERTLO D35.3 L35 MORSE.tom' (Dwuznaczność (2 folderów))
[2026-08-06 12:40:08] [INFO] SYMULACJA POMINIĘCIE: 'wiertlo d6.3.tom' (Brak folderu w bazie)
[2026-08-06 12:40:08] [INFO] SYMULACJA POMINIĘCIE: 'WIERTLO POD KLAMKE D6x12 L6 PRAWE.tom' (Dwuznaczność (3 folderów))
[2026-08-06 12:40:08] [INFO] SYMULACJA POMINIĘCIE: 'WIERTLO- D12 L200 Z1 PRAWE-ROWEK 45STOPNI profil.tom' (Brak folderu w bazie)
[2026-08-06 12:40:08] [INFO] SYMULACJA POMINIĘCIE: 'WiertloGwintujace 4.2 M5 L5.tom' (Brak folderu w bazie)
[2026-08-06 12:40:08] [INFO] SYMULACJA POMINIĘCIE: 'WiertloGwintujace M5.tom' (Brak folderu w bazie)
[2026-08-06 12:40:08] [INFO] SYMULACJA POMINIĘCIE: 'WIERTŁO-D18-L34.5-D15-L5.5-D12-L34.5-D6-L5.5-PRAWE-HS.tom' (Brak folderu w bazie)
[2026-08-06 12:41:15] [INFO] SYMULACJA POMINIĘCIE: 'AGAT PLUS D8 Z4 L45.tom' (Brak folderu w bazie)
[2026-08-06 12:41:15] [INFO] SYMULACJA POMINIĘCIE: 'ALL WINDOWS D6 Z4 P L30 F1.0 CIETY.tom' (Brak folderu w bazie)
[2026-08-06 12:41:15] [INFO] SYMULACJA POMINIĘCIE: 'ALUMNI TEHNO Z4 D12x6 LAMACZ NG.tom' (Dwuznaczność (3 folderów))
[2026-08-06 12:41:15] [INFO] SYMULACJA POMINIĘCIE: 'D10-L70-Z4-LAMACZ-WIERTŁO-HW.tom' (Brak folderu w bazie)
[2026-08-06 12:41:15] [INFO] SYMULACJA POMINIĘCIE: 'D16 Z4 RYFEL.tom' (Brak folderu w bazie)
[2026-08-06 12:41:15] [INFO] SYMULACJA POMINIĘCIE: 'D5 L30 Z1 PRAWO-LEWY HW POLER JW.tom' (Brak folderu w bazie)
[2026-08-06 12:41:15] [INFO] SYMULACJA POMINIĘCIE: 'D5 L30 Z1 PRAWO-LEWY HW POLER.tom' (Brak folderu w bazie)
[2026-08-06 12:41:15] [INFO] SYMULACJA POMINIĘCIE: 'D5 L35 Z3 HSS.tom' (Dwuznaczność (2 folderów))
[2026-08-06 12:41:15] [INFO] SYMULACJA POMINIĘCIE: 'D8_Z4_L38_LAMACZ_Hss_CZOŁO JAK  WIERTŁO.tom' (Brak folderu w bazie)
[2026-08-06 12:41:15] [INFO] SYMULACJA POMINIĘCIE: 'DIAM-TOOLS FREZ D53 Z10 R21.tom' (Dwuznaczność (5 folderów))
[2026-08-06 12:41:15] [INFO] SYMULACJA POMINIĘCIE: 'EMPOL WIERTLO Z4 6x12 KLAMKA PRAWE stara geometria .tom' (Dwuznaczność (2 folderów))
[2026-08-06 12:41:15] [INFO] SYMULACJA POMINIĘCIE: 'Fazownik D10 k35.tom' (Brak folderu w bazie)
[2026-08-06 12:41:15] [INFO] SYMULACJA POMINIĘCIE: 'Fazownik d12 k60 d6.4.tom' (Brak folderu w bazie)
[2026-08-06 12:41:15] [INFO] SYMULACJA POMINIĘCIE: 'Fazownik D12 k60.tom' (Brak folderu w bazie)
[2026-08-06 12:41:15] [INFO] SYMULACJA POMINIĘCIE: 'FLORAD Frez D25x18 Z3 .tom' (Dwuznaczność (4 folderów))
[2026-08-06 12:41:15] [INFO] SYMULACJA POMINIĘCIE: 'FREZ D14 L20 Z4.tom' (Brak folderu w bazie)
[2026-08-06 12:41:15] [INFO] SYMULACJA POMINIĘCIE: 'FREZ D22 Z2 L80 PROSTY PRZESTAWIONY.tom' (Dwuznaczność (2 folderów))
[2026-08-06 12:41:15] [INFO] SYMULACJA POMINIĘCIE: 'FREZ D40 Z18 HW.tom' (Dwuznaczność (2 folderów))
[2026-08-06 12:41:15] [INFO] SYMULACJA POMINIĘCIE: 'FREZ D6 Z2+2 L15x50 v2.tom' (Brak folderu w bazie)
[2026-08-06 12:41:15] [INFO] SYMULACJA POMINIĘCIE: 'Frez d85 z8 ostrzenie.tom' (Brak folderu w bazie)
[2026-08-06 12:41:15] [INFO] SYMULACJA POMINIĘCIE: 'FREZ K40 Z3 L1.6.tom' (Brak folderu w bazie)
[2026-08-06 12:41:15] [INFO] SYMULACJA POMINIĘCIE: 'Frez promieniowy R2 D5.2 K2.tom' (Brak folderu w bazie)
[2026-08-06 12:41:15] [INFO] SYMULACJA POMINIĘCIE: 'FREZ STOZKOWY D10 L52 K1.19.tom' (Dwuznaczność (3 folderów))
[2026-08-06 12:41:15] [INFO] SYMULACJA POMINIĘCIE: 'FREZ TEOWY D19.5 PRAWA pilka 4+4.tom' (Brak folderu w bazie)
[2026-08-06 12:41:15] [INFO] SYMULACJA POMINIĘCIE: 'FREZWID NAWIERTAK D10 90st.tom' (Brak folderu w bazie)
[2026-08-06 12:41:15] [INFO] SYMULACJA POMINIĘCIE: 'FREZWID NAWIERTAK D12 90st.tom' (Brak folderu w bazie)
[2026-08-06 12:41:15] [INFO] SYMULACJA POMINIĘCIE: 'FREZWID NAWIERTAK D6 90st.tom' (Brak folderu w bazie)
[2026-08-06 12:41:15] [INFO] SYMULACJA POMINIĘCIE: 'GOLD DOOR D16 L45 Z3 WYKANCZAJACO-ZGRUBNY.tom' (Dwuznaczność (3 folderów))
[2026-08-06 12:41:15] [INFO] SYMULACJA POMINIĘCIE: 'KOCZY Z2 D38 PROFIL R5.tom' (Dwuznaczność (3 folderów))
[2026-08-06 12:41:15] [INFO] SYMULACJA POMINIĘCIE: 'KONCOWKI D12.tom' (Brak folderu w bazie)
[2026-08-06 12:41:15] [INFO] SYMULACJA POMINIĘCIE: 'KP czyszczarka.D10 45st ostra Z4.tom' (Brak folderu w bazie)
[2026-08-06 12:41:15] [INFO] SYMULACJA POMINIĘCIE: 'KP czyszczarka.D10 45st ostra.tom' (Brak folderu w bazie)
[2026-08-06 12:41:15] [INFO] SYMULACJA POMINIĘCIE: 'KP FREZ D3 Z3.tom' (Brak folderu w bazie)
[2026-08-06 12:41:15] [INFO] SYMULACJA POMINIĘCIE: 'KULA D10 KP.tom' (Brak folderu w bazie)
[2026-08-06 12:41:15] [INFO] SYMULACJA POMINIĘCIE: 'KULA D12 KP.tom' (Brak folderu w bazie)
[2026-08-06 12:41:15] [INFO] SYMULACJA POMINIĘCIE: 'KULA D16 KP.tom' (Brak folderu w bazie)
[2026-08-06 12:41:15] [INFO] SYMULACJA POMINIĘCIE: 'KULA D4 KP.tom' (Brak folderu w bazie)
[2026-08-06 12:41:15] [INFO] SYMULACJA POMINIĘCIE: 'KULA D5,3 KP.tom' (Brak folderu w bazie)
[2026-08-06 12:41:15] [INFO] SYMULACJA POMINIĘCIE: 'KULA D6 KP.tom' (Brak folderu w bazie)
[2026-08-06 12:41:15] [INFO] SYMULACJA POMINIĘCIE: 'MAR-TOM PRZEROBKA NA PRZELOTOWE 60st.tom' (Brak folderu w bazie)
[2026-08-06 12:41:15] [INFO] SYMULACJA POMINIĘCIE: 'MB TRADING Noz Oscylacyjny D6 D0,5 L15 MIECZ.tom' (Dwuznaczność (3 folderów))
[2026-08-06 12:41:15] [INFO] SYMULACJA POMINIĘCIE: 'MULTI OKNA FREZ A1-518.tom' (Brak folderu w bazie)
[2026-08-06 12:41:15] [INFO] SYMULACJA POMINIĘCIE: 'nawiertak 90st D10.tom' (Brak folderu w bazie)
[2026-08-06 12:41:15] [INFO] SYMULACJA POMINIĘCIE: 'nawiertak 90st D12 testy v2.tom' (Brak folderu w bazie)
[2026-08-06 12:41:15] [INFO] SYMULACJA POMINIĘCIE: 'nawiertak 90st D12 testy v3.tom' (Brak folderu w bazie)
[2026-08-06 12:41:15] [INFO] SYMULACJA POMINIĘCIE: 'nawiertak 90st D12 testy.tom' (Brak folderu w bazie)
[2026-08-06 12:41:15] [INFO] SYMULACJA POMINIĘCIE: 'nawiertak 90st D12.tom' (Brak folderu w bazie)
[2026-08-06 12:41:15] [INFO] SYMULACJA POMINIĘCIE: 'nawiertak 90st D6.tom' (Brak folderu w bazie)
[2026-08-06 12:41:15] [INFO] SYMULACJA POMINIĘCIE: 'PREZMET D20 LEWA pilka 6+6.tom' (Dwuznaczność (4 folderów))
[2026-08-06 12:41:15] [INFO] SYMULACJA POMINIĘCIE: 'PREZMET D20 PRAWA pilka 6+6 koncowka.tom' (Brak folderu w bazie)
[2026-08-06 12:41:15] [INFO] SYMULACJA POMINIĘCIE: 'PREZMET D20 PRAWA pilka 6+6.tom' (Dwuznaczność (5 folderów))
[2026-08-06 12:41:15] [INFO] SYMULACJA POMINIĘCIE: 'promien r1.5 maciej syrzistie.tom' (Brak folderu w bazie)
[2026-08-06 12:41:15] [INFO] SYMULACJA POMINIĘCIE: 'Rozwiertak 22.5 Ap.tom' (Brak folderu w bazie)
[2026-08-06 12:41:15] [INFO] SYMULACJA POMINIĘCIE: 'Rozwiertak 6.06.tom' (Brak folderu w bazie)
[2026-08-06 12:41:15] [INFO] SYMULACJA POMINIĘCIE: 'Splaszczenia pod klucz.tom' (Brak folderu w bazie)
[2026-08-06 12:41:15] [INFO] SYMULACJA POMINIĘCIE: 'SZLIF NA OKRAGLO R300.tom' (Brak folderu w bazie)
[2026-08-06 12:41:15] [INFO] SYMULACJA POMINIĘCIE: 'TECHNOCAM D10 Z3 KULKA LOLIPOP.tom' (Dwuznaczność (3 folderów))
[2026-08-06 12:41:15] [INFO] SYMULACJA POMINIĘCIE: 'TECHNOCAM D12 Z3 KULKA LOLIPOP.tom' (Dwuznaczność (3 folderów))
[2026-08-06 12:41:15] [INFO] SYMULACJA POMINIĘCIE: 'TECHNOCAM D14 Z3 KULKA LOLIPOP.tom' (Dwuznaczność (3 folderów))
[2026-08-06 12:41:15] [INFO] SYMULACJA POMINIĘCIE: 'TECHNOCAM D16 Z3 KULKA LOLIPOP.tom' (Dwuznaczność (4 folderów))
[2026-08-06 12:41:15] [INFO] SYMULACJA POMINIĘCIE: 'TECHNOCAM D18 Z3 KULKA LOLIPOP.tom' (Dwuznaczność (4 folderów))
[2026-08-06 12:41:15] [INFO] SYMULACJA POMINIĘCIE: 'testBlad.tom' (Brak folderu w bazie)
[2026-08-06 12:41:15] [INFO] SYMULACJA POMINIĘCIE: 'VALEO AW900 Rolka MR1.ST6.02.05_1V2.tom' (Dwuznaczność (2 folderów))
[2026-08-06 12:41:15] [INFO] SYMULACJA POMINIĘCIE: 'W1-ST D5.9.tom' (Brak folderu w bazie)
[2026-08-06 12:41:15] [INFO] SYMULACJA POMINIĘCIE: 'W1-ST D6.3.tom' (Brak folderu w bazie)
[2026-08-06 12:41:15] [INFO] SYMULACJA POMINIĘCIE: 'WIERTLO D10 Z2 L100 K60 PRAWE PRZELOTOWE.tom' (Dwuznaczność (2 folderów))
[2026-08-06 12:41:15] [INFO] SYMULACJA POMINIĘCIE: 'WIERTLO D12-LEWE-LAMACZ NA CZOLE.tom' (Dwuznaczność (2 folderów))
[2026-08-06 12:41:15] [INFO] SYMULACJA POMINIĘCIE: 'WIERTLO D12-PRAWE-LAMACZ NA CZOLE.tom' (Dwuznaczność (2 folderów))
[2026-08-06 12:41:15] [INFO] SYMULACJA POMINIĘCIE: 'WIERTLO D12x6 PRAWE K120 NACINAKI.tom' (Dwuznaczność (2 folderów))
[2026-08-06 12:41:15] [INFO] SYMULACJA POMINIĘCIE: 'WIERTLO D14 L120 K90 PRZELOTOWE.tom' (Dwuznaczność (2 folderów))
[2026-08-06 12:41:15] [INFO] SYMULACJA POMINIĘCIE: 'WIERTLO D35.3 L35 MORSE.tom' (Dwuznaczność (2 folderów))
[2026-08-06 12:41:15] [INFO] SYMULACJA POMINIĘCIE: 'wiertlo d6.3.tom' (Brak folderu w bazie)
[2026-08-06 12:41:15] [INFO] SYMULACJA POMINIĘCIE: 'WIERTLO POD KLAMKE D6x12 L6 PRAWE.tom' (Dwuznaczność (3 folderów))
[2026-08-06 12:41:15] [INFO] SYMULACJA POMINIĘCIE: 'WIERTLO- D12 L200 Z1 PRAWE-ROWEK 45STOPNI profil.tom' (Brak folderu w bazie)
[2026-08-06 12:41:15] [INFO] SYMULACJA POMINIĘCIE: 'WiertloGwintujace 4.2 M5 L5.tom' (Brak folderu w bazie)
[2026-08-06 12:41:15] [INFO] SYMULACJA POMINIĘCIE: 'WiertloGwintujace M5.tom' (Brak folderu w bazie)
[2026-08-06 12:41:15] [INFO] SYMULACJA POMINIĘCIE: 'WIERTŁO-D18-L34.5-D15-L5.5-D12-L34.5-D6-L5.5-PRAWE-HS.tom' (Brak folderu w bazie)
[2026-08-06 12:41:25] [INFO] SYMULACJA POMINIĘCIE: 'AGAT PLUS D8 Z4 L45.tom' (Brak folderu w bazie)
[2026-08-06 12:41:25] [INFO] SYMULACJA POMINIĘCIE: 'ALL WINDOWS D6 Z4 P L30 F1.0 CIETY.tom' (Brak folderu w bazie)
[2026-08-06 12:41:25] [INFO] SYMULACJA POMINIĘCIE: 'ALUMNI TEHNO Z4 D12x6 LAMACZ NG.tom' (Dwuznaczność (3 folderów))
[2026-08-06 12:41:25] [INFO] SYMULACJA POMINIĘCIE: 'D10-L70-Z4-LAMACZ-WIERTŁO-HW.tom' (Brak folderu w bazie)
[2026-08-06 12:41:25] [INFO] SYMULACJA POMINIĘCIE: 'D16 Z4 RYFEL.tom' (Brak folderu w bazie)
[2026-08-06 12:41:25] [INFO] SYMULACJA POMINIĘCIE: 'D5 L30 Z1 PRAWO-LEWY HW POLER JW.tom' (Brak folderu w bazie)
[2026-08-06 12:41:25] [INFO] SYMULACJA POMINIĘCIE: 'D5 L30 Z1 PRAWO-LEWY HW POLER.tom' (Brak folderu w bazie)
[2026-08-06 12:41:25] [INFO] SYMULACJA POMINIĘCIE: 'D5 L35 Z3 HSS.tom' (Dwuznaczność (2 folderów))
[2026-08-06 12:41:25] [INFO] SYMULACJA POMINIĘCIE: 'D8_Z4_L38_LAMACZ_Hss_CZOŁO JAK  WIERTŁO.tom' (Brak folderu w bazie)
[2026-08-06 12:41:25] [INFO] SYMULACJA POMINIĘCIE: 'DIAM-TOOLS FREZ D53 Z10 R21.tom' (Dwuznaczność (5 folderów))
[2026-08-06 12:41:25] [INFO] SYMULACJA POMINIĘCIE: 'EMPOL WIERTLO Z4 6x12 KLAMKA PRAWE stara geometria .tom' (Dwuznaczność (2 folderów))
[2026-08-06 12:41:25] [INFO] SYMULACJA POMINIĘCIE: 'Fazownik D10 k35.tom' (Brak folderu w bazie)
[2026-08-06 12:41:25] [INFO] SYMULACJA POMINIĘCIE: 'Fazownik d12 k60 d6.4.tom' (Brak folderu w bazie)
[2026-08-06 12:41:25] [INFO] SYMULACJA POMINIĘCIE: 'Fazownik D12 k60.tom' (Brak folderu w bazie)
[2026-08-06 12:41:25] [INFO] SYMULACJA POMINIĘCIE: 'FLORAD Frez D25x18 Z3 .tom' (Dwuznaczność (4 folderów))
[2026-08-06 12:41:25] [INFO] SYMULACJA POMINIĘCIE: 'FREZ D14 L20 Z4.tom' (Brak folderu w bazie)
[2026-08-06 12:41:25] [INFO] SYMULACJA POMINIĘCIE: 'FREZ D22 Z2 L80 PROSTY PRZESTAWIONY.tom' (Dwuznaczność (2 folderów))
[2026-08-06 12:41:25] [INFO] SYMULACJA POMINIĘCIE: 'FREZ D40 Z18 HW.tom' (Dwuznaczność (2 folderów))
[2026-08-06 12:41:25] [INFO] SYMULACJA POMINIĘCIE: 'FREZ D6 Z2+2 L15x50 v2.tom' (Brak folderu w bazie)
[2026-08-06 12:41:25] [INFO] SYMULACJA POMINIĘCIE: 'Frez d85 z8 ostrzenie.tom' (Brak folderu w bazie)
[2026-08-06 12:41:25] [INFO] SYMULACJA POMINIĘCIE: 'FREZ K40 Z3 L1.6.tom' (Brak folderu w bazie)
[2026-08-06 12:41:25] [INFO] SYMULACJA POMINIĘCIE: 'Frez promieniowy R2 D5.2 K2.tom' (Brak folderu w bazie)
[2026-08-06 12:41:25] [INFO] SYMULACJA POMINIĘCIE: 'FREZ STOZKOWY D10 L52 K1.19.tom' (Dwuznaczność (3 folderów))
[2026-08-06 12:41:25] [INFO] SYMULACJA POMINIĘCIE: 'FREZ TEOWY D19.5 PRAWA pilka 4+4.tom' (Brak folderu w bazie)
[2026-08-06 12:41:25] [INFO] SYMULACJA POMINIĘCIE: 'FREZWID NAWIERTAK D10 90st.tom' (Brak folderu w bazie)
[2026-08-06 12:41:25] [INFO] SYMULACJA POMINIĘCIE: 'FREZWID NAWIERTAK D12 90st.tom' (Brak folderu w bazie)
[2026-08-06 12:41:25] [INFO] SYMULACJA POMINIĘCIE: 'FREZWID NAWIERTAK D6 90st.tom' (Brak folderu w bazie)
[2026-08-06 12:41:25] [INFO] SYMULACJA POMINIĘCIE: 'GOLD DOOR D16 L45 Z3 WYKANCZAJACO-ZGRUBNY.tom' (Dwuznaczność (3 folderów))
[2026-08-06 12:41:25] [INFO] SYMULACJA POMINIĘCIE: 'KOCZY Z2 D38 PROFIL R5.tom' (Dwuznaczność (3 folderów))
[2026-08-06 12:41:25] [INFO] SYMULACJA POMINIĘCIE: 'KONCOWKI D12.tom' (Brak folderu w bazie)
[2026-08-06 12:41:25] [INFO] SYMULACJA POMINIĘCIE: 'KP czyszczarka.D10 45st ostra Z4.tom' (Brak folderu w bazie)
[2026-08-06 12:41:25] [INFO] SYMULACJA POMINIĘCIE: 'KP czyszczarka.D10 45st ostra.tom' (Brak folderu w bazie)
[2026-08-06 12:41:25] [INFO] SYMULACJA POMINIĘCIE: 'KP FREZ D3 Z3.tom' (Brak folderu w bazie)
[2026-08-06 12:41:25] [INFO] SYMULACJA POMINIĘCIE: 'KULA D10 KP.tom' (Brak folderu w bazie)
[2026-08-06 12:41:25] [INFO] SYMULACJA POMINIĘCIE: 'KULA D12 KP.tom' (Brak folderu w bazie)
[2026-08-06 12:41:25] [INFO] SYMULACJA POMINIĘCIE: 'KULA D16 KP.tom' (Brak folderu w bazie)
[2026-08-06 12:41:25] [INFO] SYMULACJA POMINIĘCIE: 'KULA D4 KP.tom' (Brak folderu w bazie)
[2026-08-06 12:41:25] [INFO] SYMULACJA POMINIĘCIE: 'KULA D5,3 KP.tom' (Brak folderu w bazie)
[2026-08-06 12:41:25] [INFO] SYMULACJA POMINIĘCIE: 'KULA D6 KP.tom' (Brak folderu w bazie)
[2026-08-06 12:41:25] [INFO] SYMULACJA POMINIĘCIE: 'MAR-TOM PRZEROBKA NA PRZELOTOWE 60st.tom' (Brak folderu w bazie)
[2026-08-06 12:41:25] [INFO] SYMULACJA POMINIĘCIE: 'MB TRADING Noz Oscylacyjny D6 D0,5 L15 MIECZ.tom' (Dwuznaczność (3 folderów))
[2026-08-06 12:41:25] [INFO] SYMULACJA POMINIĘCIE: 'MULTI OKNA FREZ A1-518.tom' (Brak folderu w bazie)
[2026-08-06 12:41:25] [INFO] SYMULACJA POMINIĘCIE: 'nawiertak 90st D10.tom' (Brak folderu w bazie)
[2026-08-06 12:41:25] [INFO] SYMULACJA POMINIĘCIE: 'nawiertak 90st D12 testy v2.tom' (Brak folderu w bazie)
[2026-08-06 12:41:25] [INFO] SYMULACJA POMINIĘCIE: 'nawiertak 90st D12 testy v3.tom' (Brak folderu w bazie)
[2026-08-06 12:41:25] [INFO] SYMULACJA POMINIĘCIE: 'nawiertak 90st D12 testy.tom' (Brak folderu w bazie)
[2026-08-06 12:41:25] [INFO] SYMULACJA POMINIĘCIE: 'nawiertak 90st D12.tom' (Brak folderu w bazie)
[2026-08-06 12:41:25] [INFO] SYMULACJA POMINIĘCIE: 'nawiertak 90st D6.tom' (Brak folderu w bazie)
[2026-08-06 12:41:25] [INFO] SYMULACJA POMINIĘCIE: 'PREZMET D20 LEWA pilka 6+6.tom' (Dwuznaczność (4 folderów))
[2026-08-06 12:41:25] [INFO] SYMULACJA POMINIĘCIE: 'PREZMET D20 PRAWA pilka 6+6 koncowka.tom' (Brak folderu w bazie)
[2026-08-06 12:41:25] [INFO] SYMULACJA POMINIĘCIE: 'PREZMET D20 PRAWA pilka 6+6.tom' (Dwuznaczność (5 folderów))
[2026-08-06 12:41:25] [INFO] SYMULACJA POMINIĘCIE: 'promien r1.5 maciej syrzistie.tom' (Brak folderu w bazie)
[2026-08-06 12:41:25] [INFO] SYMULACJA POMINIĘCIE: 'Rozwiertak 22.5 Ap.tom' (Brak folderu w bazie)
[2026-08-06 12:41:25] [INFO] SYMULACJA POMINIĘCIE: 'Rozwiertak 6.06.tom' (Brak folderu w bazie)
[2026-08-06 12:41:25] [INFO] SYMULACJA POMINIĘCIE: 'Splaszczenia pod klucz.tom' (Brak folderu w bazie)
[2026-08-06 12:41:25] [INFO] SYMULACJA POMINIĘCIE: 'SZLIF NA OKRAGLO R300.tom' (Brak folderu w bazie)
[2026-08-06 12:41:25] [INFO] SYMULACJA POMINIĘCIE: 'TECHNOCAM D10 Z3 KULKA LOLIPOP.tom' (Dwuznaczność (3 folderów))
[2026-08-06 12:41:25] [INFO] SYMULACJA POMINIĘCIE: 'TECHNOCAM D12 Z3 KULKA LOLIPOP.tom' (Dwuznaczność (3 folderów))
[2026-08-06 12:41:25] [INFO] SYMULACJA POMINIĘCIE: 'TECHNOCAM D14 Z3 KULKA LOLIPOP.tom' (Dwuznaczność (3 folderów))
[2026-08-06 12:41:25] [INFO] SYMULACJA POMINIĘCIE: 'TECHNOCAM D16 Z3 KULKA LOLIPOP.tom' (Dwuznaczność (4 folderów))
[2026-08-06 12:41:25] [INFO] SYMULACJA POMINIĘCIE: 'TECHNOCAM D18 Z3 KULKA LOLIPOP.tom' (Dwuznaczność (4 folderów))
[2026-08-06 12:41:25] [INFO] SYMULACJA OK: 'testBlad.tom' zakwalifikowany do '0 VALEO'
[2026-08-06 12:41:25] [INFO] SYMULACJA POMINIĘCIE: 'VALEO AW900 Rolka MR1.ST6.02.05_1V2.tom' (Dwuznaczność (2 folderów))
[2026-08-06 12:41:25] [INFO] SYMULACJA POMINIĘCIE: 'W1-ST D5.9.tom' (Brak folderu w bazie)
[2026-08-06 12:41:25] [INFO] SYMULACJA POMINIĘCIE: 'W1-ST D6.3.tom' (Brak folderu w bazie)
[2026-08-06 12:41:25] [INFO] SYMULACJA POMINIĘCIE: 'WIERTLO D10 Z2 L100 K60 PRAWE PRZELOTOWE.tom' (Dwuznaczność (2 folderów))
[2026-08-06 12:41:25] [INFO] SYMULACJA POMINIĘCIE: 'WIERTLO D12-LEWE-LAMACZ NA CZOLE.tom' (Dwuznaczność (2 folderów))
[2026-08-06 12:41:25] [INFO] SYMULACJA POMINIĘCIE: 'WIERTLO D12-PRAWE-LAMACZ NA CZOLE.tom' (Dwuznaczność (2 folderów))
[2026-08-06 12:41:25] [INFO] SYMULACJA POMINIĘCIE: 'WIERTLO D12x6 PRAWE K120 NACINAKI.tom' (Dwuznaczność (2 folderów))
[2026-08-06 12:41:25] [INFO] SYMULACJA POMINIĘCIE: 'WIERTLO D14 L120 K90 PRZELOTOWE.tom' (Dwuznaczność (2 folderów))
[2026-08-06 12:41:25] [INFO] SYMULACJA POMINIĘCIE: 'WIERTLO D35.3 L35 MORSE.tom' (Dwuznaczność (2 folderów))
[2026-08-06 12:41:25] [INFO] SYMULACJA POMINIĘCIE: 'wiertlo d6.3.tom' (Brak folderu w bazie)
[2026-08-06 12:41:25] [INFO] SYMULACJA POMINIĘCIE: 'WIERTLO POD KLAMKE D6x12 L6 PRAWE.tom' (Dwuznaczność (3 folderów))
[2026-08-06 12:41:25] [INFO] SYMULACJA POMINIĘCIE: 'WIERTLO- D12 L200 Z1 PRAWE-ROWEK 45STOPNI profil.tom' (Brak folderu w bazie)
[2026-08-06 12:41:25] [INFO] SYMULACJA POMINIĘCIE: 'WiertloGwintujace 4.2 M5 L5.tom' (Brak folderu w bazie)
[2026-08-06 12:41:25] [INFO] SYMULACJA POMINIĘCIE: 'WiertloGwintujace M5.tom' (Brak folderu w bazie)
[2026-08-06 12:41:25] [INFO] SYMULACJA POMINIĘCIE: 'WIERTŁO-D18-L34.5-D15-L5.5-D12-L34.5-D6-L5.5-PRAWE-HS.tom' (Brak folderu w bazie)
[2026-08-06 12:49:10] [INFO] Uruchomiono aplikację Network File Manager.
[2026-08-06 12:49:11] [INFO] SYMULACJA POMINIĘCIE: 'D16 L35.tom' (Brak folderu w bazie)
[2026-08-06 12:49:11] [INFO] SYMULACJA POMINIĘCIE: 'FREZ DO GWINTU TRAPEZOWEGO WEWNTERZNEGO-D14-Z3.tom' (Brak folderu w bazie)
[2026-08-06 12:49:11] [INFO] SYMULACJA POMINIĘCIE: 'lolipop pakiet lolipop.tom' (Brak folderu w bazie)
[2026-08-06 12:49:11] [INFO] SYMULACJA POMINIĘCIE: 'readtest.tom' (Brak folderu w bazie)
[2026-08-06 12:49:11] [INFO] SYMULACJA POMINIĘCIE: 'SZLIF NA OKRAGLO.tom' (Brak folderu w bazie)
[2026-08-06 12:49:11] [INFO] SYMULACJA POMINIĘCIE: 't.tom' (Dwuznaczność (4 folderów))
[2026-08-06 12:49:11] [INFO] SYMULACJA POMINIĘCIE: 'testowe cos.tom' (Brak folderu w bazie)
[2026-08-06 12:49:11] [INFO] SYMULACJA POMINIĘCIE: 'ABAKUS D5 L30 Z1  HW POLER LEWE.tom' (Brak folderu w bazie)
[2026-08-06 12:49:11] [INFO] SYMULACJA POMINIĘCIE: 'actual kunststofftechnik D13 Z1 L45.tom' (Brak folderu w bazie)
[2026-08-06 12:49:11] [INFO] SYMULACJA POMINIĘCIE: 'actual kunststofftechnik D5 Z1 L40 JW.tom' (Brak folderu w bazie)
[2026-08-06 12:49:11] [INFO] SYMULACJA POMINIĘCIE: 'actual kunststofftechnik D6 Z1 L65 JW.tom' (Brak folderu w bazie)
[2026-08-06 12:49:11] [INFO] SYMULACJA POMINIĘCIE: 'actual kunststofftechnik D8 Z1 L40.tom' (Brak folderu w bazie)
[2026-08-06 12:49:11] [INFO] SYMULACJA POMINIĘCIE: 'AJRAM FREZ KULA D25 Z2 L35.tom' (Brak folderu w bazie)
[2026-08-06 12:49:11] [INFO] SYMULACJA POMINIĘCIE: 'AJram v1.tom' (Brak folderu w bazie)
[2026-08-06 12:49:11] [INFO] SYMULACJA POMINIĘCIE: 'AJram v2 - kulowo.tom' (Brak folderu w bazie)
[2026-08-06 12:49:11] [INFO] SYMULACJA POMINIĘCIE: 'ALBUD D5 L30 Z1 HW.tom' (Brak folderu w bazie)
[2026-08-06 12:49:11] [INFO] SYMULACJA POMINIĘCIE: 'ALL WINDOWS GROUP FREZ D10 Z6 LEWE.tom' (Brak folderu w bazie)
[2026-08-06 12:49:11] [INFO] SYMULACJA POMINIĘCIE: 'ALL WINDOWS GROUP FREZ D10 Z6 Prawe.tom' (Brak folderu w bazie)
[2026-08-06 12:49:11] [INFO] SYMULACJA POMINIĘCIE: 'ALL WINDOWS WIERTLO Z4 6x10 KLAMKA LEWE TEST v2.tom' (Brak folderu w bazie)
[2026-08-06 12:49:11] [INFO] SYMULACJA POMINIĘCIE: 'ALL WINDOWS WIERTLO Z4 6x12 KLAMKA PRAWE v3.tom' (Brak folderu w bazie)
[2026-08-06 12:49:11] [INFO] SYMULACJA POMINIĘCIE: 'ALL WINDOWS WIERTLO Z4 6x12 KLAMKA TEST v2.tom' (Brak folderu w bazie)
[2026-08-06 12:49:11] [INFO] SYMULACJA POMINIĘCIE: 'ALUDOR D5 L50 Z1 HW O1-ALU.tom' (Brak folderu w bazie)
[2026-08-06 12:49:11] [INFO] SYMULACJA POMINIĘCIE: 'Aludor D5 Z1 A1-518 NG.tom' (Brak folderu w bazie)
[2026-08-06 12:49:11] [INFO] SYMULACJA OK: 'ALUDOR D7 Z1 A1-740.tom' zakwalifikowany do '241 ALUDOR'
[2026-08-06 12:49:11] [INFO] SYMULACJA OK: 'ALUDOR FREZ D7 Z2 L40.tom' zakwalifikowany do '241 ALUDOR'
[2026-08-06 12:49:11] [INFO] SYMULACJA POMINIĘCIE: 'BAROCKA WIERTLO D12.9x7.1 PRAWE NIEPRZELOTOWE.tom' (Brak folderu w bazie)
[2026-08-06 12:49:11] [INFO] SYMULACJA POMINIĘCIE: 'BARTYN FREZ D25 L22 WSTECZNY K40.tom' (Brak folderu w bazie)
[2026-08-06 12:49:11] [INFO] SYMULACJA POMINIĘCIE: 'BRON SCHODY D16,2 Z3 L30 LEWO PRAWY.tom' (Brak folderu w bazie)
[2026-08-06 12:49:11] [INFO] SYMULACJA OK: 'CARRIS REELS FREZ D63.5 KULA L96.5 HSS.tom' zakwalifikowany do '729 CARRIS REELS'
[2026-08-06 12:49:11] [INFO] SYMULACJA POMINIĘCIE: 'DAKO D5 Z1 A1-525 NOWE.tom' (Brak folderu w bazie)
[2026-08-06 12:49:11] [INFO] SYMULACJA POMINIĘCIE: 'DIAM-TOOLS FREZ D53 Z10 R21.tom' (Dwuznaczność (5 folderów))
[2026-08-06 12:49:11] [INFO] SYMULACJA POMINIĘCIE: 'DRUTEX D5 L25 Z1 HW O1-ALU SPIRALA 25.tom' (Brak folderu w bazie)
[2026-08-06 12:49:11] [INFO] SYMULACJA POMINIĘCIE: 'DUDEK NASADKA FAZUJACA D12.tom' (Brak folderu w bazie)
[2026-08-06 12:49:11] [INFO] SYMULACJA POMINIĘCIE: 'DUDEK NASADKA FAZUJACA D14,5.tom' (Brak folderu w bazie)
[2026-08-06 12:49:11] [INFO] SYMULACJA OK: 'EMPOL WIERTLO Z4 6x10 KLAMKA LEWE .tom' zakwalifikowany do '74 EMPOL'
[2026-08-06 12:49:11] [INFO] SYMULACJA OK: 'EMPOL WIERTLO Z4 6x12 KLAMKA PRAWE .tom' zakwalifikowany do '74 EMPOL'
[2026-08-06 12:49:11] [INFO] SYMULACJA POMINIĘCIE: 'FARO D10 Z2 MLOTECZEK.tom' (Brak folderu w bazie)
[2026-08-06 12:49:11] [INFO] SYMULACJA POMINIĘCIE: 'FARO D10x5.5 L40x20 NIEPRZELOTOWE prawe.tom' (Brak folderu w bazie)
[2026-08-06 12:49:11] [INFO] SYMULACJA POMINIĘCIE: 'FARO D11xD5.5 PRAWE-60st.tom' (Brak folderu w bazie)
[2026-08-06 12:49:11] [INFO] SYMULACJA POMINIĘCIE: 'FARO D12 L70 NIEPRZELOTOWE.tom' (Brak folderu w bazie)
[2026-08-06 12:49:11] [INFO] SYMULACJA POMINIĘCIE: 'FARO D13 Z4 L20 HSS.tom' (Brak folderu w bazie)
[2026-08-06 12:49:11] [INFO] SYMULACJA POMINIĘCIE: 'FARO D5 Z1 A1-516 NG.tom' (Brak folderu w bazie)
[2026-08-06 12:49:11] [INFO] SYMULACJA POMINIĘCIE: 'FARO D8x6 L10x14 NIEPRZELOTOWE lewe.tom' (Brak folderu w bazie)
[2026-08-06 12:49:11] [INFO] SYMULACJA POMINIĘCIE: 'FARO D8x6 L10x14 NIEPRZELOTOWE prawe.tom' (Brak folderu w bazie)
[2026-08-06 12:49:11] [INFO] SYMULACJA POMINIĘCIE: 'FARO D8x6 L10x29 NIEPRZELOTOWE lewe.tom' (Brak folderu w bazie)
[2026-08-06 12:49:11] [INFO] SYMULACJA POMINIĘCIE: 'FARO D8x6 L10x29 NIEPRZELOTOWE prawe.tom' (Brak folderu w bazie)
[2026-08-06 12:49:11] [INFO] SYMULACJA POMINIĘCIE: 'FREZWID D8-L13-Z4-HW S4-813 STOZEK 14.8 ST.tom' (Brak folderu w bazie)
[2026-08-06 12:49:11] [INFO] SYMULACJA POMINIĘCIE: 'FREZWID MAGAZYN D8 Z1 A1-835 .tom' (Brak folderu w bazie)
[2026-08-06 12:49:11] [INFO] SYMULACJA POMINIĘCIE: 'GALANTERIA LINETTY WIERTLO D11 L60 NIEPRZELOTOWE.tom' (Brak folderu w bazie)
[2026-08-06 12:49:11] [INFO] SYMULACJA POMINIĘCIE: 'GN KNIT D4 Z1 L30 pseb.tom' (Brak folderu w bazie)
[2026-08-06 12:49:11] [INFO] SYMULACJA POMINIĘCIE: 'GN KNIT D5 Z1 L20 pseb.tom' (Brak folderu w bazie)
[2026-08-06 12:49:11] [INFO] SYMULACJA POMINIĘCIE: 'GOLD DOOR WIERTLO- D7.8-L40,3-D7-L25-HW-LEWE.tom' (Brak folderu w bazie)
[2026-08-06 12:49:11] [INFO] SYMULACJA POMINIĘCIE: 'GOLD DOOR WIERTLO- D7.8-L40,3-D7-L25-HW-PRAWE.tom' (Brak folderu w bazie)
[2026-08-06 12:49:11] [INFO] SYMULACJA POMINIĘCIE: 'GORAN D12 Z3 L100.tom' (Brak folderu w bazie)
[2026-08-06 12:49:11] [INFO] SYMULACJA POMINIĘCIE: 'GT-TOOLS FREZ Poglebiacz D40 Z4 .tom' (Brak folderu w bazie)
[2026-08-06 12:49:11] [INFO] SYMULACJA OK: 'HANNECARD D5.5x6 R3xR2 L5.1 K10.tom' zakwalifikowany do '318 HANNECARD'
[2026-08-06 12:49:11] [INFO] SYMULACJA POMINIĘCIE: 'INSTYTUT MASZYN OSTRZENIE D58 Z8 K9.tom' (Brak folderu w bazie)
[2026-08-06 12:49:11] [INFO] SYMULACJA POMINIĘCIE: 'INSTYTUT MASZYN OSTRZENIE D73 Z16 K9.tom' (Brak folderu w bazie)
[2026-08-06 12:49:11] [INFO] SYMULACJA POMINIĘCIE: 'INVADO D16 Z3 L55 LEWO PRAWY.tom' (Brak folderu w bazie)
[2026-08-06 12:49:11] [INFO] SYMULACJA POMINIĘCIE: 'INVADO WIERTLO D10.1 L65 NIEPRZELOTOWE LEWE V2.tom' (Brak folderu w bazie)
[2026-08-06 12:49:11] [INFO] SYMULACJA POMINIĘCIE: 'INVADO WIERTLO D10.1 L65 NIEPRZELOTOWE LEWE.tom' (Brak folderu w bazie)
[2026-08-06 12:49:11] [INFO] SYMULACJA POMINIĘCIE: 'INVADO WIERTLO D10.1 L65 NIEPRZELOTOWE PRAWE.tom' (Brak folderu w bazie)
[2026-08-06 12:49:11] [INFO] SYMULACJA OK: 'IZO-PLAST D6 Z1 A1-640.tom' zakwalifikowany do '453 IZO - PLAST'
[2026-08-06 12:49:11] [INFO] SYMULACJA POMINIĘCIE: 'JUSTA BIS D5 Z1 L30 JW.tom' (Brak folderu w bazie)
[2026-08-06 12:49:11] [INFO] SYMULACJA POMINIĘCIE: 'KEYLITE FREZ D5 L35 K70 POLER.tom' (Brak folderu w bazie)
[2026-08-06 12:49:11] [INFO] SYMULACJA POMINIĘCIE: 'KEYLITE FREZ D5 L35 K70.tom' (Brak folderu w bazie)
[2026-08-06 12:49:11] [INFO] SYMULACJA POMINIĘCIE: 'KEYLITE RW POLSKA D9 Z3 L40 LEWO PRAWY.tom' (Brak folderu w bazie)
[2026-08-06 12:49:11] [INFO] SYMULACJA POMINIĘCIE: 'KEYLITE RW POLSKA D9 Z3 L40 PRAWO LEWY.tom' (Brak folderu w bazie)
[2026-08-06 12:49:11] [INFO] SYMULACJA POMINIĘCIE: 'KEYLITE WIERTLO PRAWE-D5-L30-60-STOPNI.tom' (Brak folderu w bazie)
[2026-08-06 12:49:11] [INFO] SYMULACJA POMINIĘCIE: 'KEYLITE WIERTLO PRAWE-D7.5-L30-60-STOPNI.tom' (Brak folderu w bazie)
[2026-08-06 12:49:11] [INFO] SYMULACJA POMINIĘCIE: 'KEYLITE WIERTLO PRAWE-D8.5-L30-60-STOPNI.tom' (Brak folderu w bazie)
[2026-08-06 12:49:11] [INFO] SYMULACJA POMINIĘCIE: 'KRONPLAST D8 L20 Z3 HS.tom' (Brak folderu w bazie)
[2026-08-06 12:49:11] [INFO] SYMULACJA POMINIĘCIE: 'KULA D6 KP.tom' (Brak folderu w bazie)
[2026-08-06 12:49:11] [INFO] SYMULACJA POMINIĘCIE: 'LISSY FREZ D12x8 L10x10 Z2.tom' (Brak folderu w bazie)
[2026-08-06 12:49:11] [INFO] SYMULACJA POMINIĘCIE: 'LUMBER ECO-TEC LTD D12 Z3+3 L10 X 30 vTom.tom' (Brak folderu w bazie)
[2026-08-06 12:49:11] [INFO] SYMULACJA POMINIĘCIE: 'LUMBER ECO-TEC LTD D12 Z3+3 L10 X 30.tom' (Brak folderu w bazie)
[2026-08-06 12:49:11] [INFO] SYMULACJA OK: 'MASLACH D13 Z2 90st PRZELOTOWE HSS.tom' zakwalifikowany do '698 MASLACH'
[2026-08-06 12:49:11] [INFO] SYMULACJA POMINIĘCIE: 'MASLACH D18 Z2 90st PRZELOTOWE HSS.tom' (Brak folderu w bazie)
[2026-08-06 12:49:11] [INFO] SYMULACJA POMINIĘCIE: 'MEJZA D20 Z2 PROFIL R2 R9.tom' (Brak folderu w bazie)
[2026-08-06 12:49:11] [INFO] SYMULACJA POMINIĘCIE: 'MIKINKA D12 Z2 L13 PROFIL PROSTY.tom' (Brak folderu w bazie)
[2026-08-06 12:49:11] [INFO] SYMULACJA POMINIĘCIE: 'MULTIDREW D6X20 R10 NIEPRZELOTOWE PROFIL.tom' (Brak folderu w bazie)
[2026-08-06 12:49:11] [INFO] SYMULACJA POMINIĘCIE: 'NADWOZIA PARTNER D8 Z1 L12 O1-ALU POLER.tom' (Brak folderu w bazie)
[2026-08-06 12:49:11] [INFO] SYMULACJA POMINIĘCIE: 'OKLAND D25 Z4 PILKA.tom' (Brak folderu w bazie)
[2026-08-06 12:49:11] [INFO] SYMULACJA POMINIĘCIE: 'OKNA POL D5 Z1 A1-518 NG.tom' (Brak folderu w bazie)
[2026-08-06 12:49:11] [INFO] SYMULACJA POMINIĘCIE: 'OKNOPLUS FREZ PILKOWY D24 L12 Z3+3.tom' (Brak folderu w bazie)
[2026-08-06 12:49:11] [INFO] SYMULACJA POMINIĘCIE: 'PALETA TRANS DREW D12 Z2 90st PRZELOTOWE.tom' (Brak folderu w bazie)
[2026-08-06 12:49:11] [INFO] SYMULACJA POMINIĘCIE: 'PALETA TRANS DREW D14 Z2 90st PRZELOTOWE.tom' (Brak folderu w bazie)
[2026-08-06 12:49:11] [INFO] SYMULACJA POMINIĘCIE: 'PILCH D10 Z2 L21 LEWO PRAWY.tom' (Brak folderu w bazie)
[2026-08-06 12:49:11] [INFO] SYMULACJA POMINIĘCIE: 'PILCH D10 Z2 L42 LEWO PRAWY.tom' (Brak folderu w bazie)
[2026-08-06 12:49:11] [INFO] SYMULACJA POMINIĘCIE: 'PILCH D4 Z2 L12 LEWO PRAWY.tom' (Brak folderu w bazie)
[2026-08-06 12:49:11] [INFO] SYMULACJA POMINIĘCIE: 'PILCH D6 Z2 L12 LEWO PRAWY.tom' (Brak folderu w bazie)
[2026-08-06 12:49:11] [INFO] SYMULACJA POMINIĘCIE: 'PILCH D8 Z2 L21 LEWO PRAWY.tom' (Brak folderu w bazie)
[2026-08-06 12:49:11] [INFO] SYMULACJA POMINIĘCIE: 'PILCH D8 Z2 L32 LEWO PRAWY.tom' (Brak folderu w bazie)
[2026-08-06 12:49:11] [INFO] SYMULACJA POMINIĘCIE: 'PILCH D8 Z2 L32 PRAWY.tom' (Brak folderu w bazie)
[2026-08-06 12:49:11] [INFO] SYMULACJA POMINIĘCIE: 'PLAS-BUD D6 L25 Z1 .tom' (Brak folderu w bazie)
[2026-08-06 12:49:11] [INFO] SYMULACJA POMINIĘCIE: 'PLAS-BUD D6 L30 Z1 .tom' (Brak folderu w bazie)
[2026-08-06 12:49:11] [INFO] SYMULACJA POMINIĘCIE: 'PLASTBUD D5 Z1 A1-545.tom' (Brak folderu w bazie)
[2026-08-06 12:49:11] [INFO] SYMULACJA POMINIĘCIE: 'POL-SKONE D8 L65 NIEPRZELOTOWE.tom' (Brak folderu w bazie)
[2026-08-06 12:49:11] [INFO] SYMULACJA POMINIĘCIE: 'POTPOL D10 Z2 A2-1040.tom' (Brak folderu w bazie)
[2026-08-06 12:49:11] [INFO] SYMULACJA POMINIĘCIE: 'PRESTIGE D16 PROFIL R3,8 R2,63 PROFIL.tom' (Brak folderu w bazie)
[2026-08-06 12:49:11] [INFO] SYMULACJA POMINIĘCIE: 'PRESTIGE D4,9 L40 NIEPRZELOTOWE.tom' (Brak folderu w bazie)
[2026-08-06 12:49:11] [INFO] SYMULACJA POMINIĘCIE: 'PREZMET D5 L25 Z3 hss.tom' (Brak folderu w bazie)
[2026-08-06 12:49:11] [INFO] SYMULACJA POMINIĘCIE: 'PRO TECH D25,3x8 L35x70 PRZELOTOWE 60 ST.tom' (Brak folderu w bazie)
[2026-08-06 12:49:11] [INFO] SYMULACJA POMINIĘCIE: 'PRO TECH D8,5x18,3 L35x70 PRZELOTOWE HSS.tom' (Brak folderu w bazie)
[2026-08-06 12:49:11] [INFO] SYMULACJA POMINIĘCIE: 'PRO TECH WIERTŁO D25 L13 x D11 L62 Reklamacja.tom' (Brak folderu w bazie)
[2026-08-06 12:49:11] [INFO] SYMULACJA POMINIĘCIE: 'PRO-TECH D5x10 L5x40 PRZELOTOWE GASH 135ST.tom' (Brak folderu w bazie)
[2026-08-06 12:49:11] [INFO] SYMULACJA POMINIĘCIE: 'REDCOM D5 Z1 A1-525 NOWE.tom' (Brak folderu w bazie)
[2026-08-06 12:49:11] [INFO] SYMULACJA POMINIĘCIE: 'SIA WIERTLO Z4 6x10 KLAMKA PRAWE TEST.tom' (Brak folderu w bazie)
[2026-08-06 12:49:11] [INFO] SYMULACJA POMINIĘCIE: 'TECHNOCAM D10.5 Z3 KULKA LOLIPOP Szyjka d6x25.tom' (Brak folderu w bazie)
[2026-08-06 12:49:11] [INFO] SYMULACJA POMINIĘCIE: 'TECHNOCAM D10.5 Z3 KULKA LOLIPOP.tom' (Brak folderu w bazie)
[2026-08-06 12:49:11] [INFO] SYMULACJA POMINIĘCIE: 'TECHNOCAM D11 Z3 KULKA LOLIPOP.tom' (Brak folderu w bazie)
[2026-08-06 12:49:11] [INFO] SYMULACJA POMINIĘCIE: 'TECHNOCAM D12 Z3 KULKA LOLIPOP.tom' (Dwuznaczność (3 folderów))
[2026-08-06 12:49:11] [INFO] SYMULACJA POMINIĘCIE: 'TECHNOCAM FREZ D8 Z3 lolipop.tom' (Brak folderu w bazie)
[2026-08-06 12:49:11] [INFO] SYMULACJA POMINIĘCIE: 'TERAZ TWOJ DOM D10 Z3 L35.tom' (Brak folderu w bazie)
[2026-08-06 12:49:11] [INFO] SYMULACJA POMINIĘCIE: 'test 17 stopni.tom' (Brak folderu w bazie)
[2026-08-06 12:49:11] [INFO] SYMULACJA OK: 'TEST.tom' zakwalifikowany do '0 TECHNOCAM'
[2026-08-06 12:49:11] [INFO] SYMULACJA POMINIĘCIE: 'TOMBIG D10 Z2 A2-1025.tom' (Brak folderu w bazie)
[2026-08-06 12:49:11] [INFO] SYMULACJA POMINIĘCIE: 'VISTILO D6x17 L20.tom' (Brak folderu w bazie)
[2026-08-06 12:49:11] [INFO] SYMULACJA POMINIĘCIE: 'WALDEMAR BRZEZINSKI FREZ D35 Z3 L90 Lamacz.tom' (Brak folderu w bazie)
[2026-08-06 12:49:11] [INFO] SYMULACJA POMINIĘCIE: 'WALDEMARO D10 Z2 A2-1095.tom' (Brak folderu w bazie)
[2026-08-06 12:49:11] [INFO] SYMULACJA POMINIĘCIE: 'WALDEMARO D4,5 Z2 A2-45 30 .tom' (Brak folderu w bazie)
[2026-08-06 12:49:11] [INFO] SYMULACJA OK: 'WIERTLO D5.5x6.8 L5x29 K120.tom' zakwalifikowany do '830 AST JP PRZYSTAŁ'
[2026-08-06 12:49:11] [INFO] SYMULACJA POMINIĘCIE: 'WIERTLO POD KLAMKE-D12-L50-D6-L6-LEWE.tom' (Brak folderu w bazie)
[2026-08-06 12:49:11] [INFO] SYMULACJA POMINIĘCIE: 'WISNIOWSKI WIERTLOFREZ D5x8 L12x35.tom' (Brak folderu w bazie)
[2026-08-06 12:49:11] [INFO] SYMULACJA OK: 'WISNIOWSKI WIERTLOFREZ D6x8 L12x25.tom' zakwalifikowany do '268 WISNIOWSKI'
[2026-08-06 12:49:11] [INFO] SYMULACJA POMINIĘCIE: 'WOOD GLASS D12 Z2 R1 R5.tom' (Dwuznaczność (2 folderów))
[2026-08-06 12:49:11] [INFO] SYMULACJA POMINIĘCIE: 'WOOD GLASS D8 Z2 R1 R5.tom' (Brak folderu w bazie)
[2026-08-06 12:49:11] [INFO] SYMULACJA OK: 'AST JP FREZ PROFILOWY D7.8 Z3 K60 1.5mm.tom' zakwalifikowany do '367 AST JP PRZYSTAL'
[2026-08-06 12:49:11] [INFO] SYMULACJA POMINIĘCIE: 'FREZ D12 Z2 KULKA LOLIPOP.tom' (Dwuznaczność (2 folderów))
[2026-08-06 12:49:11] [INFO] SYMULACJA POMINIĘCIE: 'FREZ D20 Z2 KULKA LOLIPOP.tom' (Dwuznaczność (2 folderów))
[2026-08-06 12:49:11] [INFO] SYMULACJA OK: 'FREZ D5 L30 Z1 HW LEWE O1-ALU.tom' zakwalifikowany do '354 FASTRAL'
[2026-08-06 12:49:11] [INFO] SYMULACJA OK: 'FREZ D5 Z1 L34 JW ST-HW.tom' zakwalifikowany do '354 FASTRAL'
[2026-08-06 12:49:11] [INFO] SYMULACJA OK: 'FREZ LUTOWANY D100 Z18 L4 R2.tom' zakwalifikowany do '897 TMS'
[2026-08-06 12:49:11] [INFO] SYMULACJA POMINIĘCIE: 'MB TRADING Noz Oscylacyjny D6 D0,5 L15 MIECZ.tom' (Dwuznaczność (3 folderów))
[2026-08-06 12:49:11] [INFO] SYMULACJA POMINIĘCIE: 'SMA MAGNET D10x5-HW.tom' (Dwuznaczność (4 folderów))
[2026-08-06 12:49:11] [INFO] SYMULACJA OK: 'WIERTLO D8 L78 NIEPRZELOTOWE LEWE CHWYT D10.tom' zakwalifikowany do '645 KOLODZIEJCZYK'
[2026-08-06 12:49:11] [INFO] SYMULACJA POMINIĘCIE: 'WIERTLO D8 L78 NIEPRZELOTOWE.tom' (Dwuznaczność (2 folderów))
[2026-08-06 12:49:11] [INFO] SYMULACJA OK: 'WIERTLO POD KLAMKE D6x12 L6 LEWE 60x90.tom' zakwalifikowany do '220 KM-PLAST'
[2026-08-06 12:49:11] [INFO] SYMULACJA POMINIĘCIE: '46.tom' (Brak folderu w bazie)
[2026-08-06 12:49:11] [INFO] SYMULACJA OK: '56.tom' zakwalifikowany do '109 PLOTCOMPLEX'
[2026-08-06 12:49:11] [INFO] SYMULACJA POMINIĘCIE: 'AGAT PLUS D8 Z4 L45.tom' (Brak folderu w bazie)
[2026-08-06 12:49:11] [INFO] SYMULACJA POMINIĘCIE: 'ALL WINDOWS D6 Z4 P L30 F1.0 CIETY.tom' (Brak folderu w bazie)
[2026-08-06 12:49:11] [INFO] SYMULACJA POMINIĘCIE: 'ALUMNI TEHNO Z4 D12x6 LAMACZ NG.tom' (Dwuznaczność (3 folderów))
[2026-08-06 12:49:11] [INFO] SYMULACJA POMINIĘCIE: 'D10-L70-Z4-LAMACZ-WIERTŁO-HW.tom' (Brak folderu w bazie)
[2026-08-06 12:49:11] [INFO] SYMULACJA POMINIĘCIE: 'D16 Z4 RYFEL.tom' (Brak folderu w bazie)
[2026-08-06 12:49:11] [INFO] SYMULACJA POMINIĘCIE: 'D5 L30 Z1 PRAWO-LEWY HW POLER JW.tom' (Brak folderu w bazie)
[2026-08-06 12:49:11] [INFO] SYMULACJA POMINIĘCIE: 'D5 L30 Z1 PRAWO-LEWY HW POLER.tom' (Brak folderu w bazie)
[2026-08-06 12:49:11] [INFO] SYMULACJA POMINIĘCIE: 'D5 L35 Z3 HSS.tom' (Dwuznaczność (2 folderów))
[2026-08-06 12:49:11] [INFO] SYMULACJA POMINIĘCIE: 'D8_Z4_L38_LAMACZ_Hss_CZOŁO JAK  WIERTŁO.tom' (Brak folderu w bazie)
[2026-08-06 12:49:11] [INFO] SYMULACJA POMINIĘCIE: 'DIAM-TOOLS FREZ D53 Z10 R21.tom' (Dwuznaczność (5 folderów))
[2026-08-06 12:49:11] [INFO] SYMULACJA POMINIĘCIE: 'EMPOL WIERTLO Z4 6x12 KLAMKA PRAWE stara geometria .tom' (Dwuznaczność (2 folderów))
[2026-08-06 12:49:11] [INFO] SYMULACJA POMINIĘCIE: 'Fazownik D10 k35.tom' (Brak folderu w bazie)
[2026-08-06 12:49:11] [INFO] SYMULACJA POMINIĘCIE: 'Fazownik d12 k60 d6.4.tom' (Brak folderu w bazie)
[2026-08-06 12:49:11] [INFO] SYMULACJA POMINIĘCIE: 'Fazownik D12 k60.tom' (Brak folderu w bazie)
[2026-08-06 12:49:11] [INFO] SYMULACJA POMINIĘCIE: 'FLORAD Frez D25x18 Z3 .tom' (Dwuznaczność (4 folderów))
[2026-08-06 12:49:11] [INFO] SYMULACJA POMINIĘCIE: 'FREZ D14 L20 Z4.tom' (Brak folderu w bazie)
[2026-08-06 12:49:11] [INFO] SYMULACJA POMINIĘCIE: 'FREZ D22 Z2 L80 PROSTY PRZESTAWIONY.tom' (Dwuznaczność (2 folderów))
[2026-08-06 12:49:11] [INFO] SYMULACJA POMINIĘCIE: 'FREZ D40 Z18 HW.tom' (Dwuznaczność (2 folderów))
[2026-08-06 12:49:11] [INFO] SYMULACJA POMINIĘCIE: 'FREZ D6 Z2+2 L15x50 v2.tom' (Brak folderu w bazie)
[2026-08-06 12:49:11] [INFO] SYMULACJA POMINIĘCIE: 'Frez d85 z8 ostrzenie.tom' (Brak folderu w bazie)
[2026-08-06 12:49:11] [INFO] SYMULACJA POMINIĘCIE: 'FREZ K40 Z3 L1.6.tom' (Brak folderu w bazie)
[2026-08-06 12:49:11] [INFO] SYMULACJA POMINIĘCIE: 'Frez promieniowy R2 D5.2 K2.tom' (Brak folderu w bazie)
[2026-08-06 12:49:11] [INFO] SYMULACJA POMINIĘCIE: 'FREZ STOZKOWY D10 L52 K1.19.tom' (Dwuznaczność (3 folderów))
[2026-08-06 12:49:11] [INFO] SYMULACJA POMINIĘCIE: 'FREZ TEOWY D19.5 PRAWA pilka 4+4.tom' (Brak folderu w bazie)
[2026-08-06 12:49:11] [INFO] SYMULACJA POMINIĘCIE: 'FREZWID NAWIERTAK D10 90st.tom' (Brak folderu w bazie)
[2026-08-06 12:49:11] [INFO] SYMULACJA POMINIĘCIE: 'FREZWID NAWIERTAK D12 90st.tom' (Brak folderu w bazie)
[2026-08-06 12:49:11] [INFO] SYMULACJA POMINIĘCIE: 'FREZWID NAWIERTAK D6 90st.tom' (Brak folderu w bazie)
[2026-08-06 12:49:11] [INFO] SYMULACJA POMINIĘCIE: 'GOLD DOOR D16 L45 Z3 WYKANCZAJACO-ZGRUBNY.tom' (Dwuznaczność (3 folderów))
[2026-08-06 12:49:11] [INFO] SYMULACJA POMINIĘCIE: 'KOCZY Z2 D38 PROFIL R5.tom' (Dwuznaczność (3 folderów))
[2026-08-06 12:49:11] [INFO] SYMULACJA POMINIĘCIE: 'KONCOWKI D12.tom' (Brak folderu w bazie)
[2026-08-06 12:49:11] [INFO] SYMULACJA POMINIĘCIE: 'KP czyszczarka.D10 45st ostra Z4.tom' (Brak folderu w bazie)
[2026-08-06 12:49:11] [INFO] SYMULACJA POMINIĘCIE: 'KP czyszczarka.D10 45st ostra.tom' (Brak folderu w bazie)
[2026-08-06 12:49:11] [INFO] SYMULACJA POMINIĘCIE: 'KP FREZ D3 Z3.tom' (Brak folderu w bazie)
[2026-08-06 12:49:11] [INFO] SYMULACJA POMINIĘCIE: 'KULA D10 KP.tom' (Brak folderu w bazie)
[2026-08-06 12:49:11] [INFO] SYMULACJA POMINIĘCIE: 'KULA D12 KP.tom' (Brak folderu w bazie)
[2026-08-06 12:49:11] [INFO] SYMULACJA POMINIĘCIE: 'KULA D16 KP.tom' (Brak folderu w bazie)
[2026-08-06 12:49:11] [INFO] SYMULACJA POMINIĘCIE: 'KULA D4 KP.tom' (Brak folderu w bazie)
[2026-08-06 12:49:11] [INFO] SYMULACJA POMINIĘCIE: 'KULA D5,3 KP.tom' (Brak folderu w bazie)
[2026-08-06 12:49:11] [INFO] SYMULACJA POMINIĘCIE: 'KULA D6 KP.tom' (Brak folderu w bazie)
[2026-08-06 12:49:11] [INFO] SYMULACJA POMINIĘCIE: 'MAR-TOM PRZEROBKA NA PRZELOTOWE 60st.tom' (Brak folderu w bazie)
[2026-08-06 12:49:11] [INFO] SYMULACJA POMINIĘCIE: 'MB TRADING Noz Oscylacyjny D6 D0,5 L15 MIECZ.tom' (Dwuznaczność (3 folderów))
[2026-08-06 12:49:11] [INFO] SYMULACJA POMINIĘCIE: 'MULTI OKNA FREZ A1-518.tom' (Brak folderu w bazie)
[2026-08-06 12:49:11] [INFO] SYMULACJA POMINIĘCIE: 'nawiertak 90st D10.tom' (Brak folderu w bazie)
[2026-08-06 12:49:11] [INFO] SYMULACJA POMINIĘCIE: 'nawiertak 90st D12 testy v2.tom' (Brak folderu w bazie)
[2026-08-06 12:49:11] [INFO] SYMULACJA POMINIĘCIE: 'nawiertak 90st D12 testy v3.tom' (Brak folderu w bazie)
[2026-08-06 12:49:11] [INFO] SYMULACJA POMINIĘCIE: 'nawiertak 90st D12 testy.tom' (Brak folderu w bazie)
[2026-08-06 12:49:11] [INFO] SYMULACJA POMINIĘCIE: 'nawiertak 90st D12.tom' (Brak folderu w bazie)
[2026-08-06 12:49:11] [INFO] SYMULACJA POMINIĘCIE: 'nawiertak 90st D6.tom' (Brak folderu w bazie)
[2026-08-06 12:49:11] [INFO] SYMULACJA POMINIĘCIE: 'PREZMET D20 LEWA pilka 6+6.tom' (Dwuznaczność (4 folderów))
[2026-08-06 12:49:11] [INFO] SYMULACJA POMINIĘCIE: 'PREZMET D20 PRAWA pilka 6+6 koncowka.tom' (Brak folderu w bazie)
[2026-08-06 12:49:11] [INFO] SYMULACJA POMINIĘCIE: 'PREZMET D20 PRAWA pilka 6+6.tom' (Dwuznaczność (5 folderów))
[2026-08-06 12:49:11] [INFO] SYMULACJA POMINIĘCIE: 'promien r1.5 maciej syrzistie.tom' (Brak folderu w bazie)
[2026-08-06 12:49:11] [INFO] SYMULACJA POMINIĘCIE: 'Rozwiertak 22.5 Ap.tom' (Brak folderu w bazie)
[2026-08-06 12:49:11] [INFO] SYMULACJA POMINIĘCIE: 'Rozwiertak 6.06.tom' (Brak folderu w bazie)
[2026-08-06 12:49:11] [INFO] SYMULACJA POMINIĘCIE: 'Splaszczenia pod klucz.tom' (Brak folderu w bazie)
[2026-08-06 12:49:11] [INFO] SYMULACJA POMINIĘCIE: 'SZLIF NA OKRAGLO R300.tom' (Brak folderu w bazie)
[2026-08-06 12:49:11] [INFO] SYMULACJA POMINIĘCIE: 'TECHNOCAM D10 Z3 KULKA LOLIPOP.tom' (Dwuznaczność (3 folderów))
[2026-08-06 12:49:11] [INFO] SYMULACJA POMINIĘCIE: 'TECHNOCAM D12 Z3 KULKA LOLIPOP.tom' (Dwuznaczność (3 folderów))
[2026-08-06 12:49:11] [INFO] SYMULACJA POMINIĘCIE: 'TECHNOCAM D14 Z3 KULKA LOLIPOP.tom' (Dwuznaczność (3 folderów))
[2026-08-06 12:49:12] [INFO] SYMULACJA POMINIĘCIE: 'TECHNOCAM D16 Z3 KULKA LOLIPOP.tom' (Dwuznaczność (4 folderów))
[2026-08-06 12:49:12] [INFO] SYMULACJA POMINIĘCIE: 'TECHNOCAM D18 Z3 KULKA LOLIPOP.tom' (Dwuznaczność (4 folderów))
[2026-08-06 12:49:12] [INFO] SYMULACJA OK: 'testBlad.tom' zakwalifikowany do '0 VALEO'
[2026-08-06 12:49:12] [INFO] SYMULACJA POMINIĘCIE: 'VALEO AW900 Rolka MR1.ST6.02.05_1V2.tom' (Dwuznaczność (2 folderów))
[2026-08-06 12:49:12] [INFO] SYMULACJA POMINIĘCIE: 'W1-ST D5.9.tom' (Brak folderu w bazie)
[2026-08-06 12:49:12] [INFO] SYMULACJA POMINIĘCIE: 'W1-ST D6.3.tom' (Brak folderu w bazie)
[2026-08-06 12:49:12] [INFO] SYMULACJA POMINIĘCIE: 'WIERTLO D10 Z2 L100 K60 PRAWE PRZELOTOWE.tom' (Dwuznaczność (2 folderów))
[2026-08-06 12:49:12] [INFO] SYMULACJA POMINIĘCIE: 'WIERTLO D12-LEWE-LAMACZ NA CZOLE.tom' (Dwuznaczność (2 folderów))
[2026-08-06 12:49:12] [INFO] SYMULACJA POMINIĘCIE: 'WIERTLO D12-PRAWE-LAMACZ NA CZOLE.tom' (Dwuznaczność (2 folderów))
[2026-08-06 12:49:12] [INFO] SYMULACJA POMINIĘCIE: 'WIERTLO D12x6 PRAWE K120 NACINAKI.tom' (Dwuznaczność (2 folderów))
[2026-08-06 12:49:12] [INFO] SYMULACJA POMINIĘCIE: 'WIERTLO D14 L120 K90 PRZELOTOWE.tom' (Dwuznaczność (2 folderów))
[2026-08-06 12:49:12] [INFO] SYMULACJA POMINIĘCIE: 'WIERTLO D35.3 L35 MORSE.tom' (Dwuznaczność (2 folderów))
[2026-08-06 12:49:12] [INFO] SYMULACJA POMINIĘCIE: 'wiertlo d6.3.tom' (Brak folderu w bazie)
[2026-08-06 12:49:12] [INFO] SYMULACJA POMINIĘCIE: 'WIERTLO POD KLAMKE D6x12 L6 PRAWE.tom' (Dwuznaczność (3 folderów))
[2026-08-06 12:49:12] [INFO] SYMULACJA POMINIĘCIE: 'WIERTLO- D12 L200 Z1 PRAWE-ROWEK 45STOPNI profil.tom' (Brak folderu w bazie)
[2026-08-06 12:49:12] [INFO] SYMULACJA POMINIĘCIE: 'WiertloGwintujace 4.2 M5 L5.tom' (Brak folderu w bazie)
[2026-08-06 12:49:12] [INFO] SYMULACJA POMINIĘCIE: 'WiertloGwintujace M5.tom' (Brak folderu w bazie)
[2026-08-06 12:49:12] [INFO] SYMULACJA POMINIĘCIE: 'WIERTŁO-D18-L34.5-D15-L5.5-D12-L34.5-D6-L5.5-PRAWE-HS.tom' (Brak folderu w bazie)
[2026-08-06 12:49:12] [INFO] SYMULACJA POMINIĘCIE: 'ALUPLAST FREZ R5 R2 K45PP1AMNO_000037 .tom' (Brak folderu w bazie)
[2026-08-06 12:49:12] [INFO] SYMULACJA POMINIĘCIE: 'D16 L65 Z3 A3-2050 KP.tom' (Brak folderu w bazie)
[2026-08-06 12:49:12] [INFO] SYMULACJA POMINIĘCIE: 'D16-Z2-VEKA OPORY-3,2x105st.tom' (Brak folderu w bazie)
[2026-08-06 12:49:12] [INFO] SYMULACJA POMINIĘCIE: 'D20 L65 Z3 A3-2050 KP.tom' (Brak folderu w bazie)
[2026-08-06 12:49:12] [INFO] SYMULACJA POMINIĘCIE: 'D3-L15-Z4 S4-3.tom' (Brak folderu w bazie)
[2026-08-06 12:49:12] [INFO] SYMULACJA POMINIĘCIE: 'D4-L11-Z4 S4-418.tom' (Brak folderu w bazie)
[2026-08-06 12:49:12] [INFO] SYMULACJA POMINIĘCIE: 'D5 L22 Z3 A3-522 kacperek.tom' (Brak folderu w bazie)
[2026-08-06 12:49:12] [INFO] SYMULACJA POMINIĘCIE: 'DECEUNINCK FREZWID PROFIL R3-R3 Z3.tom' (Brak folderu w bazie)
[2026-08-06 12:49:12] [INFO] SYMULACJA POMINIĘCIE: 'DLA KACPRA D1.4 Z3 47 STOPNI.tom' (Brak folderu w bazie)
[2026-08-06 12:49:12] [INFO] SYMULACJA POMINIĘCIE: 'do Pro-Assem D16 z6 100stopni r0.5 .tom' (Brak folderu w bazie)
[2026-08-06 12:49:12] [INFO] SYMULACJA POMINIĘCIE: 'fazownik D10 60stopni.tom' (Brak folderu w bazie)
[2026-08-06 12:49:12] [INFO] SYMULACJA POMINIĘCIE: 'fazownik D12 150stopni.tom' (Brak folderu w bazie)
[2026-08-06 12:49:12] [INFO] SYMULACJA POMINIĘCIE: 'fazownik D12 60stopni.tom' (Brak folderu w bazie)
[2026-08-06 12:49:12] [INFO] SYMULACJA POMINIĘCIE: 'fazownik D12 80stopni.tom' (Brak folderu w bazie)
[2026-08-06 12:49:12] [INFO] SYMULACJA POMINIĘCIE: 'fazownik D12 R1,7 KP.tom' (Brak folderu w bazie)
[2026-08-06 12:49:12] [INFO] SYMULACJA POMINIĘCIE: 'fazownik D12 R1.2 KP.tom' (Brak folderu w bazie)
[2026-08-06 12:49:12] [INFO] SYMULACJA POMINIĘCIE: 'fazownik D16 45st.tom' (Brak folderu w bazie)
[2026-08-06 12:49:12] [INFO] SYMULACJA POMINIĘCIE: 'fazownik D16 R3.5 KP.tom' (Brak folderu w bazie)
[2026-08-06 12:49:12] [INFO] SYMULACJA POMINIĘCIE: 'fazownik D16 R4.5 KP.tom' (Brak folderu w bazie)
[2026-08-06 12:49:12] [INFO] SYMULACJA POMINIĘCIE: 'fazownik D20 80stopni.tom' (Brak folderu w bazie)
[2026-08-06 12:49:12] [INFO] SYMULACJA POMINIĘCIE: 'fazownik D22 50stopni.tom' (Brak folderu w bazie)
[2026-08-06 12:49:12] [INFO] SYMULACJA POMINIĘCIE: 'fazownik D22 60stopni.tom' (Brak folderu w bazie)
[2026-08-06 12:49:12] [INFO] SYMULACJA POMINIĘCIE: 'fazownik D6 45st.tom' (Brak folderu w bazie)
[2026-08-06 12:49:12] [INFO] SYMULACJA POMINIĘCIE: 'fazownik D6 60stopni.tom' (Brak folderu w bazie)
[2026-08-06 12:49:12] [INFO] SYMULACJA POMINIĘCIE: 'fazownik D8 40stopni.tom' (Brak folderu w bazie)
[2026-08-06 12:49:12] [INFO] SYMULACJA POMINIĘCIE: 'fazownik D8 R3.tom' (Brak folderu w bazie)
[2026-08-06 12:49:12] [INFO] SYMULACJA POMINIĘCIE: 'FER-PLAST FREZWID PROFIL R2-R2 Z3.tom' (Brak folderu w bazie)
[2026-08-06 12:49:12] [INFO] SYMULACJA POMINIĘCIE: 'frez 3st KP.tom' (Brak folderu w bazie)
[2026-08-06 12:49:12] [INFO] SYMULACJA POMINIĘCIE: 'frez D1.5 K35 KP.tom' (Brak folderu w bazie)
[2026-08-06 12:49:12] [INFO] SYMULACJA POMINIĘCIE: 'FREZ D10 X d3 Z2 K5.tom' (Brak folderu w bazie)
[2026-08-06 12:49:12] [INFO] SYMULACJA POMINIĘCIE: 'FREZ D13 KULA KP.tom' (Brak folderu w bazie)
[2026-08-06 12:49:12] [INFO] SYMULACJA POMINIĘCIE: 'FREZ D14 Z2 modyfikacja.tom' (Brak folderu w bazie)
[2026-08-06 12:49:12] [INFO] SYMULACJA POMINIĘCIE: 'FREZ D2 Z2 HW KP.tom' (Brak folderu w bazie)
[2026-08-06 12:49:12] [INFO] SYMULACJA POMINIĘCIE: 'FREZ D2.2 Z3 KP.tom' (Brak folderu w bazie)
[2026-08-06 12:49:12] [INFO] SYMULACJA POMINIĘCIE: 'FREZ D25 Frezwid.tom' (Brak folderu w bazie)
[2026-08-06 12:49:12] [INFO] SYMULACJA POMINIĘCIE: 'FREZ D3 Z2 K1 KP.tom' (Brak folderu w bazie)
[2026-08-06 12:49:12] [INFO] SYMULACJA POMINIĘCIE: 'FREZ D3 Z2 L23 KP.tom' (Brak folderu w bazie)
[2026-08-06 12:49:12] [INFO] SYMULACJA POMINIĘCIE: 'FREZ D3 Z3 L12 KP.tom' (Brak folderu w bazie)
[2026-08-06 12:49:12] [INFO] SYMULACJA POMINIĘCIE: 'FREZ D3.5 Z3 L12 KP.tom' (Brak folderu w bazie)
[2026-08-06 12:49:12] [INFO] SYMULACJA POMINIĘCIE: 'FREZ D4 Z2 KP.tom' (Brak folderu w bazie)
[2026-08-06 12:49:12] [INFO] SYMULACJA POMINIĘCIE: 'FREZ D4 Z2 L20 KP.tom' (Brak folderu w bazie)
[2026-08-06 12:49:12] [INFO] SYMULACJA POMINIĘCIE: 'FREZ D4 Z3 KP.tom' (Brak folderu w bazie)
[2026-08-06 12:49:12] [INFO] SYMULACJA POMINIĘCIE: 'FREZ D5 Z3 KP.tom' (Brak folderu w bazie)
[2026-08-06 12:49:12] [INFO] SYMULACJA POMINIĘCIE: 'FREZ D5.7 Z4 L30 v2.tom' (Brak folderu w bazie)
[2026-08-06 12:49:12] [INFO] SYMULACJA POMINIĘCIE: 'FREZ D5.7 Z4 L30.tom' (Brak folderu w bazie)
[2026-08-06 12:49:12] [INFO] SYMULACJA POMINIĘCIE: 'FREZ D6 Z3 KP.tom' (Brak folderu w bazie)
[2026-08-06 12:49:12] [INFO] SYMULACJA POMINIĘCIE: 'FREZ D8 KULA KP.tom' (Brak folderu w bazie)
[2026-08-06 12:49:12] [INFO] SYMULACJA POMINIĘCIE: 'FREZ D8,8 KULA KP.tom' (Brak folderu w bazie)
[2026-08-06 12:49:12] [INFO] SYMULACJA POMINIĘCIE: 'FREZ D8.5 Z2 L25.tom' (Brak folderu w bazie)
[2026-08-06 12:49:12] [INFO] SYMULACJA POMINIĘCIE: 'FREZ D9 KULA KP.tom' (Brak folderu w bazie)
[2026-08-06 12:49:12] [INFO] SYMULACJA POMINIĘCIE: 'FREZ RS D12 prof Rkat.tom' (Brak folderu w bazie)
[2026-08-06 12:49:12] [INFO] SYMULACJA POMINIĘCIE: 'FREZ SPEC R0.3 R0.3 D6 do listwy zebatej.tom' (Brak folderu w bazie)
[2026-08-06 12:49:12] [INFO] SYMULACJA POMINIĘCIE: 'FREZ STOZKOWY K6.tom' (Brak folderu w bazie)
[2026-08-06 12:49:12] [INFO] SYMULACJA POMINIĘCIE: 'Frez TEowy D10 T1.2 Z6.tom' (Brak folderu w bazie)
[2026-08-06 12:49:12] [INFO] SYMULACJA POMINIĘCIE: 'Frez TEowy D10 T1.2 Z8.tom' (Brak folderu w bazie)
[2026-08-06 12:49:12] [INFO] SYMULACJA POMINIĘCIE: 'Frez teowy D18 K8 stozek Z4.tom' (Brak folderu w bazie)
[2026-08-06 12:49:12] [INFO] SYMULACJA POMINIĘCIE: 'frez testspirala.tom' (Brak folderu w bazie)
[2026-08-06 12:49:12] [INFO] SYMULACJA POMINIĘCIE: 'Frez Valeo DT2147 02 03 01 001 KP.tom' (Brak folderu w bazie)
[2026-08-06 12:49:12] [INFO] SYMULACJA POMINIĘCIE: 'frez z2 26,56st KP testspirala.tom' (Brak folderu w bazie)
[2026-08-06 12:49:12] [INFO] SYMULACJA POMINIĘCIE: 'frez z2 26,56st KP.tom' (Brak folderu w bazie)
[2026-08-06 12:49:12] [INFO] SYMULACJA POMINIĘCIE: 'frez z3 15st KP.tom' (Brak folderu w bazie)
[2026-08-06 12:49:12] [INFO] SYMULACJA POMINIĘCIE: 'frez z3 26,56st KP 22.11.tom' (Brak folderu w bazie)
[2026-08-06 12:49:12] [INFO] SYMULACJA POMINIĘCIE: 'frez z3 26,56st KP.tom' (Brak folderu w bazie)
[2026-08-06 12:49:12] [INFO] SYMULACJA POMINIĘCIE: 'frez z3 26,56st KspiralatestP.tom' (Brak folderu w bazie)
[2026-08-06 12:49:12] [INFO] SYMULACJA POMINIĘCIE: 'Frez z3 60st KP d1.3 L4.07 v2.tom' (Brak folderu w bazie)
[2026-08-06 12:49:12] [INFO] SYMULACJA POMINIĘCIE: 'Frez z3 60st KP d1.3 L4.07.tom' (Brak folderu w bazie)
[2026-08-06 12:49:12] [INFO] SYMULACJA POMINIĘCIE: 'Frezwid czyszczarka.D10 45st ostra.tom' (Brak folderu w bazie)
[2026-08-06 12:49:12] [INFO] SYMULACJA POMINIĘCIE: 'Frezwid czyszczarka.D16 55st ostra.tom' (Brak folderu w bazie)
[2026-08-06 12:49:12] [INFO] SYMULACJA POMINIĘCIE: 'Frezwid czyszczarka.D20 55st ostra.tom' (Brak folderu w bazie)
[2026-08-06 12:49:12] [INFO] SYMULACJA POMINIĘCIE: 'Frezwid czyszczarka.D25 55st ostra.tom' (Brak folderu w bazie)
[2026-08-06 12:49:12] [INFO] SYMULACJA POMINIĘCIE: 'Frezwid czyszczarka.D5 45st ostra.tom' (Brak folderu w bazie)
[2026-08-06 12:49:12] [INFO] SYMULACJA POMINIĘCIE: 'FREZWID D10X12 APTIV PROFIL1.tom' (Brak folderu w bazie)
[2026-08-06 12:49:12] [INFO] SYMULACJA POMINIĘCIE: 'FREZWID D11.5 Z3 GNIAZDO R1.5 pppr.tom' (Brak folderu w bazie)
[2026-08-06 12:49:12] [INFO] SYMULACJA POMINIĘCIE: 'FREZWID D11.5 Z3 GNIAZDO R1.5.tom' (Brak folderu w bazie)
[2026-08-06 12:49:12] [INFO] SYMULACJA POMINIĘCIE: 'FREZWID D12 Z3 5st wstecz.tom' (Brak folderu w bazie)
[2026-08-06 12:49:12] [INFO] SYMULACJA POMINIĘCIE: 'Frezwid D2.51 R0.5 R1 D12 .tom' (Brak folderu w bazie)
[2026-08-06 12:49:12] [INFO] SYMULACJA POMINIĘCIE: 'Frezwid D6 Z4 L v2 poprawa.tom' (Brak folderu w bazie)
[2026-08-06 12:49:12] [INFO] SYMULACJA POMINIĘCIE: 'Frezwid D6 Z4 L v2.tom' (Brak folderu w bazie)
[2026-08-06 12:49:12] [INFO] SYMULACJA POMINIĘCIE: 'Frezwid D6 Z4 P v2.tom' (Brak folderu w bazie)
[2026-08-06 12:49:12] [INFO] SYMULACJA POMINIĘCIE: 'FREZWID PROFINE GMBH D25 59242786.tom' (Brak folderu w bazie)
[2026-08-06 12:49:12] [INFO] SYMULACJA POMINIĘCIE: 'FREZWID(SKLEP) D5 L35 PRAWE JW.tom' (Brak folderu w bazie)
[2026-08-06 12:49:12] [INFO] SYMULACJA POMINIĘCIE: 'GNIAZDO TESTOWE D16x9.2 skosny.tom' (Brak folderu w bazie)
[2026-08-06 12:49:12] [INFO] SYMULACJA POMINIĘCIE: 'GNIAZDO TESTOWE D16x9.2 test spiralny.tom' (Brak folderu w bazie)
[2026-08-06 12:49:12] [INFO] SYMULACJA POMINIĘCIE: 'KP D13.8 KULA Z4 lamacz v2.tom' (Brak folderu w bazie)
[2026-08-06 12:49:12] [INFO] SYMULACJA POMINIĘCIE: 'KP D13.8 KULA Z4 lamacz.tom' (Brak folderu w bazie)
[2026-08-06 12:49:12] [INFO] SYMULACJA POMINIĘCIE: 'KP D14 KULA Z4 .tom' (Brak folderu w bazie)
[2026-08-06 12:49:12] [INFO] SYMULACJA POMINIĘCIE: 'KP D3.5 L12 Z3 A3.tom' (Brak folderu w bazie)
[2026-08-06 12:49:12] [INFO] SYMULACJA POMINIĘCIE: 'KP FREZ D2 Z2.tom' (Brak folderu w bazie)
[2026-08-06 12:49:12] [INFO] SYMULACJA POMINIĘCIE: 'KP Frez D20 Z3 L55.tom' (Brak folderu w bazie)
[2026-08-06 12:49:12] [INFO] SYMULACJA POMINIĘCIE: 'KP FREZ D3 Z2 l23.tom' (Brak folderu w bazie)
[2026-08-06 12:49:12] [INFO] SYMULACJA POMINIĘCIE: 'KP FREZ D3 Z2.tom' (Brak folderu w bazie)
[2026-08-06 12:49:12] [INFO] SYMULACJA POMINIĘCIE: 'kp koncowka d12 frez.tom' (Brak folderu w bazie)
[2026-08-06 12:49:12] [INFO] SYMULACJA POMINIĘCIE: 'KP KULA D13.8 Z3 lamacz.tom' (Brak folderu w bazie)
[2026-08-06 12:49:12] [INFO] SYMULACJA POMINIĘCIE: 'KULA D11 Z3 KP.tom' (Brak folderu w bazie)
[2026-08-06 12:49:12] [INFO] SYMULACJA POMINIĘCIE: 'KULA D7.tom' (Brak folderu w bazie)
[2026-08-06 12:49:12] [INFO] SYMULACJA POMINIĘCIE: 'PROFINE GMBH D16 R14.2 R1.2 D12.48.tom' (Brak folderu w bazie)
[2026-08-06 12:49:12] [INFO] SYMULACJA POMINIĘCIE: 'R6.425 z3.tom' (Brak folderu w bazie)
[2026-08-06 12:49:12] [INFO] SYMULACJA POMINIĘCIE: 'REHAU FREZWID PROFIL R4-R2 Z3.tom' (Brak folderu w bazie)
[2026-08-06 12:49:12] [INFO] SYMULACJA POMINIĘCIE: 'Rozwiertak 8.1.tom' (Brak folderu w bazie)
[2026-08-06 12:49:12] [INFO] SYMULACJA POMINIĘCIE: 'Wierlo 16x7.5 AP.tom' (Brak folderu w bazie)
[2026-08-06 12:49:12] [INFO] SYMULACJA POMINIĘCIE: 'WIERTLO 2.8.tom' (Brak folderu w bazie)
[2026-08-06 12:49:12] [INFO] SYMULACJA POMINIĘCIE: 'WIERTLO-FREZ- D20-Z4-CZOLO KAT120.tom' (Brak folderu w bazie)
[2026-08-06 12:49:12] [INFO] SYMULACJA POMINIĘCIE: 'plytki.tom' (Brak folderu w bazie)
[2026-08-06 12:49:12] [INFO] SYMULACJA POMINIĘCIE: 'R075 MK.tom' (Brak folderu w bazie)
[2026-08-06 12:49:12] [INFO] SYMULACJA POMINIĘCIE: 'E-FREEDOM D2 L10 Z1.tom' (Brak folderu w bazie)
[2026-08-06 12:49:12] [INFO] SYMULACJA POMINIĘCIE: 'KACPER D1,3 Z2 60 STOPNI.tom' (Brak folderu w bazie)
[2026-08-06 12:49:12] [INFO] SYMULACJA POMINIĘCIE: 'SWIAT OKUC BUDOWLANYCH FREZ D2.5 Z2 .tom' (Brak folderu w bazie)
[2026-08-06 12:49:12] [INFO] SYMULACJA POMINIĘCIE: 'AIRON PRO-TECH D10 Z4 LAMACZ 2+4.tom' (Brak folderu w bazie)
[2026-08-06 12:49:12] [INFO] SYMULACJA POMINIĘCIE: 'ALBUD RSA D10 L15 Z1 HW POLER.tom' (Brak folderu w bazie)
[2026-08-06 12:49:12] [INFO] SYMULACJA POMINIĘCIE: 'ALBUD RSA D10 Z1 L22 HW POLER.tom' (Brak folderu w bazie)
[2026-08-06 12:49:12] [INFO] SYMULACJA POMINIĘCIE: 'ALU-MET D10 L20 Z2-PROSTY PRZESTAWIONY.tom' (Brak folderu w bazie)
[2026-08-06 12:49:12] [INFO] SYMULACJA POMINIĘCIE: 'ALUKO D10 Z1 L24 POLER.tom' (Brak folderu w bazie)
[2026-08-06 12:49:12] [INFO] SYMULACJA POMINIĘCIE: 'ARKADA KOD A1-1022 NG.tom' (Brak folderu w bazie)
[2026-08-06 12:49:12] [INFO] SYMULACJA POMINIĘCIE: 'AWILUX D10 L50 Z2-PROSTY PRZESTAWIONY.tom' (Brak folderu w bazie)
[2026-08-06 12:49:12] [INFO] SYMULACJA POMINIĘCIE: 'BERTSCH D10 Z3 LAMACZ.tom' (Brak folderu w bazie)
[2026-08-06 12:49:12] [INFO] SYMULACJA POMINIĘCIE: 'BEWI D10 L30 Z1 POLER.tom' (Brak folderu w bazie)
[2026-08-06 12:49:12] [INFO] SYMULACJA POMINIĘCIE: 'BEWI D10 Z1 L50 PRAWE POLER n.tom' (Brak folderu w bazie)
[2026-08-06 12:49:12] [INFO] SYMULACJA POMINIĘCIE: 'BEWI D10 Z1 L50 PRAWE.tom' (Brak folderu w bazie)
[2026-08-06 12:49:12] [INFO] SYMULACJA POMINIĘCIE: 'BOGDANSKI D10 Z1 A1-1035 NG.tom' (Brak folderu w bazie)
[2026-08-06 12:49:12] [INFO] SYMULACJA POMINIĘCIE: 'BOGDANSKI D10 Z1 L35.tom' (Brak folderu w bazie)
[2026-08-06 12:49:12] [INFO] SYMULACJA POMINIĘCIE: 'BOGMAR BB A1-1014 NG.tom' (Brak folderu w bazie)
[2026-08-06 12:49:12] [INFO] SYMULACJA POMINIĘCIE: 'BRASSCO D10 Z2 L11,4 v2.tom' (Brak folderu w bazie)
[2026-08-06 12:49:12] [INFO] SYMULACJA POMINIĘCIE: 'BRASSCO D10 Z2 L11,4.tom' (Brak folderu w bazie)
[2026-08-06 12:49:12] [INFO] SYMULACJA POMINIĘCIE: 'BUDMONT D10 Z1 A1-1035.tom' (Brak folderu w bazie)
[2026-08-06 12:49:12] [INFO] SYMULACJA POMINIĘCIE: 'D10--Z1-HW-CZOLO POPRAWA.tom' (Brak folderu w bazie)
[2026-08-06 12:49:12] [INFO] SYMULACJA POMINIĘCIE: 'D10-D3-NASADKA FAZUJACA.tom' (Brak folderu w bazie)
[2026-08-06 12:49:12] [INFO] SYMULACJA POMINIĘCIE: 'D10-L4-KAT65-Z4-HW.tom' (Brak folderu w bazie)
[2026-08-06 12:49:12] [INFO] SYMULACJA POMINIĘCIE: 'DAL TECH FREZ D10x8.4-Z2-HW.tom' (Brak folderu w bazie)
[2026-08-06 12:49:12] [INFO] SYMULACJA OK: 'DAL TECH FREZ D10x8.5-Z2-HW.tom' zakwalifikowany do '52 DAL-TECH'
[2026-08-06 12:49:12] [INFO] SYMULACJA POMINIĘCIE: 'DREWCO FREZ STOP  D6x10.2 Z2.tom' (Brak folderu w bazie)
[2026-08-06 12:49:12] [INFO] SYMULACJA POMINIĘCIE: 'DREWNOSTYL D10 Z3 L22 LEWO PRAWY.tom' (Brak folderu w bazie)
[2026-08-06 12:49:12] [INFO] SYMULACJA POMINIĘCIE: 'DREWNOSTYL FREZ FAZOWNIK D10 Z2.tom' (Brak folderu w bazie)
[2026-08-06 12:49:12] [INFO] SYMULACJA POMINIĘCIE: 'DRUTEX D10 L27 Z4.tom' (Brak folderu w bazie)
[2026-08-06 12:49:12] [INFO] SYMULACJA POMINIĘCIE: 'DRUTEX D10 Z4 L27 COMET 9.tom' (Brak folderu w bazie)
[2026-08-06 12:49:12] [INFO] SYMULACJA POMINIĘCIE: 'DRUTEX FREZ D10-Z2+2.tom' (Brak folderu w bazie)
[2026-08-06 12:49:12] [INFO] SYMULACJA POMINIĘCIE: 'ECO DREW D10 Z3 L 65.tom' (Brak folderu w bazie)
[2026-08-06 12:49:12] [INFO] SYMULACJA POMINIĘCIE: 'EUROLEDLIGHTING A1-1014.tom' (Brak folderu w bazie)
[2026-08-06 12:49:12] [INFO] SYMULACJA POMINIĘCIE: 'EUROLEDLIGHTNING D10 Z2 A2-1025.tom' (Brak folderu w bazie)
[2026-08-06 12:49:12] [INFO] SYMULACJA POMINIĘCIE: 'EXPRESS PCV D10 Z2 L40 PROSTY PRZESTAWIONY.tom' (Brak folderu w bazie)
[2026-08-06 12:49:12] [INFO] SYMULACJA POMINIĘCIE: 'EXTHERM-2 D10 Z1 L40 PRAWE n.tom' (Brak folderu w bazie)
[2026-08-06 12:49:12] [INFO] SYMULACJA POMINIĘCIE: 'FAKRO NASADKA D10 LEWE.tom' (Brak folderu w bazie)
[2026-08-06 12:49:12] [INFO] SYMULACJA POMINIĘCIE: 'FAKRO NASADKA D10.tom' (Brak folderu w bazie)
[2026-08-06 12:49:12] [INFO] SYMULACJA POMINIĘCIE: 'FARO D10 L25 Z2.tom' (Brak folderu w bazie)
[2026-08-06 12:49:12] [INFO] SYMULACJA POMINIĘCIE: 'FARO D10 L80 Z3.tom' (Brak folderu w bazie)
[2026-08-06 12:49:12] [INFO] SYMULACJA POMINIĘCIE: 'FARO D10 Z1 A1-1025 NG.tom' (Brak folderu w bazie)
[2026-08-06 12:49:12] [INFO] SYMULACJA POMINIĘCIE: 'FARO KULA D10 Z2 L15.tom' (Brak folderu w bazie)
[2026-08-06 12:49:12] [INFO] SYMULACJA POMINIĘCIE: 'FOREST D10 L40 Z1-HW .tom' (Brak folderu w bazie)
[2026-08-06 12:49:12] [INFO] SYMULACJA POMINIĘCIE: 'FREZ D10 X d3 Z2 K5.tom' (Brak folderu w bazie)
[2026-08-06 12:49:12] [INFO] SYMULACJA POMINIĘCIE: 'Frez TEowy D10 T1.2 Z8.tom' (Brak folderu w bazie)
[2026-08-06 12:49:12] [INFO] SYMULACJA POMINIĘCIE: 'FREZWID(PSEB) FREZ D10 L22 Z2.tom' (Brak folderu w bazie)
[2026-08-06 12:49:12] [INFO] SYMULACJA POMINIĘCIE: 'FUDMEN D10x4.5 Z3-HW.tom' (Brak folderu w bazie)
[2026-08-06 12:49:12] [INFO] SYMULACJA POMINIĘCIE: 'GAŁAT FREZ D10 Z1 A1-1040.tom' (Brak folderu w bazie)
[2026-08-06 12:49:12] [INFO] SYMULACJA POMINIĘCIE: 'GLASS SPACE D10 Z2 A2-1030.tom' (Brak folderu w bazie)
[2026-08-06 12:49:12] [INFO] SYMULACJA POMINIĘCIE: 'GOLD DOOR FREZ D10-Z2+2 L15x50.tom' (Brak folderu w bazie)
[2026-08-06 12:49:12] [INFO] SYMULACJA POMINIĘCIE: 'GOLD DOOR FREZ D10-Z2+2 L20x50.tom' (Brak folderu w bazie)
[2026-08-06 12:49:12] [INFO] SYMULACJA POMINIĘCIE: 'HANNECARD D10.2 Z2 R4x3st.tom' (Brak folderu w bazie)
[2026-08-06 12:49:12] [INFO] SYMULACJA POMINIĘCIE: 'HANNECARD D10.5 Z2 R4x6st.tom' (Brak folderu w bazie)
[2026-08-06 12:49:12] [INFO] SYMULACJA POMINIĘCIE: 'HENSFORD D10 L22 Z1-HSS .tom' (Brak folderu w bazie)
[2026-08-06 12:49:12] [INFO] SYMULACJA POMINIĘCIE: 'HL SCHODY D10 L50 Z3 HW.tom' (Brak folderu w bazie)
[2026-08-06 12:49:12] [INFO] SYMULACJA POMINIĘCIE: 'INTEGRAL D10 Z3 PROSTY.tom' (Brak folderu w bazie)
[2026-08-06 12:49:12] [INFO] SYMULACJA POMINIĘCIE: 'INTER-BUD D10 Z2 L45 PROSTY PRZESTAWIONY.tom' (Brak folderu w bazie)
[2026-08-06 12:49:12] [INFO] SYMULACJA POMINIĘCIE: 'INVADO D10 Z3 L55 LEWO PRAWY.tom' (Brak folderu w bazie)
[2026-08-06 12:49:12] [INFO] SYMULACJA POMINIĘCIE: 'JTECH D10 Z2-PROSTY PRZESTAWIONY.tom' (Brak folderu w bazie)
[2026-08-06 12:49:12] [INFO] SYMULACJA POMINIĘCIE: 'JUSTA BIS D10 L47 Z1 HSS .tom' (Brak folderu w bazie)
[2026-08-06 12:49:12] [INFO] SYMULACJA POMINIĘCIE: 'KARO D10 Z1 L40 PRAWE POLER n.tom' (Brak folderu w bazie)
[2026-08-06 12:49:12] [INFO] SYMULACJA POMINIĘCIE: 'KOLOR MAZUR D10 L75 Z2.tom' (Brak folderu w bazie)
[2026-08-06 12:49:12] [INFO] SYMULACJA POMINIĘCIE: 'KRISHOME D10 L25 Z2 POLER.tom' (Brak folderu w bazie)
[2026-08-06 12:49:12] [INFO] SYMULACJA POMINIĘCIE: 'KTLC EUROPE FREZ D10 Z4 R3.0.tom' (Brak folderu w bazie)
[2026-08-06 12:49:12] [INFO] SYMULACJA POMINIĘCIE: 'LS BEDDING D10 L30 Z3 HW.tom' (Brak folderu w bazie)
[2026-08-06 12:49:12] [INFO] SYMULACJA POMINIĘCIE: 'LUC BEKAERT D10 Z3 L59 szyjka.tom' (Brak folderu w bazie)
[2026-08-06 12:49:12] [INFO] SYMULACJA POMINIĘCIE: 'LUC BEKAERT MASCHINEN D10 Z3 L70.tom' (Brak folderu w bazie)
[2026-08-06 12:49:12] [INFO] SYMULACJA OK: 'MADEX D10-L40-Z4-HW.tom' zakwalifikowany do '345 MADEX'
[2026-08-06 12:49:12] [INFO] SYMULACJA POMINIĘCIE: 'MANUFAKTURA MAJDOSZ D10x6 R1 wew.tom' (Brak folderu w bazie)
[2026-08-06 12:49:12] [INFO] SYMULACJA POMINIĘCIE: 'MARCIN OSTROGORSKI FREZ 10-Z2+2 L10X40.tom' (Brak folderu w bazie)
[2026-08-06 12:49:12] [INFO] SYMULACJA POMINIĘCIE: 'MB TRADING D10x60 NOZYK DO GUMY bez lamacza v1.tom' (Brak folderu w bazie)
[2026-08-06 12:49:12] [INFO] SYMULACJA POMINIĘCIE: 'MITBAU D10 Z1 L24.tom' (Brak folderu w bazie)
[2026-08-06 12:49:12] [INFO] SYMULACJA POMINIĘCIE: 'MULTISERW D10 L35 STOZEK 2 STOPNIE.tom' (Brak folderu w bazie)
[2026-08-06 12:49:12] [INFO] SYMULACJA POMINIĘCIE: 'NADWOZIA PARTNER A1-1014 NG.tom' (Brak folderu w bazie)
[2026-08-06 12:49:12] [INFO] SYMULACJA POMINIĘCIE: 'NAUMAL D10 Z1 L35 PRAWE POLER n.tom' (Brak folderu w bazie)
[2026-08-06 12:49:12] [INFO] SYMULACJA POMINIĘCIE: 'NITUS D10 Z2 L45 PROSTY PRZESTAWIONY.tom' (Brak folderu w bazie)
[2026-08-06 12:49:12] [INFO] SYMULACJA POMINIĘCIE: 'OKLAND A1-1035 NG.tom' (Brak folderu w bazie)
[2026-08-06 12:49:12] [INFO] SYMULACJA POMINIĘCIE: 'OKNOPLAST NASADKA D10 X 3.tom' (Brak folderu w bazie)
[2026-08-06 12:49:12] [INFO] SYMULACJA POMINIĘCIE: 'OPTIMA FREZ D10 R5 LEWY PROSTY.tom' (Brak folderu w bazie)
[2026-08-06 12:49:12] [INFO] SYMULACJA POMINIĘCIE: 'PAGEN D10 Z1 L45 PRAWE POLER n.tom' (Brak folderu w bazie)
[2026-08-06 12:49:12] [INFO] SYMULACJA POMINIĘCIE: 'PAMO D10 L35 Z3.tom' (Brak folderu w bazie)
[2026-08-06 12:49:12] [INFO] SYMULACJA POMINIĘCIE: 'PAWEL GARA D10 Z4 LAMACZ 2+4.tom' (Brak folderu w bazie)
[2026-08-06 12:49:12] [INFO] SYMULACJA POMINIĘCIE: 'PLAST-BUD D10 Z1 L27 HSS.tom' (Brak folderu w bazie)
[2026-08-06 12:49:12] [INFO] SYMULACJA POMINIĘCIE: 'POL-SKONE D10 L100 Z3 LAMACZ.tom' (Brak folderu w bazie)
[2026-08-06 12:49:12] [INFO] SYMULACJA POMINIĘCIE: 'PORTA ELK D10 L50 Z1-HW .tom' (Brak folderu w bazie)
[2026-08-06 12:49:12] [INFO] SYMULACJA POMINIĘCIE: 'PORTA KMI D10 Z1 L50 PRAWE POLER n.tom' (Brak folderu w bazie)
[2026-08-06 12:49:12] [INFO] SYMULACJA POMINIĘCIE: 'PRESTIGE D10 Z3 KULA LEWO PRAWY.tom' (Brak folderu w bazie)
[2026-08-06 12:49:12] [INFO] SYMULACJA POMINIĘCIE: 'PREZMET D10 LEWA pilka 4+4.tom' (Brak folderu w bazie)
[2026-08-06 12:49:12] [INFO] SYMULACJA POMINIĘCIE: 'PREZMET D10 PRAWA pilka 4+4.tom' (Brak folderu w bazie)
[2026-08-06 12:49:12] [INFO] SYMULACJA POMINIĘCIE: 'PROFIMER D10 L22 Z1 .tom' (Brak folderu w bazie)
[2026-08-06 12:49:12] [INFO] SYMULACJA POMINIĘCIE: 'PROFIMER D10 L24 Z1 .tom' (Brak folderu w bazie)
[2026-08-06 12:49:12] [INFO] SYMULACJA POMINIĘCIE: 'REDAN D10 Z1 L35.tom' (Brak folderu w bazie)
[2026-08-06 12:49:12] [INFO] SYMULACJA POMINIĘCIE: 'REDBUD D10 Z1 A1-1050 NOWE.tom' (Brak folderu w bazie)
[2026-08-06 12:49:12] [INFO] SYMULACJA POMINIĘCIE: 'RP-BUD D10 Z4 LAMACZ 2+4.tom' (Brak folderu w bazie)
[2026-08-06 12:49:12] [INFO] SYMULACJA POMINIĘCIE: 'SARANA D10 Z4 LAMACZ-HW.tom' (Brak folderu w bazie)
[2026-08-06 12:49:12] [INFO] SYMULACJA POMINIĘCIE: 'SCHWARZ D10 Z1 A1-1020.tom' (Brak folderu w bazie)
[2026-08-06 12:49:12] [INFO] SYMULACJA POMINIĘCIE: 'SEKO D10 Z1 L20 PRAWE POLER.tom' (Brak folderu w bazie)
[2026-08-06 12:49:12] [INFO] SYMULACJA POMINIĘCIE: 'SMA MAGNET D10x5-HW.tom' (Dwuznaczność (4 folderów))
[2026-08-06 12:49:12] [INFO] SYMULACJA POMINIĘCIE: 'SPOT-LIGHT D10 L30 Z3.tom' (Brak folderu w bazie)
[2026-08-06 12:49:12] [INFO] SYMULACJA POMINIĘCIE: 'STOLBAR D10 Z2 R3 L6.tom' (Brak folderu w bazie)
[2026-08-06 12:49:12] [INFO] SYMULACJA POMINIĘCIE: 'SUPERDREW Z2+2 D10 L52.tom' (Brak folderu w bazie)
[2026-08-06 12:49:12] [INFO] SYMULACJA POMINIĘCIE: 'TECH-ZAK D10 L4 TEOWY.tom' (Brak folderu w bazie)
[2026-08-06 12:49:12] [INFO] SYMULACJA POMINIĘCIE: 'TECHNOCAM D10.5 Z2 KULKA LOLIPOP.tom' (Brak folderu w bazie)
[2026-08-06 12:49:12] [INFO] SYMULACJA POMINIĘCIE: 'TECHNOCAM D10.5 Z3 KULKA LOLIPOP inna szyjka.tom' (Brak folderu w bazie)
[2026-08-06 12:49:12] [INFO] SYMULACJA POMINIĘCIE: 'TEXCOR D10 Z1 L30 PRAWE n.tom' (Brak folderu w bazie)
[2026-08-06 12:49:12] [INFO] SYMULACJA POMINIĘCIE: 'TEXCOR D10 Z1 L30 PRAWE POLER n.tom' (Brak folderu w bazie)
[2026-08-06 12:49:12] [INFO] SYMULACJA POMINIĘCIE: 'TEXOR D10 Z1 L22 PRAWE POLER.tom' (Brak folderu w bazie)
[2026-08-06 12:49:12] [INFO] SYMULACJA POMINIĘCIE: 'TRI-SPACE D10 Z2 A2-1014.tom' (Brak folderu w bazie)
[2026-08-06 12:49:12] [INFO] SYMULACJA POMINIĘCIE: 'TRYUMF D10 Z1-HW POLER.tom' (Brak folderu w bazie)
[2026-08-06 12:49:12] [INFO] SYMULACJA POMINIĘCIE: 'UAB BALTIJOS A1-1020.tom' (Brak folderu w bazie)
[2026-08-06 12:49:12] [INFO] SYMULACJA POMINIĘCIE: 'UAB BALTIJOS D10 Z1 A1-1022 NOWE.tom' (Brak folderu w bazie)
[2026-08-06 12:49:12] [INFO] SYMULACJA POMINIĘCIE: 'UNITEC D10 L15 Z1 HW POLER.tom' (Brak folderu w bazie)
[2026-08-06 12:49:12] [INFO] SYMULACJA POMINIĘCIE: 'UNITEC POLSKA D10 Z1 L15.tom' (Brak folderu w bazie)
[2026-08-06 12:49:12] [INFO] SYMULACJA POMINIĘCIE: 'WALDEMARO D10 L50 Z2-PROSTY PRZESTAWIONY.tom' (Brak folderu w bazie)
[2026-08-06 12:49:12] [INFO] SYMULACJA POMINIĘCIE: 'WALDEMARO D10 Z2 A2-1050.tom' (Brak folderu w bazie)
[2026-08-06 12:49:12] [INFO] SYMULACJA POMINIĘCIE: 'WALKO D10 L30 Z1 POLER.tom' (Brak folderu w bazie)
[2026-08-06 12:49:12] [INFO] SYMULACJA POMINIĘCIE: 'WEKTOR D10 L30 Z3 HSS.tom' (Brak folderu w bazie)
[2026-08-06 12:49:12] [INFO] SYMULACJA POMINIĘCIE: 'WINTECH D8 L40 Z2-PROSTY PRZESTAWIONY.tom' (Brak folderu w bazie)
[2026-08-06 12:49:12] [INFO] SYMULACJA POMINIĘCIE: 'ZEGPOL D10 Z1 L35.tom' (Brak folderu w bazie)
[2026-08-06 12:49:12] [INFO] SYMULACJA POMINIĘCIE: 'ZSK METKAM FREZ D10 Z2 R 6.5 PROF.tom' (Brak folderu w bazie)
[2026-08-06 12:49:12] [INFO] SYMULACJA POMINIĘCIE: 'CELMOL D11 z tylem.tom' (Brak folderu w bazie)
[2026-08-06 12:49:12] [INFO] SYMULACJA POMINIĘCIE: 'FREZWID D11 Z2 profil.tom' (Brak folderu w bazie)
[2026-08-06 12:49:12] [INFO] SYMULACJA POMINIĘCIE: 'FREZWID D11.5 Z3 GNIAZDO R1.5.tom' (Brak folderu w bazie)
[2026-08-06 12:49:12] [INFO] SYMULACJA POMINIĘCIE: 'KEYLITE D11-Z3-LAMACZ LEWY-HW.tom' (Brak folderu w bazie)
[2026-08-06 12:49:12] [INFO] SYMULACJA OK: 'OPTIMA D11 SZLIF PRAWO-LEWY DO GWINTU.tom' zakwalifikowany do '711 OPTIMA PIOTR MROZ'
[2026-08-06 12:49:12] [INFO] SYMULACJA POMINIĘCIE: 'ALUMNI SRL PLETWA CHWYT.tom' (Brak folderu w bazie)
[2026-08-06 12:49:12] [INFO] SYMULACJA POMINIĘCIE: 'ALUMNI SRL Z4 D12x6 LAMACZ.tom' (Brak folderu w bazie)
[2026-08-06 12:49:12] [INFO] SYMULACJA POMINIĘCIE: 'AMEX BACZEK D12 L20 PROSTY PRZESTAWIONY.tom' (Brak folderu w bazie)
[2026-08-06 12:49:12] [INFO] SYMULACJA POMINIĘCIE: 'CRYSTAL D12 LAMACZ.tom' (Brak folderu w bazie)
[2026-08-06 12:49:12] [INFO] SYMULACJA POMINIĘCIE: 'D12 L28 Z3 A3-1236 DLA KACPKRA.tom' (Brak folderu w bazie)
[2026-08-06 12:49:12] [INFO] SYMULACJA POMINIĘCIE: 'D12-Z4-NASADKA.tom' (Brak folderu w bazie)
[2026-08-06 12:49:12] [INFO] SYMULACJA POMINIĘCIE: 'DREWNOSTYL D12 Z3 L22 LEWO PRAWY.tom' (Brak folderu w bazie)
[2026-08-06 12:49:12] [INFO] SYMULACJA POMINIĘCIE: 'DREWNOSTYL FREZ D12-Z2+2 L15X60.tom' (Brak folderu w bazie)
[2026-08-06 12:49:12] [INFO] SYMULACJA POMINIĘCIE: 'DRUTEX D12 Z1 L15 SKLEP.tom' (Brak folderu w bazie)
[2026-08-06 12:49:12] [INFO] SYMULACJA POMINIĘCIE: 'DRUTEX D12 Z2 PRAWO-LEWY.tom' (Brak folderu w bazie)
[2026-08-06 12:49:12] [INFO] SYMULACJA POMINIĘCIE: 'DRUTEX WG5FTHSM08- D12 Z2 PROSTY PRZES.tom' (Brak folderu w bazie)
[2026-08-06 12:49:12] [INFO] SYMULACJA POMINIĘCIE: 'ERKADO D12 Z1 L45 POLER.tom' (Brak folderu w bazie)
[2026-08-06 12:49:12] [INFO] SYMULACJA POMINIĘCIE: 'EUROPROFIL-B D12x1 R5.tom' (Brak folderu w bazie)
[2026-08-06 12:49:12] [INFO] SYMULACJA POMINIĘCIE: 'FARO D12 Z3 LAMACZ.tom' (Brak folderu w bazie)
[2026-08-06 12:49:12] [INFO] SYMULACJA POMINIĘCIE: 'FREZ D12-Z2+2.tom' (Brak folderu w bazie)
[2026-08-06 12:49:12] [INFO] SYMULACJA POMINIĘCIE: 'FREZWID DO STALI D12-L26-Z4 S4-1235.tom' (Brak folderu w bazie)
[2026-08-06 12:49:12] [INFO] SYMULACJA POMINIĘCIE: 'GORAN FREZ FAZOWNIK D12 Z2.tom' (Brak folderu w bazie)
[2026-08-06 12:49:12] [INFO] SYMULACJA POMINIĘCIE: 'HENSFORD D12 Z2 PROSTY PRZES.tom' (Brak folderu w bazie)
[2026-08-06 12:49:12] [INFO] SYMULACJA POMINIĘCIE: 'JANECZEK ZS D12 Z2 poprawa.tom' (Brak folderu w bazie)
[2026-08-06 12:49:12] [INFO] SYMULACJA POMINIĘCIE: 'JOCZ D12 Z1 L45.tom' (Brak folderu w bazie)
[2026-08-06 12:49:12] [INFO] SYMULACJA POMINIĘCIE: 'JOCZ D12 Z1.tom' (Brak folderu w bazie)
[2026-08-06 12:49:12] [INFO] SYMULACJA POMINIĘCIE: 'KOBAX D12  R0.5_KAT22.5.tom' (Brak folderu w bazie)
[2026-08-06 12:49:12] [INFO] SYMULACJA POMINIĘCIE: 'KOBAX D12  R0.5_KAT31.2.tom' (Brak folderu w bazie)
[2026-08-06 12:49:12] [INFO] SYMULACJA POMINIĘCIE: 'KONKOL D12 Z3 L80 WYK.tom' (Brak folderu w bazie)
[2026-08-06 12:49:12] [INFO] SYMULACJA POMINIĘCIE: 'KREPEL D12 Z2 profil.tom' (Brak folderu w bazie)
[2026-08-06 12:49:12] [INFO] SYMULACJA POMINIĘCIE: 'Lasek D12 profil R3 R1.5.tom' (Brak folderu w bazie)
[2026-08-06 12:49:12] [INFO] SYMULACJA POMINIĘCIE: 'LEPSY D12 Z3 LAMACZ.tom' (Brak folderu w bazie)
[2026-08-06 12:49:12] [INFO] SYMULACJA POMINIĘCIE: 'LESTOL D12 Z3 L80 WYK.tom' (Brak folderu w bazie)
[2026-08-06 12:49:12] [INFO] SYMULACJA POMINIĘCIE: 'MB TRADING FREZ D5.1x12 K34.63 Z2.tom' (Brak folderu w bazie)
[2026-08-06 12:49:12] [INFO] SYMULACJA POMINIĘCIE: 'MEJZA D12 R2 R2.5 Z2.tom' (Brak folderu w bazie)
[2026-08-06 12:49:12] [INFO] SYMULACJA POMINIĘCIE: 'METAL PROJECT PL D12 Z2 A2-1230.tom' (Brak folderu w bazie)
[2026-08-06 12:49:12] [INFO] SYMULACJA POMINIĘCIE: 'NM POLSKA FREZ D12 74.72st z2 LEWY.tom' (Brak folderu w bazie)
[2026-08-06 12:49:12] [INFO] SYMULACJA POMINIĘCIE: 'NM POLSKA FREZ D12 74.72st z2 PRAWY.tom' (Brak folderu w bazie)
[2026-08-06 12:49:12] [INFO] SYMULACJA POMINIĘCIE: 'OKLAND D12 Z2 A2-1235.tom' (Brak folderu w bazie)
[2026-08-06 12:49:12] [INFO] SYMULACJA POMINIĘCIE: 'PAGEN D12 Z2 A2-1230.tom' (Brak folderu w bazie)
[2026-08-06 12:49:12] [INFO] SYMULACJA POMINIĘCIE: 'PAMO D12 Z4 L90.tom' (Brak folderu w bazie)
[2026-08-06 12:49:12] [INFO] SYMULACJA POMINIĘCIE: 'PAMO D12.5 Z2 HW.tom' (Brak folderu w bazie)
[2026-08-06 12:49:12] [INFO] SYMULACJA POMINIĘCIE: 'PILCH D12 Z1 L32.tom' (Brak folderu w bazie)
[2026-08-06 12:49:12] [INFO] SYMULACJA POMINIĘCIE: 'PILCH FREZ D12x6 L9 Z2.tom' (Brak folderu w bazie)
[2026-08-06 12:49:12] [INFO] SYMULACJA POMINIĘCIE: 'PLAS-BUD D12 Z1 L35.tom' (Brak folderu w bazie)
[2026-08-06 12:49:12] [INFO] SYMULACJA POMINIĘCIE: 'PLASTBUD D12 Z1 A1-1250 NOWE.tom' (Brak folderu w bazie)
[2026-08-06 12:49:12] [INFO] SYMULACJA POMINIĘCIE: 'PLASTBUD FREZ D12 Z4 L25 HSS.tom' (Brak folderu w bazie)
[2026-08-06 12:49:12] [INFO] SYMULACJA POMINIĘCIE: 'PLASTBUD FREZ D12 Z4 L25 HW.tom' (Brak folderu w bazie)
[2026-08-06 12:49:12] [INFO] SYMULACJA POMINIĘCIE: 'POL-SKONE D12 Z3 LAMACZ.tom' (Brak folderu w bazie)
[2026-08-06 12:49:12] [INFO] SYMULACJA POMINIĘCIE: 'PORTA D12 Z4 JAK WIERTLO.tom' (Brak folderu w bazie)
[2026-08-06 12:49:12] [INFO] SYMULACJA POMINIĘCIE: 'ROZWADOWSKI D12 Z2 PROSTY PRZES.tom' (Brak folderu w bazie)
[2026-08-06 12:49:12] [INFO] SYMULACJA POMINIĘCIE: 'SCHWARz D12 Z1.tom' (Brak folderu w bazie)
[2026-08-06 12:49:12] [INFO] SYMULACJA POMINIĘCIE: 'SLOWINSCY D12 Z1 A1-1250 NOWE.tom' (Brak folderu w bazie)
[2026-08-06 12:49:12] [INFO] SYMULACJA POMINIĘCIE: 'SUPERDREW Z2+2 D12 L52.tom' (Brak folderu w bazie)
[2026-08-06 12:49:12] [INFO] SYMULACJA POMINIĘCIE: 'TABATH GROUP D12 profil R6 .tom' (Brak folderu w bazie)
[2026-08-06 12:49:12] [INFO] SYMULACJA POMINIĘCIE: 'TABATH GROUP D12 Z2 PROF R1 R1.5 LEWE.tom' (Brak folderu w bazie)
[2026-08-06 12:49:12] [INFO] SYMULACJA POMINIĘCIE: 'TABATH GROUP D12 Z2 PROF R1 R1.5 PRAWE.tom' (Brak folderu w bazie)
[2026-08-06 12:49:12] [INFO] SYMULACJA POMINIĘCIE: 'TABATH GROUP D12 Z2 PROF R1 R1.5.tom' (Brak folderu w bazie)
[2026-08-06 12:49:12] [INFO] SYMULACJA POMINIĘCIE: 'TABATH GROUP D12 Z2 PROF R1.5 R1.25 R1 LEWE.tom' (Brak folderu w bazie)
[2026-08-06 12:49:12] [INFO] SYMULACJA POMINIĘCIE: 'TABATH GROUP D12 Z2 PROF R1.5 R1.25 R1 PRAWE blad.tom' (Brak folderu w bazie)
[2026-08-06 12:49:12] [INFO] SYMULACJA POMINIĘCIE: 'TABATH GROUP D12 Z2 PROF R1.5 R1.25 R1 PRAWE.tom' (Brak folderu w bazie)
[2026-08-06 12:49:12] [INFO] SYMULACJA POMINIĘCIE: 'TABATH GROUP D12 Z2 PROF R2,25 R2 R1.75 LEWE.tom' (Brak folderu w bazie)
[2026-08-06 12:49:12] [INFO] SYMULACJA POMINIĘCIE: 'TABATH GROUP D12 Z2 PROF R2,25 R2 R1.75 PRAWE.tom' (Brak folderu w bazie)
[2026-08-06 12:49:12] [INFO] SYMULACJA POMINIĘCIE: 'UAB BALTIJOS D12 Z1 A1-1228 NOWE.tom' (Brak folderu w bazie)
[2026-08-06 12:49:12] [INFO] SYMULACJA POMINIĘCIE: 'UNITEC POLSKA D12 Z1 L50 .tom' (Brak folderu w bazie)
[2026-08-06 12:49:12] [INFO] SYMULACJA POMINIĘCIE: 'UNITEC POLSKA D12 Z1 L50 POLER.tom' (Brak folderu w bazie)
[2026-08-06 12:49:12] [INFO] SYMULACJA POMINIĘCIE: 'UNITEC POLSKA D12 Z1 L50.tom' (Brak folderu w bazie)
[2026-08-06 12:49:12] [INFO] SYMULACJA OK: 'VIP STUDIO MEBLI D12 R3.25 fazownik.tom' zakwalifikowany do '20 VIP STUDIO MEBLI'
[2026-08-06 12:49:12] [INFO] SYMULACJA POMINIĘCIE: 'WALDEMARO D12 Z2 A2-1285.tom' (Brak folderu w bazie)
[2026-08-06 12:49:12] [INFO] SYMULACJA POMINIĘCIE: 'WINTECH D12 Z2-PROSTY PRZESTAWIONY.tom' (Brak folderu w bazie)
[2026-08-06 12:49:12] [INFO] SYMULACJA POMINIĘCIE: 'WOJMARPLAST D12 Z2 A2-1235.tom' (Brak folderu w bazie)
[2026-08-06 12:49:12] [INFO] SYMULACJA POMINIĘCIE: 'WOODEN WORLD FREZ D12 Z2 LOLIPOP LEWY.tom' (Brak folderu w bazie)
[2026-08-06 12:49:12] [INFO] SYMULACJA POMINIĘCIE: 'JTECH -13- -Z2-PROSTY PRZESTAWIONY.tom' (Brak folderu w bazie)
[2026-08-06 12:49:12] [INFO] SYMULACJA POMINIĘCIE: 'JTECH D13-Z2-PROSTY PRZESTAWIONY.tom' (Brak folderu w bazie)
[2026-08-06 12:49:12] [INFO] SYMULACJA POMINIĘCIE: 'KM OKNO D13-L25-Z4-HW.tom' (Brak folderu w bazie)
[2026-08-06 12:49:12] [INFO] SYMULACJA POMINIĘCIE: 'MIGAS DOOR FREZ D13x6.5 Z2.tom' (Brak folderu w bazie)
[2026-08-06 12:49:12] [INFO] SYMULACJA POMINIĘCIE: 'NM POLSKA (VELUX) FREZ D13 Z3 L50.tom' (Brak folderu w bazie)
[2026-08-06 12:49:12] [INFO] SYMULACJA POMINIĘCIE: 'RP EUROPE D13.1 Z2 KULA SPEC.tom' (Brak folderu w bazie)
[2026-08-06 12:49:12] [INFO] SYMULACJA POMINIĘCIE: 'RP EUROPE D13.1 Z3 PROMIENIE.tom' (Brak folderu w bazie)
[2026-08-06 12:49:12] [INFO] SYMULACJA POMINIĘCIE: 'AMATI FREZ D14x8 Z2 PROSTY.tom' (Brak folderu w bazie)
[2026-08-06 12:49:12] [INFO] SYMULACJA POMINIĘCIE: 'CALVET D14.3 K10 L18 STOZ ODWR .tom' (Brak folderu w bazie)
[2026-08-06 12:49:12] [INFO] SYMULACJA POMINIĘCIE: 'CALVET D14.8 Z3 PROSTY R2 .tom' (Brak folderu w bazie)
[2026-08-06 12:49:12] [INFO] SYMULACJA POMINIĘCIE: 'DAL-TECH FREZ D14 Z4 TEOWY L4 DLUGA SZYJka.tom' (Brak folderu w bazie)
[2026-08-06 12:49:12] [INFO] SYMULACJA POMINIĘCIE: 'DAL-TECH FREZ D14 Z4 TEOWY L4.tom' (Brak folderu w bazie)
[2026-08-06 12:49:12] [INFO] SYMULACJA POMINIĘCIE: 'DALTECH D14 PROFIL 4,17x8,4x11,78.tom' (Brak folderu w bazie)
[2026-08-06 12:49:12] [INFO] SYMULACJA POMINIĘCIE: 'DREW JAR -Z2 D14 GWINT PP.tom' (Brak folderu w bazie)
[2026-08-06 12:49:12] [INFO] SYMULACJA POMINIĘCIE: 'FREZWID D14 Z4 KSZTALT.tom' (Brak folderu w bazie)
[2026-08-06 12:49:12] [INFO] SYMULACJA POMINIĘCIE: 'INVADO D14 Z3 L55 LEWO PRAWY.tom' (Brak folderu w bazie)
[2026-08-06 12:49:12] [INFO] SYMULACJA POMINIĘCIE: 'INVADO D14 Z3 L55 prawo lewy.tom' (Brak folderu w bazie)
[2026-08-06 12:49:12] [INFO] SYMULACJA POMINIĘCIE: 'LOBITIO B MECH D14 Z2 Frez nieprzelotowe.tom' (Brak folderu w bazie)
[2026-08-06 12:49:12] [INFO] SYMULACJA POMINIĘCIE: 'MALEC DARIUSZ D14.5x7.2 R3.tom' (Brak folderu w bazie)
[2026-08-06 12:49:12] [INFO] SYMULACJA POMINIĘCIE: 'NM POLSKA D14 Z3 L35.tom' (Brak folderu w bazie)
[2026-08-06 12:49:12] [INFO] SYMULACJA POMINIĘCIE: 'POL SKONE FREZ D14 Z2 PODCIECIE .tom' (Brak folderu w bazie)
[2026-08-06 12:49:12] [INFO] SYMULACJA POMINIĘCIE: 'PORTA D14 Z4 JAK WIERTLO.tom' (Brak folderu w bazie)
[2026-08-06 12:49:12] [INFO] SYMULACJA POMINIĘCIE: 'POWER TRAFO TABATH FREZ D14.1 Z4 L32 S4-ST.tom' (Brak folderu w bazie)
[2026-08-06 12:49:12] [INFO] SYMULACJA POMINIĘCIE: 'POZ BRUK D14 Z3 L155.tom' (Brak folderu w bazie)
[2026-08-06 12:49:12] [INFO] SYMULACJA POMINIĘCIE: 'STOLPAR D14x10 z3 .tom' (Brak folderu w bazie)
[2026-08-06 12:49:12] [INFO] SYMULACJA POMINIĘCIE: 'WALDEMARO D14 Z1 L30 FACETY POLER.tom' (Brak folderu w bazie)
[2026-08-06 12:49:12] [INFO] SYMULACJA POMINIĘCIE: 'BSGM FREZ D15 Z2 R9.5 PROF.tom' (Brak folderu w bazie)
[2026-08-06 12:49:12] [INFO] SYMULACJA POMINIĘCIE: 'BSGM FREZ SPIRALNY D15.5 Z2 R9.5 PROF.tom' (Brak folderu w bazie)
[2026-08-06 12:49:12] [INFO] SYMULACJA OK: 'DRUTEX D15 L45 Z3.tom' zakwalifikowany do '953 DRUTEX'
[2026-08-06 12:49:12] [INFO] SYMULACJA POMINIĘCIE: 'AR_DREW FREZ D16-Z3+3 L25x135 .tom' (Brak folderu w bazie)
[2026-08-06 12:49:12] [INFO] SYMULACJA POMINIĘCIE: 'AR_DREW FREZ D16-Z3+3 L25x135 poprawa zanizen.tom' (Brak folderu w bazie)
[2026-08-06 12:49:12] [INFO] SYMULACJA POMINIĘCIE: 'D16-Z2-VEKA OPORY-3,2x105st.tom' (Brak folderu w bazie)
[2026-08-06 12:49:12] [INFO] SYMULACJA POMINIĘCIE: 'FARO FREZ D16 Z3 L45 HW.tom' (Brak folderu w bazie)
[2026-08-06 12:49:12] [INFO] SYMULACJA POMINIĘCIE: 'FREZ D16 Z4 5stopni.tom' (Brak folderu w bazie)
[2026-08-06 12:49:12] [INFO] SYMULACJA OK: 'FREZWID D16 Z3 LAMACZ .tom' zakwalifikowany do 'ZP-28 FREZWID (SKLEP)'
[2026-08-06 12:49:12] [INFO] SYMULACJA POMINIĘCIE: 'FREZWID FREZ D16 Z3 K-30.tom' (Brak folderu w bazie)
[2026-08-06 12:49:12] [INFO] SYMULACJA POMINIĘCIE: 'GLOBAL DOORS AND WINDOWS KULA D16 L40.tom' (Brak folderu w bazie)
[2026-08-06 12:49:12] [INFO] SYMULACJA POMINIĘCIE: 'GOTYK D16 Z3-LAMACZ-HW.tom' (Brak folderu w bazie)
[2026-08-06 12:49:12] [INFO] SYMULACJA POMINIĘCIE: 'JANTAR STUDIO Z2 D16X1 R4 lut.tom' (Brak folderu w bazie)
[2026-08-06 12:49:12] [INFO] SYMULACJA POMINIĘCIE: 'JANTAR STUDIO Z2 D16X1 R5 lut.tom' (Brak folderu w bazie)
[2026-08-06 12:49:12] [INFO] SYMULACJA POMINIĘCIE: 'KAMIL D16 L80 LAMACZ.tom' (Brak folderu w bazie)
[2026-08-06 12:49:12] [INFO] SYMULACJA POMINIĘCIE: 'KEYLITE FREZ D16-Z3+3 L16x40 .tom' (Brak folderu w bazie)
[2026-08-06 12:49:12] [INFO] SYMULACJA POMINIĘCIE: 'KEYLITE FREZ D16-Z3+3 L40x100 .tom' (Brak folderu w bazie)
[2026-08-06 12:49:12] [INFO] SYMULACJA POMINIĘCIE: 'KOCZY D16 Z3-LAMACZ NOWY TYP.tom' (Brak folderu w bazie)
[2026-08-06 12:49:12] [INFO] SYMULACJA POMINIĘCIE: 'KRAK=MAL D16 Z2 LAMACZ LUTOWANY.tom' (Brak folderu w bazie)
[2026-08-06 12:49:12] [INFO] SYMULACJA POMINIĘCIE: 'Lasek D16 profil 90stopni.tom' (Brak folderu w bazie)
[2026-08-06 12:49:12] [INFO] SYMULACJA POMINIĘCIE: 'MALWOOD INSTRUMENTS D16 Z3 R684.7.tom' (Brak folderu w bazie)
[2026-08-06 12:49:12] [INFO] SYMULACJA POMINIĘCIE: 'MAR-TOM D16 L60 Z3 LAMACZ.tom' (Brak folderu w bazie)
[2026-08-06 12:49:12] [INFO] SYMULACJA POMINIĘCIE: 'MB TRADING D16-L27-Z3-lamacz.tom' (Brak folderu w bazie)
[2026-08-06 12:49:12] [INFO] SYMULACJA POMINIĘCIE: 'MB TRADING D16-L35-Z3-ALU-LEWY-C-land.tom' (Brak folderu w bazie)
[2026-08-06 12:49:12] [INFO] SYMULACJA POMINIĘCIE: 'MB TRADING D16-L35-Z3-lamacz.tom' (Brak folderu w bazie)
[2026-08-06 12:49:12] [INFO] SYMULACJA POMINIĘCIE: 'MEJZA D16 R2 2.5.tom' (Brak folderu w bazie)
[2026-08-06 12:49:12] [INFO] SYMULACJA POMINIĘCIE: 'MEJZA D16 Z3 L45 LAMACZ.tom' (Brak folderu w bazie)
[2026-08-06 12:49:12] [INFO] SYMULACJA POMINIĘCIE: 'MEJZA D25 R2 R9.tom' (Brak folderu w bazie)
[2026-08-06 12:49:12] [INFO] SYMULACJA OK: 'MTEHNIK FREZ D16 L32 Z3 HW.tom' zakwalifikowany do '214 MTEHNIK'
[2026-08-06 12:49:12] [INFO] SYMULACJA POMINIĘCIE: 'OKNA AMATI FREZ STOP  D6x16 Z2 poprawa.tom' (Brak folderu w bazie)
[2026-08-06 12:49:12] [INFO] SYMULACJA POMINIĘCIE: 'OKNA AMATI FREZ STOP  D6x16 Z2.tom' (Brak folderu w bazie)
[2026-08-06 12:49:12] [INFO] SYMULACJA POMINIĘCIE: 'ORTO-MED FREZ D16 Z2 L150 KULA.tom' (Brak folderu w bazie)
[2026-08-06 12:49:12] [INFO] SYMULACJA POMINIĘCIE: 'PLASTDREW D16 Z3 L45 LAMACZ.tom' (Brak folderu w bazie)
[2026-08-06 12:49:12] [INFO] SYMULACJA POMINIĘCIE: 'POL-SKONE D16x3.2 PROF.tom' (Brak folderu w bazie)
[2026-08-06 12:49:12] [INFO] SYMULACJA POMINIĘCIE: 'POLTING FOAM FAZOWNIK z4 D16.tom' (Brak folderu w bazie)
[2026-08-06 12:49:12] [INFO] SYMULACJA OK: 'PRESTIGE D16 Z2 R1 L20 LEWO PRAWY.tom' zakwalifikowany do '0'
[2026-08-06 12:49:12] [INFO] SYMULACJA POMINIĘCIE: 'PRESTIGE D16 Z3 KULA LEWO PRAWY.tom' (Brak folderu w bazie)
[2026-08-06 12:49:12] [INFO] SYMULACJA POMINIĘCIE: 'PRESTIGE D18 Z3 KULA LEWO PRAWY.tom' (Brak folderu w bazie)
[2026-08-06 12:49:12] [INFO] SYMULACJA POMINIĘCIE: 'PRESTIGE fazownik z4 D16.tom' (Brak folderu w bazie)
[2026-08-06 12:49:12] [INFO] SYMULACJA POMINIĘCIE: 'PRO-BAU D16x8 L13.3 R3 PROSTY.tom' (Brak folderu w bazie)
[2026-08-06 12:49:12] [INFO] SYMULACJA POMINIĘCIE: 'PRZ Stolarnia FREZ D16-Z3+3 L40x100 .tom' (Brak folderu w bazie)
[2026-08-06 12:49:12] [INFO] SYMULACJA POMINIĘCIE: 'QUERCUS D16 Z2 TEOWY v2.tom' (Brak folderu w bazie)
[2026-08-06 12:49:12] [INFO] SYMULACJA POMINIĘCIE: 'QUERCUS D16 Z2 TEOWY.tom' (Brak folderu w bazie)
[2026-08-06 12:49:12] [INFO] SYMULACJA POMINIĘCIE: 'RMP FREZ D16 Z2 41.8st SZPIC ok.tom' (Brak folderu w bazie)
[2026-08-06 12:49:12] [INFO] SYMULACJA POMINIĘCIE: 'RMP FREZ D16 Z2 41.8st SZPIC TEST2.tom' (Brak folderu w bazie)
[2026-08-06 12:49:12] [INFO] SYMULACJA POMINIĘCIE: 'RMP FREZ D16 Z2 41.8st SZPIC.tom' (Brak folderu w bazie)
[2026-08-06 12:49:12] [INFO] SYMULACJA POMINIĘCIE: 'S4-1640 D16 Z4 oryginal.tom' (Brak folderu w bazie)
[2026-08-06 12:49:12] [INFO] SYMULACJA POMINIĘCIE: 'S4-1640 D16 Z4.tom' (Brak folderu w bazie)
[2026-08-06 12:49:12] [INFO] SYMULACJA POMINIĘCIE: 'TABATH GROUP D16 Z2 PROF R3 R2.5 R2 LEWE.tom' (Brak folderu w bazie)
[2026-08-06 12:49:12] [INFO] SYMULACJA POMINIĘCIE: 'TABATH GROUP D16 Z2 PROF R3 R2.5 R2 PRAWE.tom' (Brak folderu w bazie)
[2026-08-06 12:49:12] [INFO] SYMULACJA POMINIĘCIE: 'TABATH GROUP D16 Z2 PROF R4 R3.5 LEWE.tom' (Brak folderu w bazie)
[2026-08-06 12:49:12] [INFO] SYMULACJA POMINIĘCIE: 'TABATH GROUP D16 Z2 PROF R4 R3.5 PRAWE.tom' (Brak folderu w bazie)
[2026-08-06 12:49:12] [INFO] SYMULACJA POMINIĘCIE: 'TABATH GROUP D16,5 Z5 K60 WSTECZNY.tom' (Brak folderu w bazie)
[2026-08-06 12:49:12] [INFO] SYMULACJA POMINIĘCIE: 'WALDEMARO D16 Z3+3 PILKOWY POZ-NEG.tom' (Brak folderu w bazie)
[2026-08-06 12:49:12] [INFO] SYMULACJA POMINIĘCIE: 'CALVET D17.1 Z3 PROSTY 15st zbierzny.tom' (Brak folderu w bazie)
[2026-08-06 12:49:12] [INFO] SYMULACJA POMINIĘCIE: 'DABOR 17,5x10,5 L11,5x20 HSS LEWE.tom' (Brak folderu w bazie)
[2026-08-06 12:49:12] [INFO] SYMULACJA POMINIĘCIE: 'DABOR 17,5x10,5 L11,5x20 HSS.tom' (Brak folderu w bazie)
[2026-08-06 12:49:12] [INFO] SYMULACJA POMINIĘCIE: 'JANTAR STUDIO Z2 D17X1 R6 lut.tom' (Brak folderu w bazie)
[2026-08-06 12:49:12] [INFO] SYMULACJA POMINIĘCIE: 'JANTAR STUDIO Z2 D18X1 R7 lut.tom' (Brak folderu w bazie)
[2026-08-06 12:49:12] [INFO] SYMULACJA POMINIĘCIE: 'D18_KAT45-STOPNI.tom' (Brak folderu w bazie)
[2026-08-06 12:49:12] [INFO] SYMULACJA POMINIĘCIE: 'florad d18x25 z3 l19.5.tom' (Brak folderu w bazie)
[2026-08-06 12:49:12] [INFO] SYMULACJA POMINIĘCIE: 'Frez teowy D18 K8 stozek Z4.tom' (Brak folderu w bazie)
[2026-08-06 12:49:12] [INFO] SYMULACJA POMINIĘCIE: 'MB TRADING D18 Z2 A2-1855.tom' (Brak folderu w bazie)
[2026-08-06 12:49:12] [INFO] SYMULACJA POMINIĘCIE: 'POWER TRAFO TABATH FREZ D18.2 Z4 L32 S4-ST.tom' (Brak folderu w bazie)
[2026-08-06 12:49:12] [INFO] SYMULACJA POMINIĘCIE: 'PRO-TECH D18x8 PRAWE 90 STOPNI.tom' (Brak folderu w bazie)
[2026-08-06 12:49:12] [INFO] SYMULACJA POMINIĘCIE: 'PRO-TECH D18x8 PRAWE.tom' (Brak folderu w bazie)
[2026-08-06 12:49:12] [INFO] SYMULACJA POMINIĘCIE: 'PROFIL D18 PRAWA pilka 3+3.tom' (Brak folderu w bazie)
[2026-08-06 12:49:12] [INFO] SYMULACJA POMINIĘCIE: 'TABATH GROUP D18 Z2 PROF R5 R4.5 LEWE.tom' (Brak folderu w bazie)
[2026-08-06 12:49:12] [INFO] SYMULACJA POMINIĘCIE: 'TABATH GROUP D18 Z2 PROF R5 R4.5 PRAWE.tom' (Brak folderu w bazie)
[2026-08-06 12:49:12] [INFO] SYMULACJA POMINIĘCIE: 'TABATH GROUP D18 Z5 TEOWY R1.25 HW.tom' (Brak folderu w bazie)
[2026-08-06 12:49:12] [INFO] SYMULACJA POMINIĘCIE: 'TRABCZYNSKI D18 Z3 LAMACZ.tom' (Brak folderu w bazie)
[2026-08-06 12:49:12] [INFO] SYMULACJA POMINIĘCIE: 'POZORSKI ANDRZEJ FREZ D19 Z1 .tom' (Brak folderu w bazie)
[2026-08-06 12:49:12] [INFO] SYMULACJA POMINIĘCIE: 'AFB DRZWI FREZ D20 Z2 R9.46.tom' (Brak folderu w bazie)
[2026-08-06 12:49:12] [INFO] SYMULACJA POMINIĘCIE: 'AGMAR D20 L105 Z3 LAMACZ-HW.tom' (Brak folderu w bazie)
[2026-08-06 12:49:12] [INFO] SYMULACJA POMINIĘCIE: 'amplast test.tom' (Brak folderu w bazie)
[2026-08-06 12:49:12] [INFO] SYMULACJA POMINIĘCIE: 'ANMAR Z2 D20X2 R1 R7 lut TEST.tom' (Brak folderu w bazie)
[2026-08-06 12:49:12] [INFO] SYMULACJA POMINIĘCIE: 'ANMAR Z2 D20X2 R1 R7 lut.tom' (Brak folderu w bazie)
[2026-08-06 12:49:12] [INFO] SYMULACJA POMINIĘCIE: 'BOBEK D20 Z4 R55.tom' (Brak folderu w bazie)
[2026-08-06 12:49:12] [INFO] SYMULACJA POMINIĘCIE: 'CALVET D20 Z6 R2 R2.tom' (Brak folderu w bazie)
[2026-08-06 12:49:12] [INFO] SYMULACJA POMINIĘCIE: 'CARRIS REELS FREZ D38.1 KULA L96.5 HSS.tom' (Brak folderu w bazie)
[2026-08-06 12:49:12] [INFO] SYMULACJA POMINIĘCIE: 'CARRIS REELS FREZ D50.8 KULA L96.5 HSS.tom' (Brak folderu w bazie)
[2026-08-06 12:49:12] [INFO] SYMULACJA POMINIĘCIE: 'Carris v1.tom' (Brak folderu w bazie)
[2026-08-06 12:49:12] [INFO] SYMULACJA POMINIĘCIE: 'CERAMET FREZ D30 Z4 K120 Fazownik.tom' (Brak folderu w bazie)
[2026-08-06 12:49:12] [INFO] SYMULACJA POMINIĘCIE: 'CERMONT D21 Z6.tom' (Brak folderu w bazie)
[2026-08-06 12:49:12] [INFO] SYMULACJA POMINIĘCIE: 'CERMONT D25 Z6.tom' (Brak folderu w bazie)
[2026-08-06 12:49:12] [INFO] SYMULACJA POMINIĘCIE: 'CERMONT D29 Z6.tom' (Brak folderu w bazie)
[2026-08-06 12:49:12] [INFO] SYMULACJA POMINIĘCIE: 'D20-Z2-PROSTY _R30.tom' (Brak folderu w bazie)
[2026-08-06 12:49:12] [INFO] SYMULACJA POMINIĘCIE: 'D25 Z3.tom' (Brak folderu w bazie)
[2026-08-06 12:49:12] [INFO] SYMULACJA POMINIĘCIE: 'DREW-PROD D100 L8 Z40 K125 OSTRZENIE.tom' (Brak folderu w bazie)
[2026-08-06 12:49:12] [INFO] SYMULACJA POMINIĘCIE: 'DREW-PROD D100 L8 Z40 K125 ROWKI JAKO LEWEtom.tom' (Brak folderu w bazie)
[2026-08-06 12:49:12] [INFO] SYMULACJA POMINIĘCIE: 'DREW-PROD D100 L8 Z40 K125.tom' (Brak folderu w bazie)
[2026-08-06 12:49:12] [INFO] SYMULACJA POMINIĘCIE: 'DREWEX 10X21.2 L20  HSS.tom' (Brak folderu w bazie)
[2026-08-06 12:49:12] [INFO] SYMULACJA POMINIĘCIE: 'DREWEX 17X23 L11.5 HSS.tom' (Brak folderu w bazie)
[2026-08-06 12:49:12] [INFO] SYMULACJA POMINIĘCIE: 'DREWEX 17X23 L18 HSS.tom' (Brak folderu w bazie)
[2026-08-06 12:49:12] [INFO] SYMULACJA POMINIĘCIE: 'DREWEX D27-Z2-R3 R17 R3.tom' (Brak folderu w bazie)
[2026-08-06 12:49:12] [INFO] SYMULACJA POMINIĘCIE: 'DRUTEX D20 L34 Z4 LAMACZ.tom' (Brak folderu w bazie)
[2026-08-06 12:49:12] [INFO] SYMULACJA POMINIĘCIE: 'DRUTEX D20 L38 Z4 LAMACZ.tom' (Brak folderu w bazie)
[2026-08-06 12:49:12] [INFO] SYMULACJA POMINIĘCIE: 'EUROCOLOR D20 Z4 L18.8.tom' (Brak folderu w bazie)
[2026-08-06 12:49:12] [INFO] SYMULACJA POMINIĘCIE: 'EUROCOLOR D20 Z4 L22,8.tom' (Brak folderu w bazie)
[2026-08-06 12:49:12] [INFO] SYMULACJA POMINIĘCIE: 'EUROPROFIL-B D20x1.4 R9.tom' (Brak folderu w bazie)
[2026-08-06 12:49:12] [INFO] SYMULACJA POMINIĘCIE: 'EXPRESS D36.6 Z12 zataczany test wersja 2.tom' (Brak folderu w bazie)
[2026-08-06 12:49:12] [INFO] SYMULACJA POMINIĘCIE: 'EXPRESS D36.6 Z12 zataczany test.tom' (Brak folderu w bazie)
[2026-08-06 12:49:12] [INFO] SYMULACJA POMINIĘCIE: 'EXPRESS D36.6 Z12 zataczany.tom' (Brak folderu w bazie)
[2026-08-06 12:49:12] [INFO] SYMULACJA POMINIĘCIE: 'FARO D20 Z4.tom' (Brak folderu w bazie)
[2026-08-06 12:49:12] [INFO] SYMULACJA POMINIĘCIE: 'FARO D25 d2.78 R10 Z2.tom' (Brak folderu w bazie)
[2026-08-06 12:49:12] [INFO] SYMULACJA POMINIĘCIE: 'FLORAD Frez D25x18 Z3 .tom' (Dwuznaczność (4 folderów))
[2026-08-06 12:49:12] [INFO] SYMULACJA POMINIĘCIE: 'FOLMAX D20 Z3.tom' (Brak folderu w bazie)
[2026-08-06 12:49:12] [INFO] SYMULACJA POMINIĘCIE: 'FOLMAX D20 Z4 LEWE.tom' (Brak folderu w bazie)
[2026-08-06 12:49:12] [INFO] SYMULACJA POMINIĘCIE: 'FOLMAX D20 Z4 prawe.tom' (Brak folderu w bazie)
[2026-08-06 12:49:12] [INFO] SYMULACJA POMINIĘCIE: 'FREZWID D20 Z4  DO REHAU TOTAL 70C.tom' (Brak folderu w bazie)
[2026-08-06 12:49:12] [INFO] SYMULACJA POMINIĘCIE: 'FREZWID D20 Z4 LAMACZ JAK KSZTALT v2.tom' (Brak folderu w bazie)
[2026-08-06 12:49:12] [INFO] SYMULACJA POMINIĘCIE: 'FREZWID D20 Z4 LAMACZ JAK KSZTALT.tom' (Brak folderu w bazie)
[2026-08-06 12:49:12] [INFO] SYMULACJA POMINIĘCIE: 'FREZWID D20 Z4 NOZYK REHAU.tom' (Brak folderu w bazie)
[2026-08-06 12:49:12] [INFO] SYMULACJA POMINIĘCIE: 'FREZWID D20 Z4+4 L3.tom' (Brak folderu w bazie)
[2026-08-06 12:49:12] [INFO] SYMULACJA POMINIĘCIE: 'FREZWID D25 z4 prosty.tom' (Brak folderu w bazie)
[2026-08-06 12:49:12] [INFO] SYMULACJA POMINIĘCIE: 'FREZWID FAZOWNIK D20 Z4 K60 (PPIO).tom' (Brak folderu w bazie)
[2026-08-06 12:49:12] [INFO] SYMULACJA POMINIĘCIE: 'FREZWID FAZOWNIK D20 Z4 K80 (PPIO).tom' (Brak folderu w bazie)
[2026-08-06 12:49:12] [INFO] SYMULACJA POMINIĘCIE: 'GT TOOLS FREZ D25 Z3 L150 Lamacz.tom' (Brak folderu w bazie)
[2026-08-06 12:49:12] [INFO] SYMULACJA POMINIĘCIE: 'JOZEF BAK GALANTERIA D20-Z2-R3.tom' (Brak folderu w bazie)
[2026-08-06 12:49:12] [INFO] SYMULACJA POMINIĘCIE: 'JR OKNA FREZ D25 Z2 K-15.tom' (Brak folderu w bazie)
[2026-08-06 12:49:12] [INFO] SYMULACJA POMINIĘCIE: 'KOBAX D20 L180 Z3.tom' (Brak folderu w bazie)
[2026-08-06 12:49:12] [INFO] SYMULACJA POMINIĘCIE: 'KOCZY Z2 D38 PROFIL R5.tom' (Dwuznaczność (3 folderów))
[2026-08-06 12:49:12] [INFO] SYMULACJA POMINIĘCIE: 'KUKA FREZ D23.9 Z2 R10XR10 LOZYSKO.tom' (Brak folderu w bazie)
[2026-08-06 12:49:12] [INFO] SYMULACJA POMINIĘCIE: 'LASEK D20 profil R15 R7.tom' (Brak folderu w bazie)
[2026-08-06 12:49:12] [INFO] SYMULACJA POMINIĘCIE: 'Monawi D20 z3.tom' (Brak folderu w bazie)
[2026-08-06 12:49:12] [INFO] SYMULACJA POMINIĘCIE: 'MOSUR MONIKA D26 Z4 L50 Z4 LAMACZ.tom' (Brak folderu w bazie)
[2026-08-06 12:49:12] [INFO] SYMULACJA POMINIĘCIE: 'NATURA NASADKA D21 120 PRAWA.tom' (Brak folderu w bazie)
[2026-08-06 12:49:12] [INFO] SYMULACJA POMINIĘCIE: 'NATURA NASADKA D30 120 PRAWA.tom' (Brak folderu w bazie)
[2026-08-06 12:49:12] [INFO] SYMULACJA POMINIĘCIE: 'NM POLSKA D20 L75 Z3 LAMACZ-HW.tom' (Brak folderu w bazie)
[2026-08-06 12:49:12] [INFO] SYMULACJA POMINIĘCIE: 'OL-DANS FREZ D60 Z8 L55 HSS.tom' (Brak folderu w bazie)
[2026-08-06 12:49:12] [INFO] SYMULACJA POMINIĘCIE: 'POL-SKONE D20X12 R6 PROF.tom' (Brak folderu w bazie)
[2026-08-06 12:49:12] [INFO] SYMULACJA POMINIĘCIE: 'POLTING FOAM D28,5 z4 R10 v2.tom' (Brak folderu w bazie)
[2026-08-06 12:49:12] [INFO] SYMULACJA POMINIĘCIE: 'POLTING FOAM D28,5 z4 R10.tom' (Brak folderu w bazie)
[2026-08-06 12:49:12] [INFO] SYMULACJA POMINIĘCIE: 'POLTING FOAM D52.6 z4 R20.tom' (Brak folderu w bazie)
[2026-08-06 12:49:12] [INFO] SYMULACJA POMINIĘCIE: 'POLTING FOAM FREZ D40 Z4.tom' (Brak folderu w bazie)
[2026-08-06 12:49:12] [INFO] SYMULACJA POMINIĘCIE: 'POWER TRAFO D25 Z2 PROF R7 R6.5 LEWE poprawione.tom' (Brak folderu w bazie)
[2026-08-06 12:49:12] [INFO] SYMULACJA POMINIĘCIE: 'POWER TRAFO D25 Z2 PROF R7 R6.5 LEWE.tom' (Brak folderu w bazie)
[2026-08-06 12:49:12] [INFO] SYMULACJA POMINIĘCIE: 'POWER TRAFO D25 Z2 PROF R7 R6.5 PRAWE.tom' (Brak folderu w bazie)
[2026-08-06 12:49:12] [INFO] SYMULACJA POMINIĘCIE: 'POWER TRAFO TABATH D18.2-L32-Z4-HW S4-1832.tom' (Brak folderu w bazie)
[2026-08-06 12:49:12] [INFO] SYMULACJA POMINIĘCIE: 'POZORSKI ANDRZEJ FREZ D22 Z1 .tom' (Brak folderu w bazie)
[2026-08-06 12:49:12] [INFO] SYMULACJA POMINIĘCIE: 'PRESTIGE D20 Z3 KULA LEWO PRAWY.tom' (Brak folderu w bazie)
[2026-08-06 12:49:12] [INFO] SYMULACJA POMINIĘCIE: 'PREZMET D20 LEWA pilka 6+6 otwor.tom' (Brak folderu w bazie)
[2026-08-06 12:49:12] [INFO] SYMULACJA POMINIĘCIE: 'PREZMET D20 LEWA pilka 6+6.tom' (Dwuznaczność (4 folderów))
[2026-08-06 12:49:12] [INFO] SYMULACJA POMINIĘCIE: 'PREZMET D20 LEWA pilka ostrzenie.tom' (Brak folderu w bazie)
[2026-08-06 12:49:12] [INFO] SYMULACJA POMINIĘCIE: 'PREZMET D20 PRAWA pilka 6+6 otwor.tom' (Brak folderu w bazie)
[2026-08-06 12:49:12] [INFO] SYMULACJA POMINIĘCIE: 'PREZMET D20 PRAWA pilka 6+6.tom' (Dwuznaczność (5 folderów))
[2026-08-06 12:49:12] [INFO] SYMULACJA POMINIĘCIE: 'PREZMET D20 PRAWA pilka ostrzenie.tom' (Brak folderu w bazie)
[2026-08-06 12:49:12] [INFO] SYMULACJA POMINIĘCIE: 'PROFI-TOOL FREZ D30 Z2 K-45.tom' (Brak folderu w bazie)
[2026-08-06 12:49:12] [INFO] SYMULACJA POMINIĘCIE: 'PROFI-TOOL FREZ D30 Z2 v2 K-45.tom' (Brak folderu w bazie)
[2026-08-06 12:49:12] [INFO] SYMULACJA POMINIĘCIE: 'SCHODY TRABCZYNSKI D25 Z3 L120.tom' (Brak folderu w bazie)
[2026-08-06 12:49:12] [INFO] SYMULACJA POMINIĘCIE: 'SEGER DLA ABB FREZ D25 Z3 L20.tom' (Brak folderu w bazie)
[2026-08-06 12:49:12] [INFO] SYMULACJA POMINIĘCIE: 'SEGER DLA ABB FREZ D30 Z3 L20.tom' (Brak folderu w bazie)
[2026-08-06 12:49:12] [INFO] SYMULACJA POMINIĘCIE: 'SIRO-BIELSKO D20-Z2 KSZTALT.tom' (Brak folderu w bazie)
[2026-08-06 12:49:12] [INFO] SYMULACJA POMINIĘCIE: 'SOLTYS-DREW D30 Z3 L40.tom' (Brak folderu w bazie)
[2026-08-06 12:49:12] [INFO] SYMULACJA POMINIĘCIE: 'SONAROL D20 PRAWA pilka 6+6.tom' (Brak folderu w bazie)
[2026-08-06 12:49:12] [INFO] SYMULACJA POMINIĘCIE: 'SPERL WERKZEUGTECHNIK D20 Z10 K12,5 WSTECZNY.tom' (Brak folderu w bazie)
[2026-08-06 12:49:12] [INFO] SYMULACJA POMINIĘCIE: 'STOLAR D20-Z2-R4.5.tom' (Brak folderu w bazie)
[2026-08-06 12:49:12] [INFO] SYMULACJA POMINIĘCIE: 'STOLMACH KULA D23 Z3 R11.5 HW.tom' (Brak folderu w bazie)
[2026-08-06 12:49:12] [INFO] SYMULACJA POMINIĘCIE: 'STOLPAR FREZ D25x16x10 Z3 KSZTALT czolo kula.tom' (Brak folderu w bazie)
[2026-08-06 12:49:12] [INFO] SYMULACJA POMINIĘCIE: 'STOLPAR FREZ D25x16x10 Z3 KSZTALT czolo proste.tom' (Brak folderu w bazie)
[2026-08-06 12:49:12] [INFO] SYMULACJA POMINIĘCIE: 'SURE FREZ D4xD30 K18 Z2.tom' (Brak folderu w bazie)
[2026-08-06 12:49:12] [INFO] SYMULACJA POMINIĘCIE: 'TABATH GROUP D20 Z2 PROF R6 R5.5 lewe.tom' (Brak folderu w bazie)
[2026-08-06 12:49:12] [INFO] SYMULACJA POMINIĘCIE: 'TABATH GROUP D20 Z2 PROF R6 R5.5 PRAWE.tom' (Brak folderu w bazie)
[2026-08-06 12:49:12] [INFO] SYMULACJA POMINIĘCIE: 'TABATH GROUP D20 Z5 TEOWY HW.tom' (Brak folderu w bazie)
[2026-08-06 12:49:12] [INFO] SYMULACJA POMINIĘCIE: 'TABATH GROUP D20x16 Z4 PROFIL PRAWE.tom' (Brak folderu w bazie)
[2026-08-06 12:49:12] [INFO] SYMULACJA POMINIĘCIE: 'TABATH GROUP D21 Z5 K60 WSTECZNY.tom' (Brak folderu w bazie)
[2026-08-06 12:49:12] [INFO] SYMULACJA POMINIĘCIE: 'TABATH GROUP D25 Z2 PROF R6.5 R7 PRAWE.tom' (Brak folderu w bazie)
[2026-08-06 12:49:12] [INFO] SYMULACJA POMINIĘCIE: 'TABATH GROUP D26 Z5 TEOWY HSS.tom' (Brak folderu w bazie)
[2026-08-06 12:49:12] [INFO] SYMULACJA POMINIĘCIE: 'TABATH GROUP D26 Z5 TEOWY HW.tom' (Brak folderu w bazie)
[2026-08-06 12:49:12] [INFO] SYMULACJA POMINIĘCIE: 'TABATH GROUP D28 Z5 TEOWY R1.25 HW.tom' (Brak folderu w bazie)
[2026-08-06 12:49:12] [INFO] SYMULACJA POMINIĘCIE: 'TECHNOFORM D25 L30 NIEPRZELOTOWE.tom' (Brak folderu w bazie)
[2026-08-06 12:49:12] [INFO] SYMULACJA POMINIĘCIE: 'TRABCZYNSKI D20 Z3 LAMACZ Z R.tom' (Brak folderu w bazie)
[2026-08-06 12:49:12] [INFO] SYMULACJA POMINIĘCIE: 'TWOGU D60 Z6 LAMACZ CZOLO.tom' (Brak folderu w bazie)
[2026-08-06 12:49:12] [INFO] SYMULACJA POMINIĘCIE: 'VENTO-NASADKA-D30.tom' (Brak folderu w bazie)
[2026-08-06 12:49:12] [INFO] SYMULACJA POMINIĘCIE: 'WISNIOWSKI FREZ D20 Z2 PROF LEWE.tom' (Brak folderu w bazie)
[2026-08-06 12:49:12] [INFO] SYMULACJA POMINIĘCIE: 'WISNIOWSKI FREZ D20 Z2 PROF PRAWE.tom' (Brak folderu w bazie)
[2026-08-06 12:49:12] [INFO] SYMULACJA POMINIĘCIE: 'WISNIOWSKI FREZ D20 Z2 PROF.tom' (Brak folderu w bazie)
[2026-08-06 12:49:12] [INFO] SYMULACJA POMINIĘCIE: 'WOOD GLASS TEAM D25 L45 Z3 LAMACZ-HW.tom' (Brak folderu w bazie)
[2026-08-06 12:49:12] [INFO] SYMULACJA POMINIĘCIE: 'WOODEN WORLD FREZ D32 Z4 L2 PIŁKOWY.tom' (Brak folderu w bazie)
[2026-08-06 12:49:12] [INFO] SYMULACJA POMINIĘCIE: 'ZAKLAD MECHANICZNO REMONTOWY D23 Z3 R17.63  Z3.tom' (Brak folderu w bazie)
[2026-08-06 12:49:12] [INFO] SYMULACJA POMINIĘCIE: 'ZWARA D20-Z3 L160-HWW.tom' (Brak folderu w bazie)
[2026-08-06 12:49:12] [INFO] SYMULACJA POMINIĘCIE: 'EXPRESS BK1_1 aktualnyProfil.tom' (Brak folderu w bazie)
[2026-08-06 12:49:12] [INFO] SYMULACJA POMINIĘCIE: 'EXPRESS BK1_2 aktualnyProfil.tom' (Brak folderu w bazie)
[2026-08-06 12:49:12] [INFO] SYMULACJA POMINIĘCIE: 'EXPRESS EUP-1-aktualnyProfil.tom' (Brak folderu w bazie)
[2026-08-06 12:49:12] [INFO] SYMULACJA POMINIĘCIE: 'EXPRESS EUP-2-aktualnyProfil.tom' (Brak folderu w bazie)
[2026-08-06 12:49:12] [INFO] SYMULACJA POMINIĘCIE: 'EXPRESS EPU_1.tom' (Brak folderu w bazie)
[2026-08-06 12:49:12] [INFO] SYMULACJA POMINIĘCIE: 'EXPRESS EPU_2.tom' (Brak folderu w bazie)
[2026-08-06 12:49:12] [INFO] SYMULACJA POMINIĘCIE: 'EXPRESS EU11R_1 Z8.tom' (Brak folderu w bazie)
[2026-08-06 12:49:12] [INFO] SYMULACJA POMINIĘCIE: 'EXPRESS EU11R_1.tom' (Brak folderu w bazie)
[2026-08-06 12:49:12] [INFO] SYMULACJA POMINIĘCIE: 'EXPRESS EU5R_1 Z8.tom' (Brak folderu w bazie)
[2026-08-06 12:49:12] [INFO] SYMULACJA POMINIĘCIE: 'EXPRESS EU5R.tom' (Brak folderu w bazie)
[2026-08-06 12:49:12] [INFO] SYMULACJA POMINIĘCIE: 'EXPRESS EUP-1.tom' (Brak folderu w bazie)
[2026-08-06 12:49:12] [INFO] SYMULACJA POMINIĘCIE: 'EXPRESS EUP-2.tom' (Brak folderu w bazie)
[2026-08-06 12:49:12] [INFO] SYMULACJA POMINIĘCIE: 'EXPRESS UL-050_1bz.tom' (Brak folderu w bazie)
[2026-08-06 12:49:12] [INFO] SYMULACJA POMINIĘCIE: 'EXPRESS UL-050_2bz.tom' (Brak folderu w bazie)
[2026-08-06 12:49:12] [INFO] SYMULACJA POMINIĘCIE: 'EXPRESS 1 BK1_2.tom' (Brak folderu w bazie)
[2026-08-06 12:49:12] [INFO] SYMULACJA POMINIĘCIE: 'EXPRESS 10 UL-050._1.tom' (Brak folderu w bazie)
[2026-08-06 12:49:12] [INFO] SYMULACJA POMINIĘCIE: 'EXPRESS 2 WK55_2.tom' (Brak folderu w bazie)
[2026-08-06 12:49:12] [INFO] SYMULACJA POMINIĘCIE: 'EXPRESS 3 WK55_1.tom' (Brak folderu w bazie)
[2026-08-06 12:49:12] [INFO] SYMULACJA POMINIĘCIE: 'EXPRESS 4 TL.5_2.tom' (Brak folderu w bazie)
[2026-08-06 12:49:12] [INFO] SYMULACJA POMINIĘCIE: 'EXPRESS 5 BO_1.tom' (Brak folderu w bazie)
[2026-08-06 12:49:12] [INFO] SYMULACJA POMINIĘCIE: 'EXPRESS 6 BO_2.tom' (Brak folderu w bazie)
[2026-08-06 12:49:12] [INFO] SYMULACJA POMINIĘCIE: 'EXPRESS 7 TL.5_1.tom' (Brak folderu w bazie)
[2026-08-06 12:49:12] [INFO] SYMULACJA POMINIĘCIE: 'EXPRESS 8 BK1_1.tom' (Brak folderu w bazie)
[2026-08-06 12:49:12] [INFO] SYMULACJA POMINIĘCIE: 'EXPRESS 9 UL-050._2.tom' (Brak folderu w bazie)
[2026-08-06 12:49:12] [INFO] SYMULACJA POMINIĘCIE: 'EXPRESS D36.6 z14 ROWKI.tom' (Brak folderu w bazie)
[2026-08-06 12:49:12] [INFO] SYMULACJA POMINIĘCIE: 'DAKO 14X35 Z2.tom' (Brak folderu w bazie)
[2026-08-06 12:49:12] [INFO] SYMULACJA POMINIĘCIE: 'DAKO 14X46 Z2 test.tom' (Brak folderu w bazie)
[2026-08-06 12:49:12] [INFO] SYMULACJA POMINIĘCIE: 'DAKO 14X46 Z2.tom' (Brak folderu w bazie)
[2026-08-06 12:49:12] [INFO] SYMULACJA POMINIĘCIE: 'FARO D22X35 R6 Z2.tom' (Brak folderu w bazie)
[2026-08-06 12:49:12] [INFO] SYMULACJA POMINIĘCIE: 'BARTYN FREZ D3.5 x D8 Z2.tom' (Brak folderu w bazie)
[2026-08-06 12:49:12] [INFO] SYMULACJA POMINIĘCIE: 'DOBRY STOLARZ FREZ D3 Z3 L10.tom' (Brak folderu w bazie)
[2026-08-06 12:49:12] [INFO] SYMULACJA POMINIĘCIE: 'EUROLEDLIGHTNING D3 Z1 A1-312 NOWE.tom' (Brak folderu w bazie)
[2026-08-06 12:49:12] [INFO] SYMULACJA POMINIĘCIE: 'FENDOORS D3.5 L15 Z1  .tom' (Brak folderu w bazie)
[2026-08-06 12:49:12] [INFO] SYMULACJA POMINIĘCIE: 'FOREST D3 L10 Z1  HW POLER.tom' (Brak folderu w bazie)
[2026-08-06 12:49:12] [INFO] SYMULACJA POMINIĘCIE: 'KOBIERSKI R1.5 L35.6 15 STOPNI.tom' (Brak folderu w bazie)
[2026-08-06 12:49:12] [INFO] SYMULACJA POMINIĘCIE: 'NORDPRIM D3.2 L20 Z2 HW.tom' (Brak folderu w bazie)
[2026-08-06 12:49:12] [INFO] SYMULACJA POMINIĘCIE: 'NORDPRIM D3.2 Z2 HW.tom' (Brak folderu w bazie)
[2026-08-06 12:49:12] [INFO] SYMULACJA POMINIĘCIE: 'PEGAZ D3 Z3 L10.tom' (Brak folderu w bazie)
[2026-08-06 12:49:12] [INFO] SYMULACJA POMINIĘCIE: 'PREZS-MET D3 Z2 L12 LEWY A2-ALU.tom' (Brak folderu w bazie)
[2026-08-06 12:49:12] [INFO] SYMULACJA POMINIĘCIE: 'PREZS-MET D3 Z2 L20 LEWY A2-ALU.tom' (Brak folderu w bazie)
[2026-08-06 12:49:12] [INFO] SYMULACJA POMINIĘCIE: 'WALDEMARO D3 Z1 L15  PRAWE POLER .tom' (Brak folderu w bazie)
[2026-08-06 12:49:12] [INFO] SYMULACJA POMINIĘCIE: 'WND D3.2 Z2 LHW.tom' (Brak folderu w bazie)
[2026-08-06 12:49:12] [INFO] SYMULACJA POMINIĘCIE: 'ALUKO D4 L24 Z1 .tom' (Brak folderu w bazie)
[2026-08-06 12:49:12] [INFO] SYMULACJA POMINIĘCIE: 'ALUKO D4 Z1 L24 PRAWE POLER .tom' (Brak folderu w bazie)
[2026-08-06 12:49:12] [INFO] SYMULACJA POMINIĘCIE: 'ALWIS D4 Z1 L7 POLEROWANY.tom' (Brak folderu w bazie)
[2026-08-06 12:49:12] [INFO] SYMULACJA POMINIĘCIE: 'ATUT D4 Z1 A1-425 NG.tom' (Brak folderu w bazie)
[2026-08-06 12:49:12] [INFO] SYMULACJA POMINIĘCIE: 'D4-L20-Z1-HS-NA 80-SKLEP.tom' (Brak folderu w bazie)
[2026-08-06 12:49:12] [INFO] SYMULACJA POMINIĘCIE: 'DAJ-PLAST D4 Z1 L40 JAK WIERTLO OK.tom' (Brak folderu w bazie)
[2026-08-06 12:49:12] [INFO] SYMULACJA POMINIĘCIE: 'DAKO D4 L20 PRAWE POLER JW.tom' (Brak folderu w bazie)
[2026-08-06 12:49:12] [INFO] SYMULACJA POMINIĘCIE: 'DAKO D4 Z1 L20 PRAWE POLER n.tom' (Brak folderu w bazie)
[2026-08-06 12:49:12] [INFO] SYMULACJA OK: 'DRUTEX D2,6XD4.5 L3 Z1.tom' zakwalifikowany do '7 DRUTEX'
[2026-08-06 12:49:12] [INFO] SYMULACJA POMINIĘCIE: 'DRUTEX D3XD4 Z1.tom' (Brak folderu w bazie)
[2026-08-06 12:49:12] [INFO] SYMULACJA POMINIĘCIE: 'DRUTEX D4 Z1 L35 JAK WIERTLO OK.tom' (Brak folderu w bazie)
[2026-08-06 12:49:12] [INFO] SYMULACJA POMINIĘCIE: 'EUROLEDLIGHTING D4 Z1 A1-412 NG.tom' (Brak folderu w bazie)
[2026-08-06 12:49:12] [INFO] SYMULACJA POMINIĘCIE: 'FARO D4.4 L12 Z2.tom' (Brak folderu w bazie)
[2026-08-06 12:49:12] [INFO] SYMULACJA POMINIĘCIE: 'FENDOORS D4 L20 Z1  .tom' (Brak folderu w bazie)
[2026-08-06 12:49:12] [INFO] SYMULACJA POMINIĘCIE: 'FENDOORS D4 L20 Z1 .tom' (Brak folderu w bazie)
[2026-08-06 12:49:12] [INFO] SYMULACJA POMINIĘCIE: 'GABIT D4 L25 Z1 LUT.tom' (Brak folderu w bazie)
[2026-08-06 12:49:12] [INFO] SYMULACJA POMINIĘCIE: 'GLASS SPACE D4 Z1 A1-418 NG.tom' (Brak folderu w bazie)
[2026-08-06 12:49:12] [INFO] SYMULACJA POMINIĘCIE: 'HALUPCZOK D4.3 Z1 A1-4.320 NG.tom' (Brak folderu w bazie)
[2026-08-06 12:49:12] [INFO] SYMULACJA POMINIĘCIE: 'HALUPCZOK D4.3 Z1 A1-420 NG.tom' (Brak folderu w bazie)
[2026-08-06 12:49:12] [INFO] SYMULACJA POMINIĘCIE: 'IZABELLA LADA D4 GRAWER 45 STOPNI.tom' (Brak folderu w bazie)
[2026-08-06 12:49:12] [INFO] SYMULACJA POMINIĘCIE: 'IZO-PLAST D4 Z1 A1-416 NG.tom' (Brak folderu w bazie)
[2026-08-06 12:49:12] [INFO] SYMULACJA POMINIĘCIE: 'JARYS D4 Z1 A1-418 NOWE.tom' (Brak folderu w bazie)
[2026-08-06 12:49:12] [INFO] SYMULACJA POMINIĘCIE: 'JARYS D4 Z1 A1-425 LEWO-PRAWY NG.tom' (Brak folderu w bazie)
[2026-08-06 12:49:12] [INFO] SYMULACJA POMINIĘCIE: 'KOREM D4 Z1 A1-440 NOWE.tom' (Brak folderu w bazie)
[2026-08-06 12:49:12] [INFO] SYMULACJA POMINIĘCIE: 'M&D GROUP D4 Z1 A1-418 NG.tom' (Brak folderu w bazie)
[2026-08-06 12:49:12] [INFO] SYMULACJA POMINIĘCIE: 'MB TRADING D4 L20 Z3 A3-420 lamacz poler.tom' (Brak folderu w bazie)
[2026-08-06 12:49:12] [INFO] SYMULACJA POMINIĘCIE: 'MB TRADING D4-L13-Z3-lamacz.tom' (Brak folderu w bazie)
[2026-08-06 12:49:12] [INFO] SYMULACJA POMINIĘCIE: 'MTEHNIK D4 Z1 A1-418 NOWE.tom' (Brak folderu w bazie)
[2026-08-06 12:49:12] [INFO] SYMULACJA POMINIĘCIE: 'MULTISERW D4.6 Z2 PROF.tom' (Brak folderu w bazie)
[2026-08-06 12:49:12] [INFO] SYMULACJA POMINIĘCIE: 'NITUS D4 Z1 A1-435 NG.tom' (Brak folderu w bazie)
[2026-08-06 12:49:12] [INFO] SYMULACJA POMINIĘCIE: 'PLAS-BUD D4 L25 Z1  .tom' (Brak folderu w bazie)
[2026-08-06 12:49:12] [INFO] SYMULACJA POMINIĘCIE: 'PLAST BUD D4X15-Z1-HSS.tom' (Brak folderu w bazie)
[2026-08-06 12:49:12] [INFO] SYMULACJA POMINIĘCIE: 'PROFIMER D4 L10 Z1 .tom' (Brak folderu w bazie)
[2026-08-06 12:49:12] [INFO] SYMULACJA POMINIĘCIE: 'SURE D4 Z2 L50 36ST.tom' (Brak folderu w bazie)
[2026-08-06 12:49:12] [INFO] SYMULACJA POMINIĘCIE: 'SZCZYBELSKI D4.5 Z3 L19.tom' (Brak folderu w bazie)
[2026-08-06 12:49:12] [INFO] SYMULACJA POMINIĘCIE: 'TIMBER PLUS FREZ D4-Z2+2.tom' (Brak folderu w bazie)
[2026-08-06 12:49:12] [INFO] SYMULACJA POMINIĘCIE: 'WALDEMARO D4 Z1 L25.tom' (Brak folderu w bazie)
[2026-08-06 12:49:12] [INFO] SYMULACJA POMINIĘCIE: 'ABAKUS D5 L30 PRAWE POLER JW.tom' (Brak folderu w bazie)
[2026-08-06 12:49:12] [INFO] SYMULACJA POMINIĘCIE: 'ABAKUS D5 L34 PRAWE POLER JW.tom' (Brak folderu w bazie)
[2026-08-06 12:49:12] [INFO] SYMULACJA POMINIĘCIE: 'AKAR D5 Z1 L35 ODWOD.tom' (Brak folderu w bazie)
[2026-08-06 12:49:12] [INFO] SYMULACJA POMINIĘCIE: 'ALBUD D5 L40 Z1 HW.tom' (Brak folderu w bazie)
[2026-08-06 12:49:12] [INFO] SYMULACJA POMINIĘCIE: 'ALL WINDOWS D5 PRAWE JAK WIERTLO nowy typ.tom' (Brak folderu w bazie)
[2026-08-06 12:49:12] [INFO] SYMULACJA POMINIĘCIE: 'ALUDOR D5 Z1 L20.tom' (Brak folderu w bazie)
[2026-08-06 12:49:12] [INFO] SYMULACJA POMINIĘCIE: 'ALUKO D5 Z1 L24 PRAWE POLER .tom' (Brak folderu w bazie)
[2026-08-06 12:49:12] [INFO] SYMULACJA POMINIĘCIE: 'ALUKO D5 Z1 L24 PRAWE.tom' (Brak folderu w bazie)
[2026-08-06 12:49:12] [INFO] SYMULACJA POMINIĘCIE: 'AMMA D5 Z1 A1-545 NOWE.tom' (Brak folderu w bazie)
[2026-08-06 12:49:12] [INFO] SYMULACJA POMINIĘCIE: 'AMMA FREZ D5 Z1 L25 PRAWE F1.tom' (Brak folderu w bazie)
[2026-08-06 12:49:12] [INFO] SYMULACJA POMINIĘCIE: 'ARLANGA D5 Z1 L40 FACETY n.tom' (Brak folderu w bazie)
[2026-08-06 12:49:12] [INFO] SYMULACJA POMINIĘCIE: 'D5 Z1 FACETY POLER.tom' (Brak folderu w bazie)
[2026-08-06 12:49:12] [INFO] SYMULACJA POMINIĘCIE: 'D5 Z1 FACETY.tom' (Brak folderu w bazie)
[2026-08-06 12:49:12] [INFO] SYMULACJA POMINIĘCIE: 'D5-L25-Z3-HS.tom' (Brak folderu w bazie)
[2026-08-06 12:49:12] [INFO] SYMULACJA POMINIĘCIE: 'D5-Z1-HW-SKLEP-5-8-100-S010.tom' (Brak folderu w bazie)
[2026-08-06 12:49:12] [INFO] SYMULACJA POMINIĘCIE: 'DAKO D5 L20 PRAWE POLER JW.tom' (Brak folderu w bazie)
[2026-08-06 12:49:12] [INFO] SYMULACJA POMINIĘCIE: 'DAKO D5 L20 PRAWE.tom' (Brak folderu w bazie)
[2026-08-06 12:49:12] [INFO] SYMULACJA POMINIĘCIE: 'DAKO D5 L30 Z1 SZYJKA L52.tom' (Brak folderu w bazie)
[2026-08-06 12:49:12] [INFO] SYMULACJA POMINIĘCIE: 'DAKO D5 L35 PRAWE POLER JW.tom' (Brak folderu w bazie)
[2026-08-06 12:49:12] [INFO] SYMULACJA POMINIĘCIE: 'DAKO D5 Z1 L20 PRAWE POLER n.tom' (Brak folderu w bazie)
[2026-08-06 12:49:12] [INFO] SYMULACJA POMINIĘCIE: 'DAKO D5 Z1 L30 HW CIETY.tom' (Brak folderu w bazie)
[2026-08-06 12:49:12] [INFO] SYMULACJA POMINIĘCIE: 'DREWNOPLAST NOZYK D5 v2.tom' (Brak folderu w bazie)
[2026-08-06 12:49:12] [INFO] SYMULACJA POMINIĘCIE: 'DREWNOPLAST NOZYK D5.tom' (Brak folderu w bazie)
[2026-08-06 12:49:12] [INFO] SYMULACJA POMINIĘCIE: 'DRUTEX D5  LEWE JAK WIERTLO nowy typ.tom' (Brak folderu w bazie)
[2026-08-06 12:49:12] [INFO] SYMULACJA POMINIĘCIE: 'DRUTEX D5 PRAWE JAK WIERTLO nowy typ.tom' (Brak folderu w bazie)
[2026-08-06 12:49:12] [INFO] SYMULACJA POMINIĘCIE: 'DRUTEX D5 Z4 L35.tom' (Brak folderu w bazie)
[2026-08-06 12:49:12] [INFO] SYMULACJA POMINIĘCIE: 'EKO-OKNA D5 L30 Z1 HW LEWE.tom' (Brak folderu w bazie)
[2026-08-06 12:49:12] [INFO] SYMULACJA POMINIĘCIE: 'EKO-OKNA D5 L40 Z1 HW PRAWE.tom' (Brak folderu w bazie)
[2026-08-06 12:49:12] [INFO] SYMULACJA POMINIĘCIE: 'EKOMAX D5 L40 Z1 HW.tom' (Brak folderu w bazie)
[2026-08-06 12:49:12] [INFO] SYMULACJA POMINIĘCIE: 'EUROCOLOR D5 L30 PRAWE POLER JW.tom' (Brak folderu w bazie)
[2026-08-06 12:49:12] [INFO] SYMULACJA POMINIĘCIE: 'EUROCOLOR D5 Z1 JAK WIERTLO NOWE CZOLO.tom' (Brak folderu w bazie)
[2026-08-06 12:49:12] [INFO] SYMULACJA POMINIĘCIE: 'FAKRO D5 L25 Z1-HW.tom' (Brak folderu w bazie)
[2026-08-06 12:49:12] [INFO] SYMULACJA POMINIĘCIE: 'FAKRO MIELEC D5 Z1 L28 PRAWE POLER n.tom' (Brak folderu w bazie)
[2026-08-06 12:49:12] [INFO] SYMULACJA POMINIĘCIE: 'FARO D5 L34 PRAWE JAK WIERTLO nowy typ.tom' (Brak folderu w bazie)
[2026-08-06 12:49:12] [INFO] SYMULACJA POMINIĘCIE: 'FENDOORS D5 Z1 L20.tom' (Brak folderu w bazie)
[2026-08-06 12:49:12] [INFO] SYMULACJA POMINIĘCIE: 'FER PLAST D5-L25-Z3-HS.tom' (Brak folderu w bazie)
[2026-08-06 12:49:12] [INFO] SYMULACJA POMINIĘCIE: 'FOREST D5 L25 Z1  HW.tom' (Brak folderu w bazie)
[2026-08-06 12:49:12] [INFO] SYMULACJA POMINIĘCIE: 'FOREST D5 L25 Z1 SZYJKA 55-HW.tom' (Brak folderu w bazie)
[2026-08-06 12:49:12] [INFO] SYMULACJA POMINIĘCIE: 'FOREST D5 L30 Z1  HW POLER.tom' (Brak folderu w bazie)
[2026-08-06 12:49:12] [INFO] SYMULACJA POMINIĘCIE: 'FOREST D5 L35 SZYJKA L55 JW.tom' (Brak folderu w bazie)
[2026-08-06 12:49:12] [INFO] SYMULACJA POMINIĘCIE: 'FOREST D5 L40 Z1 HW.tom' (Brak folderu w bazie)
[2026-08-06 12:49:12] [INFO] SYMULACJA POMINIĘCIE: 'FOREST D5 Z1 FACETY POLER.tom' (Brak folderu w bazie)
[2026-08-06 12:49:12] [INFO] SYMULACJA POMINIĘCIE: 'FREZWID(PSEB) D5 L30 PRAWE JW K120.tom' (Brak folderu w bazie)
[2026-08-06 12:49:12] [INFO] SYMULACJA POMINIĘCIE: 'FREZWID(SKLEP) D5 L30 LEWE JW (WG5FSTHW02_000019 TT-028L).tom' (Brak folderu w bazie)
[2026-08-06 12:49:12] [INFO] SYMULACJA OK: 'FREZWID(SKLEP) D5 L30 PRAWE JW.tom' zakwalifikowany do 'BST-1 FREZWID'
[2026-08-06 12:49:12] [INFO] SYMULACJA POMINIĘCIE: 'FREZWID(SKLEP) D5 L30 PRAWEn.tom' (Brak folderu w bazie)
[2026-08-06 12:49:12] [INFO] SYMULACJA POMINIĘCIE: 'GLASS SPACE D5 Z1 A1-518 NG.tom' (Brak folderu w bazie)
[2026-08-06 12:49:12] [INFO] SYMULACJA POMINIĘCIE: 'HANNECARD D5,5 KSZTALT R2 R3 K10 HW.tom' (Brak folderu w bazie)
[2026-08-06 12:49:12] [INFO] SYMULACJA POMINIĘCIE: 'HANNECARD D5.5 R3xR2 L5.3.tom' (Brak folderu w bazie)
[2026-08-06 12:49:12] [INFO] SYMULACJA POMINIĘCIE: 'HENSFORD D5 L25 POLER LEWE JW.tom' (Brak folderu w bazie)
[2026-08-06 12:49:12] [INFO] SYMULACJA POMINIĘCIE: 'HENSFORD D5 L25 PRAWE JW.tom' (Brak folderu w bazie)
[2026-08-06 12:49:12] [INFO] SYMULACJA POMINIĘCIE: 'HENSFORD D5 L40 A1-ALU NV.tom' (Brak folderu w bazie)
[2026-08-06 12:49:12] [INFO] SYMULACJA POMINIĘCIE: 'HENSFORD D5 Z1 A1-540 NOWE.tom' (Brak folderu w bazie)
[2026-08-06 12:49:12] [INFO] SYMULACJA POMINIĘCIE: 'HENSFORD D5x3 L30 PRAWE JW.tom' (Brak folderu w bazie)
[2026-08-06 12:49:12] [INFO] SYMULACJA POMINIĘCIE: 'IZO-PLAST D5 Z1 A1-516 NG.tom' (Brak folderu w bazie)
[2026-08-06 12:49:12] [INFO] SYMULACJA POMINIĘCIE: 'JARYS D5 Z1 A1-518 NOWE.tom' (Brak folderu w bazie)
[2026-08-06 12:49:12] [INFO] SYMULACJA POMINIĘCIE: 'JARYS D5 Z1 A1-525 LEWO-PRAWY NG.tom' (Brak folderu w bazie)
[2026-08-06 12:49:12] [INFO] SYMULACJA POMINIĘCIE: 'JOCZ D5 Z1 L40 JW.tom' (Brak folderu w bazie)
[2026-08-06 12:49:12] [INFO] SYMULACJA POMINIĘCIE: 'JUSTA BIS FREZ D5x2.7 prawo lewy Z1.tom' (Brak folderu w bazie)
[2026-08-06 12:49:12] [INFO] SYMULACJA POMINIĘCIE: 'KM-OKNO D5 L45 Z1-HW.tom' (Brak folderu w bazie)
[2026-08-06 12:49:12] [INFO] SYMULACJA POMINIĘCIE: 'KM-OKNO D5-L45-Z2-HW.tom' (Brak folderu w bazie)
[2026-08-06 12:49:12] [INFO] SYMULACJA POMINIĘCIE: 'KONSPO D5 Z1 A1-540 NG.tom' (Brak folderu w bazie)
[2026-08-06 12:49:12] [INFO] SYMULACJA POMINIĘCIE: 'KONSPO D5 Z1 L35 PROSTY NG.tom' (Brak folderu w bazie)
[2026-08-06 12:49:12] [INFO] SYMULACJA POMINIĘCIE: 'KĘPA D5 Z4 L35.tom' (Brak folderu w bazie)
[2026-08-06 12:49:12] [INFO] SYMULACJA POMINIĘCIE: 'MARAND D5 Z1 A1-525 NOWE.tom' (Brak folderu w bazie)
[2026-08-06 12:49:12] [INFO] SYMULACJA POMINIĘCIE: 'MASTERTOM D5 Z1 A1-540 NOWE.tom' (Brak folderu w bazie)
[2026-08-06 12:49:12] [INFO] SYMULACJA POMINIĘCIE: 'MATPLAST D5 L34 PRAWE JAK WIERTLO nowy typ.tom' (Brak folderu w bazie)
[2026-08-06 12:49:12] [INFO] SYMULACJA POMINIĘCIE: 'MC OKNA D5 Z1 L40 Prawo-lewy szpic.tom' (Brak folderu w bazie)
[2026-08-06 12:49:12] [INFO] SYMULACJA POMINIĘCIE: 'MITBAU D5 L25 Z1 HW.tom' (Brak folderu w bazie)
[2026-08-06 12:49:12] [INFO] SYMULACJA POMINIĘCIE: 'MITBAU D5 Z1 L25.tom' (Brak folderu w bazie)
[2026-08-06 12:49:12] [INFO] SYMULACJA POMINIĘCIE: 'MTEHNIK D5 L20 Z1-HW.tom' (Brak folderu w bazie)
[2026-08-06 12:49:12] [INFO] SYMULACJA POMINIĘCIE: 'MTEHNIK D5 L25 Z1 STHW.tom' (Dwuznaczność (2 folderów))
[2026-08-06 12:49:12] [INFO] SYMULACJA POMINIĘCIE: 'MTEHNIK D5 L40 PRAWE JWn.tom' (Brak folderu w bazie)
[2026-08-06 12:49:12] [INFO] SYMULACJA POMINIĘCIE: 'MTEHNIK D5 Z1 L40 JW PRAWE.tom' (Brak folderu w bazie)
[2026-08-06 12:49:12] [INFO] SYMULACJA POMINIĘCIE: 'NORDPRIM D5 Z1 L45 Prawo-lewy szpic.tom' (Brak folderu w bazie)
[2026-08-06 12:49:12] [INFO] SYMULACJA POMINIĘCIE: 'OKBUD D5 L25 PRAWE POLER Jw.tom' (Brak folderu w bazie)
[2026-08-06 12:49:12] [INFO] SYMULACJA POMINIĘCIE: 'OKBUD D5 L35 PRAWE POLER JW.tom' (Brak folderu w bazie)
[2026-08-06 12:49:12] [INFO] SYMULACJA POMINIĘCIE: 'OKBUD D5 L35 PRAWE POLER MONOLIT JW.tom' (Brak folderu w bazie)
[2026-08-06 12:49:12] [INFO] SYMULACJA POMINIĘCIE: 'OKBUD D5 L35 SZYJKA L45 JW.tom' (Brak folderu w bazie)
[2026-08-06 12:49:12] [INFO] SYMULACJA POMINIĘCIE: 'OKNO-POL D5 Z1 L20 HSS.tom' (Brak folderu w bazie)
[2026-08-06 12:49:12] [INFO] SYMULACJA POMINIĘCIE: 'OKNOPLUS D5 L25 Z3 HW.tom' (Brak folderu w bazie)
[2026-08-06 12:49:12] [INFO] SYMULACJA POMINIĘCIE: 'OKNOPLUS D5 L40 Z3 HW.tom' (Brak folderu w bazie)
[2026-08-06 12:49:12] [INFO] SYMULACJA POMINIĘCIE: 'PAGEN D5 Z1 L40 PRAWE POLER n.tom' (Brak folderu w bazie)
[2026-08-06 12:49:12] [INFO] SYMULACJA POMINIĘCIE: 'PAMO D5 L25 Z3 hss.tom' (Brak folderu w bazie)
[2026-08-06 12:49:12] [INFO] SYMULACJA POMINIĘCIE: 'PAMO D5 Z1 A1-540 NOWE.tom' (Brak folderu w bazie)
[2026-08-06 12:49:12] [INFO] SYMULACJA POMINIĘCIE: 'PETECKI INVESTMENT D5 L45 PRAWE JWn.tom' (Brak folderu w bazie)
[2026-08-06 12:49:12] [INFO] SYMULACJA POMINIĘCIE: 'PETECKI INVESTMENT D5 Z1 A1-530 NOWE.tom' (Brak folderu w bazie)
[2026-08-06 12:49:12] [INFO] SYMULACJA POMINIĘCIE: 'PLAST BUD D5X16-Z1-HSS.tom' (Brak folderu w bazie)
[2026-08-06 12:49:12] [INFO] SYMULACJA POMINIĘCIE: 'PLASTBUD D5 JAK WIERTLO nowy typ.tom' (Brak folderu w bazie)
[2026-08-06 12:49:12] [INFO] SYMULACJA POMINIĘCIE: 'PLASTBUD D5 L25 Z1-HW.tom' (Brak folderu w bazie)
[2026-08-06 12:49:12] [INFO] SYMULACJA POMINIĘCIE: 'PREZMET D5 Z2 L15 LEWA.tom' (Brak folderu w bazie)
[2026-08-06 12:49:12] [INFO] SYMULACJA POMINIĘCIE: 'PREZMET D5 Z2 L15.tom' (Brak folderu w bazie)
[2026-08-06 12:49:12] [INFO] SYMULACJA POMINIĘCIE: 'PROFILINE D5.5 L35 Z1-HW.tom' (Brak folderu w bazie)
[2026-08-06 12:49:12] [INFO] SYMULACJA POMINIĘCIE: 'PROFILOPLAST D5 L27 PRAWE POLER JW.tom' (Brak folderu w bazie)
[2026-08-06 12:49:12] [INFO] SYMULACJA POMINIĘCIE: 'PROFIMER D5 L10 Z1 .tom' (Brak folderu w bazie)
[2026-08-06 12:49:12] [INFO] SYMULACJA POMINIĘCIE: 'PROFIMER D5 L20 Z1 .tom' (Brak folderu w bazie)
[2026-08-06 12:49:12] [INFO] SYMULACJA POMINIĘCIE: 'ROLETEX D5 L20 Z3.tom' (Brak folderu w bazie)
[2026-08-06 12:49:12] [INFO] SYMULACJA POMINIĘCIE: 'ROLF FENSTERBAU D5 L25 PRAWE JW.tom' (Brak folderu w bazie)
[2026-08-06 12:49:12] [INFO] SYMULACJA POMINIĘCIE: 'ROLF FENSTERBAU D5 L35 PRAWE JW.tom' (Brak folderu w bazie)
[2026-08-06 12:49:12] [INFO] SYMULACJA POMINIĘCIE: 'ROLF FENSTERBAU D5 Z1 L16 x55.tom' (Brak folderu w bazie)
[2026-08-06 12:49:12] [INFO] SYMULACJA POMINIĘCIE: 'ROLF FENSTERBAU D5 Z1 L18.tom' (Brak folderu w bazie)
[2026-08-06 12:49:12] [INFO] SYMULACJA POMINIĘCIE: 'ROLF FENSTERBAU D5 Z1 L25 x55.tom' (Brak folderu w bazie)
[2026-08-06 12:49:12] [INFO] SYMULACJA POMINIĘCIE: 'SC STROMTEH SRL D5 Z1 - A1.tom' (Brak folderu w bazie)
[2026-08-06 12:49:12] [INFO] SYMULACJA POMINIĘCIE: 'SEK MIROSLAW D5 Z1 L35 PROSTY NG.tom' (Brak folderu w bazie)
[2026-08-06 12:49:12] [INFO] SYMULACJA POMINIĘCIE: 'SEK MIROSLAW D5 Z1 L45 PROSTY NG.tom' (Brak folderu w bazie)
[2026-08-06 12:49:12] [INFO] SYMULACJA POMINIĘCIE: 'SEKO D5 Z1 A1-530 NG.tom' (Brak folderu w bazie)
[2026-08-06 12:49:12] [INFO] SYMULACJA POMINIĘCIE: 'SEKO D5 Z1 A1-535 NG.tom' (Brak folderu w bazie)
[2026-08-06 12:49:12] [INFO] SYMULACJA POMINIĘCIE: 'SEKO D5 Z2 L35 PROSTY PRZESTAWIONY-HS.tom' (Brak folderu w bazie)
[2026-08-06 12:49:12] [INFO] SYMULACJA POMINIĘCIE: 'SLASKA FABRYKA OKIEN D5 L25 JW.tom' (Brak folderu w bazie)
[2026-08-06 12:49:12] [INFO] SYMULACJA POMINIĘCIE: 'SLASKA FABRYKA OKIEN D5 L30  JW.tom' (Brak folderu w bazie)
[2026-08-06 12:49:12] [INFO] SYMULACJA POMINIĘCIE: 'SLASKA FABRYKA OKIEN D5 L30 SZYJKA JW.tom' (Brak folderu w bazie)
[2026-08-06 12:49:12] [INFO] SYMULACJA POMINIĘCIE: 'SLASKA FABRYKA OKIEN D5 L30 SZYJKA L52 JW.tom' (Brak folderu w bazie)
[2026-08-06 12:49:12] [INFO] SYMULACJA POMINIĘCIE: 'SLASKA FABRYKA OKIEN D5 L30 Z1-HW.tom' (Brak folderu w bazie)
[2026-08-06 12:49:12] [INFO] SYMULACJA POMINIĘCIE: 'SLASKA FABRYKA OKIEN D5 L35  JW.tom' (Brak folderu w bazie)
[2026-08-06 12:49:12] [INFO] SYMULACJA POMINIĘCIE: 'STOLLAR D5 L35 SZYJKA L55 JW.tom' (Brak folderu w bazie)
[2026-08-06 12:49:12] [INFO] SYMULACJA POMINIĘCIE: 'SZACH-MAT D5 Z1 A1-540 NOWE.tom' (Brak folderu w bazie)
[2026-08-06 12:49:12] [INFO] SYMULACJA POMINIĘCIE: 'UAB BALTIJOS D5 Z1 A1-540 NG.tom' (Brak folderu w bazie)
[2026-08-06 12:49:12] [INFO] SYMULACJA POMINIĘCIE: 'UNITEC D5 Z1 L45 PRAWE POLER n.tom' (Brak folderu w bazie)
[2026-08-06 12:49:12] [INFO] SYMULACJA POMINIĘCIE: 'UNITEC POLSKA D5 Z1 L35 FACETY.tom' (Brak folderu w bazie)
[2026-08-06 12:49:12] [INFO] SYMULACJA POMINIĘCIE: 'VIDOK  D5 Z1 L30 FACETY n.tom' (Brak folderu w bazie)
[2026-08-06 12:49:12] [INFO] SYMULACJA POMINIĘCIE: 'WALDEMARO D5 L35 Z4.tom' (Brak folderu w bazie)
[2026-08-06 12:49:12] [INFO] SYMULACJA POMINIĘCIE: 'WALDEMARO D5 Z1 L17 PRAWE POLER .tom' (Brak folderu w bazie)
[2026-08-06 12:49:12] [INFO] SYMULACJA POMINIĘCIE: 'WALDEMARO D5 Z1 L20  PRAWE POLER .tom' (Brak folderu w bazie)
[2026-08-06 12:49:12] [INFO] SYMULACJA POMINIĘCIE: 'WALDEMARO D5 Z4 L35.tom' (Brak folderu w bazie)
[2026-08-06 12:49:12] [INFO] SYMULACJA POMINIĘCIE: 'WISNIOWSKI D5 L30 PRAWE POLER MONOLIT JW V2.tom' (Brak folderu w bazie)
[2026-08-06 12:49:12] [INFO] SYMULACJA POMINIĘCIE: 'WISNIOWSKI D5 L30 PRAWE POLER MONOLIT JW.tom' (Brak folderu w bazie)
[2026-08-06 12:49:12] [INFO] SYMULACJA POMINIĘCIE: 'WISNIOWSKI D5 L35 PRAWE POLER MONOLIT JW.tom' (Brak folderu w bazie)
[2026-08-06 12:49:12] [INFO] SYMULACJA POMINIĘCIE: 'WOJMARPLAST D5 L35 SZYJKA JW.tom' (Brak folderu w bazie)
[2026-08-06 12:49:12] [INFO] SYMULACJA POMINIĘCIE: 'WOJMARPLAST D5 L35 SZYJKA L55 JW.tom' (Brak folderu w bazie)
[2026-08-06 12:49:12] [INFO] SYMULACJA POMINIĘCIE: 'WRZECIONO D5 Z1 L35 PROSTY NG.tom' (Brak folderu w bazie)
[2026-08-06 12:49:12] [INFO] SYMULACJA POMINIĘCIE: 'WRZECIONO D5 Z1 L45 PROSTY NG.tom' (Brak folderu w bazie)
[2026-08-06 12:49:12] [INFO] SYMULACJA POMINIĘCIE: 'WRZECIONO D5 Z1 PROSTY.tom' (Brak folderu w bazie)
[2026-08-06 12:49:12] [INFO] SYMULACJA POMINIĘCIE: 'WRZECIONO D5.2 Z1 L35 PROSTY NG.tom' (Brak folderu w bazie)
[2026-08-06 12:49:12] [INFO] SYMULACJA POMINIĘCIE: 'D5 L30 PRAWE c-land.tom' (Brak folderu w bazie)
[2026-08-06 12:49:12] [INFO] SYMULACJA POMINIĘCIE: 'D5 L30 PRAWE spirala.tom' (Brak folderu w bazie)
[2026-08-06 12:49:12] [INFO] SYMULACJA POMINIĘCIE: '10441 kapica D5 Z1 FACETY JAK WIERTLO-HW.tom' (Brak folderu w bazie)
[2026-08-06 12:49:12] [INFO] SYMULACJA POMINIĘCIE: 'ALL WINDOWS D5 JAK WIERTLO nowy typ.tom' (Brak folderu w bazie)
[2026-08-06 12:49:12] [INFO] SYMULACJA POMINIĘCIE: 'ALL WINDOWS D5 Z1 L35 JAK WIERTLO OK.tom' (Brak folderu w bazie)
[2026-08-06 12:49:12] [INFO] SYMULACJA POMINIĘCIE: 'D5-Z1-FZCETY- JAK WIERTLO.tom' (Brak folderu w bazie)
[2026-08-06 12:49:12] [INFO] SYMULACJA POMINIĘCIE: 'DRUTEX D5 Z1 L30 JAK WIERTLO OK.tom' (Brak folderu w bazie)
[2026-08-06 12:49:12] [INFO] SYMULACJA POMINIĘCIE: 'DRUTEX D5 Z1 L34 JAK WIERTLO OK.tom' (Brak folderu w bazie)
[2026-08-06 12:49:12] [INFO] SYMULACJA POMINIĘCIE: 'HENSFORD D5 Z1 FACETY JAK WIERT POLER .tom' (Brak folderu w bazie)
[2026-08-06 12:49:12] [INFO] SYMULACJA POMINIĘCIE: 'KAPICA D5 FACETY JAK WIERTLO.tom' (Brak folderu w bazie)
[2026-08-06 12:49:12] [INFO] SYMULACJA POMINIĘCIE: 'PLASTBUD D5 FACETY JAK WIERTLO ok.tom' (Brak folderu w bazie)
[2026-08-06 12:49:12] [INFO] SYMULACJA POMINIĘCIE: 'PPHU DELTA D5x3 l5.5 z2 jak wiertlo.tom' (Brak folderu w bazie)
[2026-08-06 12:49:12] [INFO] SYMULACJA OK: 'ALL WINDOWS D6 Z4 L L30 F1.0 CIETY.tom' zakwalifikowany do 'WYKONANIE MX7_ULTRA 02_07_26 20_09'
[2026-08-06 12:49:12] [INFO] SYMULACJA POMINIĘCIE: 'ALL WINDOWS D6 Z4 P L30 F1.0 CIETY.tom' (Brak folderu w bazie)
[2026-08-06 12:49:12] [INFO] SYMULACJA POMINIĘCIE: 'ALUKO D6 L24 Z1 HW POLER.tom' (Brak folderu w bazie)
[2026-08-06 12:49:12] [INFO] SYMULACJA POMINIĘCIE: 'AMMA D6 Z1 L30.tom' (Brak folderu w bazie)
[2026-08-06 12:49:12] [INFO] SYMULACJA POMINIĘCIE: 'ARM ANIELA SZUBA D6 Z4 S4-620.tom' (Brak folderu w bazie)
[2026-08-06 12:49:12] [INFO] SYMULACJA POMINIĘCIE: 'ART ELEGANCE Z3 D6 L 20 LEWY.tom' (Brak folderu w bazie)
[2026-08-06 12:49:12] [INFO] SYMULACJA POMINIĘCIE: 'BEWI D6 Z1 L30 FCTY.tom' (Brak folderu w bazie)
[2026-08-06 12:49:12] [INFO] SYMULACJA POMINIĘCIE: 'BEWI D6 Z1 L30 PRAWE.tom' (Brak folderu w bazie)
[2026-08-06 12:49:12] [INFO] SYMULACJA POMINIĘCIE: 'BEWI FREZ D6 Z2 L25 HW .tom' (Brak folderu w bazie)
[2026-08-06 12:49:12] [INFO] SYMULACJA POMINIĘCIE: 'BOGMAR BB D6 Z1 A1-615 NG.tom' (Brak folderu w bazie)
[2026-08-06 12:49:12] [INFO] SYMULACJA POMINIĘCIE: 'D6-Z1-FZCETY-Hss.tom' (Brak folderu w bazie)
[2026-08-06 12:49:12] [INFO] SYMULACJA POMINIĘCIE: 'DAKO NOZYK HW D6 .tom' (Brak folderu w bazie)
[2026-08-06 12:49:12] [INFO] SYMULACJA POMINIĘCIE: 'DRUTEX D6 L10 Z4 Lewe LC32.tom' (Brak folderu w bazie)
[2026-08-06 12:49:12] [INFO] SYMULACJA POMINIĘCIE: 'DRUTEX D6 L10 Z4 Prawe LC32.tom' (Brak folderu w bazie)
[2026-08-06 12:49:12] [INFO] SYMULACJA POMINIĘCIE: 'DRUTEX WIERTLO-D6-L15-D5PRAWE.tom' (Brak folderu w bazie)
[2026-08-06 12:49:12] [INFO] SYMULACJA POMINIĘCIE: 'EUROLEDLIGHTNING D6 Z1 A1-640 NG.tom' (Brak folderu w bazie)
[2026-08-06 12:49:12] [INFO] SYMULACJA POMINIĘCIE: 'FARO D6 Z1 A1-616 NOWE.tom' (Brak folderu w bazie)
[2026-08-06 12:49:12] [INFO] SYMULACJA POMINIĘCIE: 'FARO D6 Z2 K39 wsteczny PROFIL.tom' (Brak folderu w bazie)
[2026-08-06 12:49:12] [INFO] SYMULACJA POMINIĘCIE: 'FARO D6 Z2 L1,2.tom' (Brak folderu w bazie)
[2026-08-06 12:49:12] [INFO] SYMULACJA POMINIĘCIE: 'FARO D6 Z2 L2,5 PROFIL.tom' (Brak folderu w bazie)
[2026-08-06 12:49:12] [INFO] SYMULACJA POMINIĘCIE: 'FARO D6 Z2 PROSTY PROFIL.tom' (Brak folderu w bazie)
[2026-08-06 12:49:12] [INFO] SYMULACJA POMINIĘCIE: 'FARO D6 Z3 L21 prosty.tom' (Brak folderu w bazie)
[2026-08-06 12:49:12] [INFO] SYMULACJA POMINIĘCIE: 'FARO D6.3 Z2 LAMACZ KROTKI.tom' (Brak folderu w bazie)
[2026-08-06 12:49:12] [INFO] SYMULACJA POMINIĘCIE: 'FARO D6.4 Z2 LAMACZ KROTKItom.tom' (Brak folderu w bazie)
[2026-08-06 12:49:12] [INFO] SYMULACJA POMINIĘCIE: 'FARO KULA D6 Z2 .tom' (Brak folderu w bazie)
[2026-08-06 12:49:12] [INFO] SYMULACJA POMINIĘCIE: 'FARO KULA D6 Z2 NEGATYW.tom' (Brak folderu w bazie)
[2026-08-06 12:49:12] [INFO] SYMULACJA POMINIĘCIE: 'FENDOORS D6.5 Z1 L25.tom' (Brak folderu w bazie)
[2026-08-06 12:49:12] [INFO] SYMULACJA POMINIĘCIE: 'Frezwid D6 Z4 L v2.tom' (Brak folderu w bazie)
[2026-08-06 12:49:12] [INFO] SYMULACJA POMINIĘCIE: 'Frezwid D6 Z4 P v2.tom' (Brak folderu w bazie)
[2026-08-06 12:49:12] [INFO] SYMULACJA POMINIĘCIE: 'FREZWID FREZ D6 Z3 ZARYS.tom' (Brak folderu w bazie)
[2026-08-06 12:49:12] [INFO] SYMULACJA POMINIĘCIE: 'GLASS SPACE D6 Z1 A1-618 NG.tom' (Brak folderu w bazie)
[2026-08-06 12:49:12] [INFO] SYMULACJA POMINIĘCIE: 'HANNECARD D6 KSZTALT R2 HW.tom' (Brak folderu w bazie)
[2026-08-06 12:49:12] [INFO] SYMULACJA POMINIĘCIE: 'HANNECARD D6 KSZTALT R3 HW.tom' (Brak folderu w bazie)
[2026-08-06 12:49:12] [INFO] SYMULACJA POMINIĘCIE: 'KONAR PANYLO D6-Z3 czyszczarka 1.5 HSS.tom' (Brak folderu w bazie)
[2026-08-06 12:49:12] [INFO] SYMULACJA POMINIĘCIE: 'MB TRADING D6 L20 Z3 A3-620 lamacz poler.tom' (Brak folderu w bazie)
[2026-08-06 12:49:12] [INFO] SYMULACJA POMINIĘCIE: 'MB TRADING Noz D6 D0,5 L15 MIECZ 01.2025.tom' (Brak folderu w bazie)
[2026-08-06 12:49:12] [INFO] SYMULACJA POMINIĘCIE: 'MB TRADING Noz D6 D0,5 L25 MIECZ 01.2025.tom' (Brak folderu w bazie)
[2026-08-06 12:49:12] [INFO] SYMULACJA POMINIĘCIE: 'MB TRADING Noz D6 D0,5 L30 MIECZ 15.07.tom' (Brak folderu w bazie)
[2026-08-06 12:49:12] [INFO] SYMULACJA POMINIĘCIE: 'MTEHNIK D6 L20 Z1 .tom' (Brak folderu w bazie)
[2026-08-06 12:49:12] [INFO] SYMULACJA POMINIĘCIE: 'MTEHNIK D6 L30 Z1 .tom' (Brak folderu w bazie)
[2026-08-06 12:49:12] [INFO] SYMULACJA POMINIĘCIE: 'NADWOZIA PARTNER D6 L12 Z1 .tom' (Brak folderu w bazie)
[2026-08-06 12:49:12] [INFO] SYMULACJA POMINIĘCIE: 'NADWOZIA PARTNER D6 Z1 A1-615 NG.tom' (Brak folderu w bazie)
[2026-08-06 12:49:12] [INFO] SYMULACJA POMINIĘCIE: 'NITUS D6 Z3 L25 HSS.tom' (Brak folderu w bazie)
[2026-08-06 12:49:12] [INFO] SYMULACJA POMINIĘCIE: 'NM-POLSKA D6.5 L15 Z2 HW.tom' (Brak folderu w bazie)
[2026-08-06 12:49:12] [INFO] SYMULACJA POMINIĘCIE: 'OKNO-POL FREZ D6X3 Z2 HW .tom' (Brak folderu w bazie)
[2026-08-06 12:49:12] [INFO] SYMULACJA POMINIĘCIE: 'OKNOPOL FREZ D6.5 Z2.tom' (Brak folderu w bazie)
[2026-08-06 12:49:12] [INFO] SYMULACJA POMINIĘCIE: 'PAMO D6 L25 Z3 hss.tom' (Brak folderu w bazie)
[2026-08-06 12:49:12] [INFO] SYMULACJA POMINIĘCIE: 'PLOTCOMPLEX D6 NOZYK DO PAPIERU+SPLASZCZENIE.tom' (Brak folderu w bazie)
[2026-08-06 12:49:12] [INFO] SYMULACJA POMINIĘCIE: 'POL-SKONE FREZ D6 PRAWO-LEWY.tom' (Brak folderu w bazie)
[2026-08-06 12:49:12] [INFO] SYMULACJA POMINIĘCIE: 'POL-SKONE FREZ D6 Z2 KULA.tom' (Brak folderu w bazie)
[2026-08-06 12:49:12] [INFO] SYMULACJA POMINIĘCIE: 'PREZ-MET D6 Z3 L25 HSS.tom' (Brak folderu w bazie)
[2026-08-06 12:49:12] [INFO] SYMULACJA POMINIĘCIE: 'PRO-TECH FREZ KSZTALT 1X3X6.tom' (Brak folderu w bazie)
[2026-08-06 12:49:12] [INFO] SYMULACJA POMINIĘCIE: 'PROFILOPLAST D6 Z1 - A1 625.tom' (Brak folderu w bazie)
[2026-08-06 12:49:12] [INFO] SYMULACJA POMINIĘCIE: 'PROFIMER D6 L13 Z1 .tom' (Brak folderu w bazie)
[2026-08-06 12:49:12] [INFO] SYMULACJA POMINIĘCIE: 'SONAROL D6 L35 PRAWE JAK WIERTLO ok.tom' (Brak folderu w bazie)
[2026-08-06 12:49:12] [INFO] SYMULACJA POMINIĘCIE: 'SUPERDREW Z2+2 D6 L35.tom' (Brak folderu w bazie)
[2026-08-06 12:49:12] [INFO] SYMULACJA POMINIĘCIE: 'SZACH-MAT D6 Z1 A1-635 NOWE.tom' (Brak folderu w bazie)
[2026-08-06 12:49:12] [INFO] SYMULACJA POMINIĘCIE: 'TECHNOCAM D6.5 Z3 KULKA LOLIPOP.tom' (Brak folderu w bazie)
[2026-08-06 12:49:12] [INFO] SYMULACJA POMINIĘCIE: 'TIMBER WINDOWS D6 L20 Z2 R2.tom' (Brak folderu w bazie)
[2026-08-06 12:49:12] [INFO] SYMULACJA POMINIĘCIE: 'TMT POLIS D6 Z2+2 L 10x50.tom' (Brak folderu w bazie)
[2026-08-06 12:49:12] [INFO] SYMULACJA POMINIĘCIE: 'TOP-PLAST D6 Z4 S4-635.tom' (Brak folderu w bazie)
[2026-08-06 12:49:12] [INFO] SYMULACJA POMINIĘCIE: 'TRISTAR D6 Z3 2-STRONNY.tom' (Brak folderu w bazie)
[2026-08-06 12:49:12] [INFO] SYMULACJA POMINIĘCIE: 'TRISTAR D6 Z3 LEWY 2-STRONNY.tom' (Brak folderu w bazie)
[2026-08-06 12:49:12] [INFO] SYMULACJA POMINIĘCIE: 'UAB BALTIJOS D6 Z1 A1-614 NG.tom' (Brak folderu w bazie)
[2026-08-06 12:49:12] [INFO] SYMULACJA POMINIĘCIE: 'UNITEC D6 L20 Z1 HW POLER.tom' (Brak folderu w bazie)
[2026-08-06 12:49:12] [INFO] SYMULACJA POMINIĘCIE: 'WALDEMARO D5 Z4 S4-535.tom' (Brak folderu w bazie)
[2026-08-06 12:49:12] [INFO] SYMULACJA POMINIĘCIE: 'WALDEMARO D6 Z2 A2-630.tom' (Brak folderu w bazie)
[2026-08-06 12:49:12] [INFO] SYMULACJA POMINIĘCIE: 'WOJCIK D6 Z4 L13 S4-613.tom' (Brak folderu w bazie)
[2026-08-06 12:49:12] [INFO] SYMULACJA POMINIĘCIE: 'CALVET FREZ KULA D7 Z3 L4.3.tom' (Brak folderu w bazie)
[2026-08-06 12:49:12] [INFO] SYMULACJA POMINIĘCIE: 'D7 Z2 L17 PRAWO LEWY.tom' (Brak folderu w bazie)
[2026-08-06 12:49:12] [INFO] SYMULACJA POMINIĘCIE: 'DREWNOPLAST D7 Z2 L15 LEWO-PRAWY.tom' (Brak folderu w bazie)
[2026-08-06 12:49:12] [INFO] SYMULACJA POMINIĘCIE: 'ECUMASTER FREZ Z2 D7 45st WSTECZ.tom' (Brak folderu w bazie)
[2026-08-06 12:49:12] [INFO] SYMULACJA POMINIĘCIE: 'ESKO FREZ D7 Z2 L25.tom' (Brak folderu w bazie)
[2026-08-06 12:49:12] [INFO] SYMULACJA POMINIĘCIE: 'FILPLAST D7 z2 R3.5 PROF.tom' (Brak folderu w bazie)
[2026-08-06 12:49:12] [INFO] SYMULACJA POMINIĘCIE: 'GLASS SPACE D7 Z1 A1-714 NG.tom' (Brak folderu w bazie)
[2026-08-06 12:49:12] [INFO] SYMULACJA POMINIĘCIE: 'JARDREW D7 L65 PRZELOTOWE 60st.tom' (Brak folderu w bazie)
[2026-08-06 12:49:12] [INFO] SYMULACJA POMINIĘCIE: 'PAMO D7 Z4 L25.tom' (Brak folderu w bazie)
[2026-08-06 12:49:12] [INFO] SYMULACJA POMINIĘCIE: 'PROTECH D8 L35 PRZELOTOWE 60st.tom' (Brak folderu w bazie)
[2026-08-06 12:49:12] [INFO] SYMULACJA POMINIĘCIE: 'WALDEMARO D7 Z1 A1-740 NG.tom' (Brak folderu w bazie)
[2026-08-06 12:49:12] [INFO] SYMULACJA POMINIĘCIE: '4 HOME PLUS D8 Z1 A1-825 NOWE.tom' (Brak folderu w bazie)
[2026-08-06 12:49:12] [INFO] SYMULACJA POMINIĘCIE: '4 HOME PLUS D8 Z1 L25 PRAWEn.tom' (Brak folderu w bazie)
[2026-08-06 12:49:12] [INFO] SYMULACJA POMINIĘCIE: '4HOME D8 Z2 A2-830 .tom' (Brak folderu w bazie)
[2026-08-06 12:49:12] [INFO] SYMULACJA POMINIĘCIE: 'ABAKUS D8-Z3 czyszczarka 1.5 V2.tom' (Brak folderu w bazie)
[2026-08-06 12:49:12] [INFO] SYMULACJA POMINIĘCIE: 'ABAKUS D8-Z3 czyszczarka 1.5.tom' (Brak folderu w bazie)
[2026-08-06 12:49:12] [INFO] SYMULACJA POMINIĘCIE: 'AGAT PLUS D8 Z4 L45.tom' (Brak folderu w bazie)
[2026-08-06 12:49:12] [INFO] SYMULACJA POMINIĘCIE: 'AGAT PLUS dobra geometria D8 Z4 L45.tom' (Brak folderu w bazie)
[2026-08-06 12:49:12] [INFO] SYMULACJA POMINIĘCIE: 'ALBUD RSA D8 Z1 L19 HW POLER.tom' (Brak folderu w bazie)
[2026-08-06 12:49:12] [INFO] SYMULACJA POMINIĘCIE: 'ALBUD RSA D8 Z1 L24 HW POLER.tom' (Brak folderu w bazie)
[2026-08-06 12:49:12] [INFO] SYMULACJA POMINIĘCIE: 'ALU-FUTUR D8 Z1 A1-825 NOWE.tom' (Brak folderu w bazie)
[2026-08-06 12:49:12] [INFO] SYMULACJA POMINIĘCIE: 'ALUBAU D8 Z1 A1-814 .tom' (Brak folderu w bazie)
[2026-08-06 12:49:12] [INFO] SYMULACJA POMINIĘCIE: 'ALUKO D8 Z1 L24 PRAWE POLER n.tom' (Brak folderu w bazie)
[2026-08-06 12:49:12] [INFO] SYMULACJA POMINIĘCIE: 'ARKADA D8 Z1 A1-814 .tom' (Brak folderu w bazie)
[2026-08-06 12:49:12] [INFO] SYMULACJA POMINIĘCIE: 'BALTIJOS D8 Z1 A1-825 NOWE.tom' (Brak folderu w bazie)
[2026-08-06 12:49:12] [INFO] SYMULACJA POMINIĘCIE: 'BALTIJOS D8 Z1 A1-835 NOWE.tom' (Brak folderu w bazie)
[2026-08-06 12:49:12] [INFO] SYMULACJA POMINIĘCIE: 'BERTSCH D8 Z3 LAMACZ.tom' (Brak folderu w bazie)
[2026-08-06 12:49:12] [INFO] SYMULACJA POMINIĘCIE: 'BERTSCH FREZ D12-Z2+2 L5x22.tom' (Brak folderu w bazie)
[2026-08-06 12:49:12] [INFO] SYMULACJA POMINIĘCIE: 'BERTSCH FREZ D8-Z2+2 L5x22.tom' (Brak folderu w bazie)
[2026-08-06 12:49:12] [INFO] SYMULACJA POMINIĘCIE: 'bewi D8 Z1 L30 PRAWE.tom' (Brak folderu w bazie)
[2026-08-06 12:49:12] [INFO] SYMULACJA POMINIĘCIE: 'BEWI D8 Z2 A2-825.tom' (Brak folderu w bazie)
[2026-08-06 12:49:12] [INFO] SYMULACJA POMINIĘCIE: 'BEWI Z1 D8 L40 HW POLER.tom' (Brak folderu w bazie)
[2026-08-06 12:49:12] [INFO] SYMULACJA POMINIĘCIE: 'BEWI Z1 D8 L40 HW.tom' (Brak folderu w bazie)
[2026-08-06 12:49:12] [INFO] SYMULACJA POMINIĘCIE: 'BORKOWSKI MICHAL FREZ D8 Z2 L30.tom' (Brak folderu w bazie)
[2026-08-06 12:49:12] [INFO] SYMULACJA POMINIĘCIE: 'BRK WINDOWS D8 Z2 A2-830 .tom' (Brak folderu w bazie)
[2026-08-06 12:49:12] [INFO] SYMULACJA POMINIĘCIE: 'CALVET FREZ STOZ Z3 D8x12,19 K3 L40.tom' (Brak folderu w bazie)
[2026-08-06 12:49:12] [INFO] SYMULACJA POMINIĘCIE: 'CALVET FREZ STOZ Z3 D8x14.35 K10 L18.tom' (Brak folderu w bazie)
[2026-08-06 12:49:12] [INFO] SYMULACJA POMINIĘCIE: 'D8 L22 Z3 A3-822 DLA KACPRA.tom' (Brak folderu w bazie)
[2026-08-06 12:49:12] [INFO] SYMULACJA POMINIĘCIE: 'D8 Z1 FACETY.tom' (Brak folderu w bazie)
[2026-08-06 12:49:12] [INFO] SYMULACJA POMINIĘCIE: 'D8--Z1-HW-CZOLO POPRAWA.tom' (Brak folderu w bazie)
[2026-08-06 12:49:12] [INFO] SYMULACJA POMINIĘCIE: 'D8-L40-Z2-PROSTY PRZESTAWIONY-HW.tom' (Brak folderu w bazie)
[2026-08-06 12:49:12] [INFO] SYMULACJA POMINIĘCIE: 'D8-Z2-HSS-DRUTEX D8 Z2 (do odwodnien).tom' (Brak folderu w bazie)
[2026-08-06 12:49:12] [INFO] SYMULACJA POMINIĘCIE: 'DAK PLAST D8-L32-Z4-HW S4-830 120ST.tom' (Brak folderu w bazie)
[2026-08-06 12:49:12] [INFO] SYMULACJA POMINIĘCIE: 'DAKO D8 L35 PRAWE POLER JW.tom' (Brak folderu w bazie)
[2026-08-06 12:49:12] [INFO] SYMULACJA POMINIĘCIE: 'DAKO D8 Z1 L35 krotkie PRAWE POLER n.tom' (Brak folderu w bazie)
[2026-08-06 12:49:12] [INFO] SYMULACJA POMINIĘCIE: 'DAKO D8 Z1 L35 PRAWE POLER n.tom' (Brak folderu w bazie)
[2026-08-06 12:49:12] [INFO] SYMULACJA POMINIĘCIE: 'DAL TECH FREZ D8x6.4-Z2-HW.tom' (Brak folderu w bazie)
[2026-08-06 12:49:12] [INFO] SYMULACJA POMINIĘCIE: 'DAL TECH FREZ D8x6.5 L4.2-Z2-HW popra.tom' (Brak folderu w bazie)
[2026-08-06 12:49:12] [INFO] SYMULACJA POMINIĘCIE: 'DAL TECH FREZ D8x6.5 L4.2-Z2-HW.tom' (Brak folderu w bazie)
[2026-08-06 12:49:12] [INFO] SYMULACJA POMINIĘCIE: 'DAL TECH FREZ D8x6.5 L4.8-Z2-HW.tom' (Brak folderu w bazie)
[2026-08-06 12:49:12] [INFO] SYMULACJA OK: 'DAL TECH FREZ D8x6.5-Z2-HW.tom' zakwalifikowany do '52 DAL-TECH'
[2026-08-06 12:49:12] [INFO] SYMULACJA POMINIĘCIE: 'DAL TECH FREZ D8x8.5 L4.2-Z2-HW.tom' (Brak folderu w bazie)
[2026-08-06 12:49:12] [INFO] SYMULACJA POMINIĘCIE: 'DAL TECH FREZ D8x8.5 L4.8-Z2-HW.tom' (Brak folderu w bazie)
[2026-08-06 12:49:12] [INFO] SYMULACJA POMINIĘCIE: 'DOMLUX D8 Z1 A1-825 .tom' (Brak folderu w bazie)
[2026-08-06 12:49:12] [INFO] SYMULACJA POMINIĘCIE: 'DREWNOFORM D8 L27 Z2 PROSTY-HW.tom' (Brak folderu w bazie)
[2026-08-06 12:49:12] [INFO] SYMULACJA POMINIĘCIE: 'DREWNOFORM D8 poprawaPD.tom' (Brak folderu w bazie)
[2026-08-06 12:49:12] [INFO] SYMULACJA POMINIĘCIE: 'DREWNOSTYL D8 Z3 L22 LEWO PRAWY.tom' (Brak folderu w bazie)
[2026-08-06 12:49:12] [INFO] SYMULACJA POMINIĘCIE: 'DREWNOSTYL FREZ 8-Z2+2 L15X40.tom' (Brak folderu w bazie)
[2026-08-06 12:49:12] [INFO] SYMULACJA POMINIĘCIE: 'DRUTEX D8 Z1 L35.tom' (Brak folderu w bazie)
[2026-08-06 12:49:12] [INFO] SYMULACJA POMINIĘCIE: 'EKO-OKNA D8 Z1 A1-815 .tom' (Brak folderu w bazie)
[2026-08-06 12:49:12] [INFO] SYMULACJA POMINIĘCIE: 'FENDOORS D8 Z1 L25.tom' (Brak folderu w bazie)
[2026-08-06 12:49:12] [INFO] SYMULACJA POMINIĘCIE: 'FREZ 4+2 lewoprawy nowy z ostrzenia.tom' (Brak folderu w bazie)
[2026-08-06 12:49:12] [INFO] SYMULACJA POMINIĘCIE: 'FREZWID D8 L40 Z1.tom' (Brak folderu w bazie)
[2026-08-06 12:49:12] [INFO] SYMULACJA POMINIĘCIE: 'FREZWID D8 PRAWE JAK WIERTLO nowy typ.tom' (Brak folderu w bazie)
[2026-08-06 12:49:12] [INFO] SYMULACJA POMINIĘCIE: 'FREZWID(PSEB) FREZ D8 Z2 LEWY.tom' (Brak folderu w bazie)
[2026-08-06 12:49:12] [INFO] SYMULACJA POMINIĘCIE: 'GENERAL SERWIS D8 Z1 L19 PRAWE POLER n.tom' (Brak folderu w bazie)
[2026-08-06 12:49:12] [INFO] SYMULACJA POMINIĘCIE: 'GLASS SPACE D8 Z2 A2-830 .tom' (Brak folderu w bazie)
[2026-08-06 12:49:12] [INFO] SYMULACJA OK: 'GLOBAL DOOR D8 x D8.5 L2 Z2.tom' zakwalifikowany do '273 GLOBAL DOORS'
[2026-08-06 12:49:12] [INFO] SYMULACJA POMINIĘCIE: 'GORSKI D8 Z3 LAMACZ.tom' (Brak folderu w bazie)
[2026-08-06 12:49:12] [INFO] SYMULACJA OK: 'GRAB D8 Z3 L22 LEWO PRAWY.tom' zakwalifikowany do '875 GRAB'
[2026-08-06 12:49:12] [INFO] SYMULACJA POMINIĘCIE: 'GRAB D8 Z3 L22.tom' (Brak folderu w bazie)
[2026-08-06 12:49:12] [INFO] SYMULACJA POMINIĘCIE: 'HANNECARD D5.9 KSZTALT R3 HW.tom' (Brak folderu w bazie)
[2026-08-06 12:49:12] [INFO] SYMULACJA POMINIĘCIE: 'HENSFORD D8 Z1 FACETY.tom' (Brak folderu w bazie)
[2026-08-06 12:49:12] [INFO] SYMULACJA POMINIĘCIE: 'HENSFORT D8 Z3 L40.tom' (Brak folderu w bazie)
[2026-08-06 12:49:12] [INFO] SYMULACJA POMINIĘCIE: 'HENSFORT Z1 D8x40.tom' (Brak folderu w bazie)
[2026-08-06 12:49:12] [INFO] SYMULACJA POMINIĘCIE: 'JAKUB DRAG FREZ D8 Z2 A2-825.tom' (Brak folderu w bazie)
[2026-08-06 12:49:12] [INFO] SYMULACJA POMINIĘCIE: 'KAMPRA FREZ D8 Z2 ZARYS.tom' (Brak folderu w bazie)
[2026-08-06 12:49:12] [INFO] SYMULACJA POMINIĘCIE: 'KARO D8 Z1 L40 PRAWE POLER n.tom' (Brak folderu w bazie)
[2026-08-06 12:49:12] [INFO] SYMULACJA POMINIĘCIE: 'KROMA KRZYSZTOF FREZ D8 Z2 L4.tom' (Brak folderu w bazie)
[2026-08-06 12:49:12] [INFO] SYMULACJA POMINIĘCIE: 'MARCIN OSTROGORSKI FREZ 8-Z2+2 L10X25.tom' (Brak folderu w bazie)
[2026-08-06 12:49:12] [INFO] SYMULACJA POMINIĘCIE: 'MASTERTOM D8 Z1 A1-830 NOWE.tom' (Brak folderu w bazie)
[2026-08-06 12:49:12] [INFO] SYMULACJA POMINIĘCIE: 'MASTERTOM D8 Z1 A1-835 NOWE.tom' (Brak folderu w bazie)
[2026-08-06 12:49:12] [INFO] SYMULACJA POMINIĘCIE: 'MB TRADING D8-L22-Z3-lamacz.tom' (Brak folderu w bazie)
[2026-08-06 12:49:12] [INFO] SYMULACJA POMINIĘCIE: 'MEGA ALUMINIUM FREZ D8x5-Z2-HW.tom' (Brak folderu w bazie)
[2026-08-06 12:49:12] [INFO] SYMULACJA POMINIĘCIE: 'MITBAU D8 L24 Z1.tom' (Brak folderu w bazie)
[2026-08-06 12:49:12] [INFO] SYMULACJA POMINIĘCIE: 'MITBAU D8 Z1 L24 PRAWE n.tom' (Brak folderu w bazie)
[2026-08-06 12:49:12] [INFO] SYMULACJA POMINIĘCIE: 'NADWOZIA PART D8 Z1 L22 PRAWE POLER n.tom' (Brak folderu w bazie)
[2026-08-06 12:49:12] [INFO] SYMULACJA POMINIĘCIE: 'NADWOZIA PART D8 Z1 L22 PRAWE.tom' (Brak folderu w bazie)
[2026-08-06 12:49:12] [INFO] SYMULACJA POMINIĘCIE: 'NORDPRIM D5 L40 Z2 HW POLER V2-ALU.tom' (Brak folderu w bazie)
[2026-08-06 12:49:12] [INFO] SYMULACJA POMINIĘCIE: 'OKBUD FREZ D8 Z4 LAMACZ.tom' (Brak folderu w bazie)
[2026-08-06 12:49:12] [INFO] SYMULACJA POMINIĘCIE: 'OKNA DRZWI WITRYNY PCV D8 Z1 A1-835 .tom' (Brak folderu w bazie)
[2026-08-06 12:49:12] [INFO] SYMULACJA POMINIĘCIE: 'OKNA-DRZWI-WITRYNY PCV D8 Z1 A1-835 NOWE.tom' (Brak folderu w bazie)
[2026-08-06 12:49:12] [INFO] SYMULACJA POMINIĘCIE: 'OKNOPLAST D8-Z3 czyszczarka1.5.tom' (Brak folderu w bazie)
[2026-08-06 12:49:12] [INFO] SYMULACJA POMINIĘCIE: 'OKNOPLAST Z1 D8x110.tom' (Brak folderu w bazie)
[2026-08-06 12:49:12] [INFO] SYMULACJA POMINIĘCIE: 'OKNOPLAST-D8-NOZYK.tom' (Brak folderu w bazie)
[2026-08-06 12:49:12] [INFO] SYMULACJA POMINIĘCIE: 'ONLY ALU D8 L30 Z2 PROSTY-HSS.tom' (Brak folderu w bazie)
[2026-08-06 12:49:12] [INFO] SYMULACJA POMINIĘCIE: 'PAGEN D8 Z1 L24 PRAWE POLER n.tom' (Brak folderu w bazie)
[2026-08-06 12:49:12] [INFO] SYMULACJA POMINIĘCIE: 'PAMO D8 Z2 A2-840.tom' (Brak folderu w bazie)
[2026-08-06 12:49:12] [INFO] SYMULACJA POMINIĘCIE: 'PAMO FREZ D8 Z2 A2-835 POIP.tom' (Brak folderu w bazie)
[2026-08-06 12:49:12] [INFO] SYMULACJA POMINIĘCIE: 'PARTNER ALMA D8 Z1 L35.tom' (Brak folderu w bazie)
[2026-08-06 12:49:12] [INFO] SYMULACJA POMINIĘCIE: 'PILCH FREZ D8x5 Z2 K45 HW.tom' (Brak folderu w bazie)
[2026-08-06 12:49:12] [INFO] SYMULACJA POMINIĘCIE: 'PRESTIGE D8 Z2 R1 L20 LEWO PRAWY.tom' (Brak folderu w bazie)
[2026-08-06 12:49:12] [INFO] SYMULACJA POMINIĘCIE: 'PRESTIGE D8 Z3 KULA LEWO PRAWY.tom' (Brak folderu w bazie)
[2026-08-06 12:49:12] [INFO] SYMULACJA POMINIĘCIE: 'PRO-TECH D8 Z1 A1-825 .tom' (Brak folderu w bazie)
[2026-08-06 12:49:12] [INFO] SYMULACJA POMINIĘCIE: 'PROFIMMER D8 Z1 L15 PRAWE.tom' (Brak folderu w bazie)
[2026-08-06 12:49:12] [INFO] SYMULACJA POMINIĘCIE: 'PROFIMMER D8 Z1 L19 PRAWE.tom' (Brak folderu w bazie)
[2026-08-06 12:49:12] [INFO] SYMULACJA POMINIĘCIE: 'SINSI TECH D8 r0.2 prof.tom' (Brak folderu w bazie)
[2026-08-06 12:49:12] [INFO] SYMULACJA POMINIĘCIE: 'SLASKA FABRYKA OKIEN D8 L35 PRAWE JW.tom' (Brak folderu w bazie)
[2026-08-06 12:49:12] [INFO] SYMULACJA POMINIĘCIE: 'SMA MAGNETICS D8-L20-Z3-ALU-LEWY-c-land.tom' (Brak folderu w bazie)
[2026-08-06 12:49:12] [INFO] SYMULACJA POMINIĘCIE: 'STOLPEX D8 Z1 A1-825.tom' (Brak folderu w bazie)
[2026-08-06 12:49:12] [INFO] SYMULACJA POMINIĘCIE: 'SUPERDREW Z2+2 D8.2 L52.tom' (Brak folderu w bazie)
[2026-08-06 12:49:12] [INFO] SYMULACJA POMINIĘCIE: 'TAWO-BIS D8 Z1 L30.tom' (Brak folderu w bazie)
[2026-08-06 12:49:12] [INFO] SYMULACJA POMINIĘCIE: 'TECHNO ROM TOOLS D8 Z2 A2-830 .tom' (Brak folderu w bazie)
[2026-08-06 12:49:12] [INFO] SYMULACJA OK: 'TECHNOCAM D8.5 Z3 KULKA LOLIPOP.tom' zakwalifikowany do '586 TECHNOCAM'
[2026-08-06 12:49:12] [INFO] SYMULACJA POMINIĘCIE: 'TOMBIG D8 Z1 L30 PRAWE POLER n.tom' (Brak folderu w bazie)
[2026-08-06 12:49:12] [INFO] SYMULACJA POMINIĘCIE: 'TOP-PLAST D8 Z1 L35.tom' (Brak folderu w bazie)
[2026-08-06 12:49:12] [INFO] SYMULACJA POMINIĘCIE: 'UAB BALTIJOS D8 Z1 A1-814 NOWE.tom' (Brak folderu w bazie)
[2026-08-06 12:49:12] [INFO] SYMULACJA POMINIĘCIE: 'UNITEC D8 L15 Z1 HW POLER.tom' (Brak folderu w bazie)
[2026-08-06 12:49:12] [INFO] SYMULACJA POMINIĘCIE: 'UNITEC POLSKA D8 Z1 L15.tom' (Brak folderu w bazie)
[2026-08-06 12:49:12] [INFO] SYMULACJA POMINIĘCIE: 'WALDEMARO D8 Z2 A2-830 .tom' (Brak folderu w bazie)
[2026-08-06 12:49:12] [INFO] SYMULACJA POMINIĘCIE: 'BUCHE HOLZ D9x3 z2  profil.tom' (Brak folderu w bazie)
[2026-08-06 12:49:12] [INFO] SYMULACJA POMINIĘCIE: 'EKO-OKNA D9.5 Z1 L35 LEWE n.tom' (Brak folderu w bazie)
[2026-08-06 12:49:12] [INFO] SYMULACJA POMINIĘCIE: 'EKO-OKNA D9.5 Z1 L40 PRAWE n.tom' (Brak folderu w bazie)
[2026-08-06 12:49:12] [INFO] SYMULACJA POMINIĘCIE: 'WOMI FREZ D9 Z2 KULA.tom' (Brak folderu w bazie)
[2026-08-06 12:49:12] [INFO] SYMULACJA POMINIĘCIE: 'AMATI SZLIF CHWYTU D8 L75.tom' (Brak folderu w bazie)
[2026-08-06 12:49:12] [INFO] SYMULACJA POMINIĘCIE: 'AUMATIC 10097 D13.75 R5 K5 R1 d11.1.tom' (Brak folderu w bazie)
[2026-08-06 12:49:12] [INFO] SYMULACJA POMINIĘCIE: 'AUMATIC A563A00-01-304 D8.tom' (Brak folderu w bazie)
[2026-08-06 12:49:12] [INFO] SYMULACJA POMINIĘCIE: 'AUMATIC D6 K20 R3.tom' (Brak folderu w bazie)
[2026-08-06 12:49:12] [INFO] SYMULACJA POMINIĘCIE: 'AUMATIC D6 K4 R3.tom' (Brak folderu w bazie)
[2026-08-06 12:49:12] [INFO] SYMULACJA POMINIĘCIE: 'AUMATIC D6 R3 R1 .tom' (Brak folderu w bazie)
[2026-08-06 12:49:12] [INFO] SYMULACJA POMINIĘCIE: 'AUMATIC ST-TL311739-DET-067.tom' (Brak folderu w bazie)
[2026-08-06 12:49:12] [INFO] SYMULACJA POMINIĘCIE: 'AUMATIC ST-TL311739-DET-091.tom' (Brak folderu w bazie)
[2026-08-06 12:49:12] [INFO] SYMULACJA POMINIĘCIE: 'AUMATIC ST-TL311739-DET-149.tom' (Brak folderu w bazie)
[2026-08-06 12:49:12] [INFO] SYMULACJA POMINIĘCIE: 'AUTOMATIC PIN ZAGNIOTU A643A00-01-20411 L32.tom' (Brak folderu w bazie)
[2026-08-06 12:49:12] [INFO] SYMULACJA POMINIĘCIE: 'AUTOMATIC PIN ZAGNIOTU D2.7 z cieciem L25.tom' (Brak folderu w bazie)
[2026-08-06 12:49:12] [INFO] SYMULACJA POMINIĘCIE: 'AUTOMATIC PIN ZAGNIOTU D2.7 z cieciem L32.tom' (Brak folderu w bazie)
[2026-08-06 12:49:12] [INFO] SYMULACJA POMINIĘCIE: 'AUTOMATIC PIN ZAGNIOTU dupka.tom' (Brak folderu w bazie)
[2026-08-06 12:49:12] [INFO] SYMULACJA POMINIĘCIE: 'BORGWARNER B8 0600 1335390.tom' (Brak folderu w bazie)
[2026-08-06 12:49:12] [INFO] SYMULACJA POMINIĘCIE: 'BORGWARNER F7 6009 1047526 stozek K50.tom' (Brak folderu w bazie)
[2026-08-06 12:49:12] [INFO] SYMULACJA POMINIĘCIE: 'CHWYT D20 z D30.tom' (Brak folderu w bazie)
[2026-08-06 12:49:12] [INFO] SYMULACJA POMINIĘCIE: 'CHWYTY D10 LUTOWANE.tom' (Brak folderu w bazie)
[2026-08-06 12:49:12] [INFO] SYMULACJA POMINIĘCIE: 'CHWYTY D16 LUTOWANE.tom' (Brak folderu w bazie)
[2026-08-06 12:49:12] [INFO] SYMULACJA POMINIĘCIE: 'CHWYTY D8 LUTOWANE.tom' (Brak folderu w bazie)
[2026-08-06 12:49:12] [INFO] SYMULACJA POMINIĘCIE: 'CHWYTY D8 porawa dlugosci.tom' (Brak folderu w bazie)
[2026-08-06 12:49:12] [INFO] SYMULACJA POMINIĘCIE: 'D5 bicie.tom' (Brak folderu w bazie)
[2026-08-06 12:49:12] [INFO] SYMULACJA POMINIĘCIE: 'DESITECH DT1978-04-01-015.tom' (Brak folderu w bazie)
[2026-08-06 12:49:12] [INFO] SYMULACJA POMINIĘCIE: 'DREW-AND D36 K15 wstecz.tom' (Brak folderu w bazie)
[2026-08-06 12:49:12] [INFO] SYMULACJA POMINIĘCIE: 'DRUTEX SZLIF CHWYTU-D15-L45-Z3.tom' (Brak folderu w bazie)
[2026-08-06 12:49:12] [INFO] SYMULACJA POMINIĘCIE: 'DRUTEX WIERTLO D6x5 L15 PILOTY.tom' (Brak folderu w bazie)
[2026-08-06 12:49:12] [INFO] SYMULACJA POMINIĘCIE: 'DUPKI D6 DO NOZY.tom' (Brak folderu w bazie)
[2026-08-06 12:49:12] [INFO] SYMULACJA POMINIĘCIE: 'ELZBIECIAK ROBERT WIERTLO D8 OPUSZCZENIE.tom' (Brak folderu w bazie)
[2026-08-06 12:49:12] [INFO] SYMULACJA POMINIĘCIE: 'ENBOTIC D16 R30 K8.17 R1.tom' (Brak folderu w bazie)
[2026-08-06 12:49:12] [INFO] SYMULACJA POMINIĘCIE: 'FRAMTECH SZPIC D10.tom' (Brak folderu w bazie)
[2026-08-06 12:49:12] [INFO] SYMULACJA POMINIĘCIE: 'FRAMTECH SZPIC D6.5.tom' (Brak folderu w bazie)
[2026-08-06 12:49:12] [INFO] SYMULACJA POMINIĘCIE: 'FRAMTECH SZPIC skos 5st D10.tom' (Brak folderu w bazie)
[2026-08-06 12:49:12] [INFO] SYMULACJA POMINIĘCIE: 'FRAMTECH SZPIC skos 5st D6,5.tom' (Brak folderu w bazie)
[2026-08-06 12:49:12] [INFO] SYMULACJA POMINIĘCIE: 'MABIT  28574_01-P01-6260 COFNIECIE + FAZKA.tom' (Brak folderu w bazie)
[2026-08-06 12:49:12] [INFO] SYMULACJA POMINIĘCIE: 'MABIT .tom' (Brak folderu w bazie)
[2026-08-06 12:49:12] [INFO] SYMULACJA POMINIĘCIE: 'MABIT 28574_01-P01-6265.tom' (Brak folderu w bazie)
[2026-08-06 12:49:12] [INFO] SYMULACJA POMINIĘCIE: 'MABIT 28575_01-P03-1013.tom' (Brak folderu w bazie)
[2026-08-06 12:49:12] [INFO] SYMULACJA OK: 'MABIT 28575_01-P03-1014.tom' zakwalifikowany do '428 MABIT'
[2026-08-06 12:49:12] [INFO] SYMULACJA OK: 'MABIT 28575_01-P03-1014_1_7.tom' zakwalifikowany do '428 MABIT'
[2026-08-06 12:49:12] [INFO] SYMULACJA POMINIĘCIE: 'MABIT 28575_01-P06-1050.tom' (Brak folderu w bazie)
[2026-08-06 12:49:12] [INFO] SYMULACJA POMINIĘCIE: 'MABIT 30483_01-P02-5024.tom' (Brak folderu w bazie)
[2026-08-06 12:49:12] [INFO] SYMULACJA POMINIĘCIE: 'MABIT DIN7979 D8 R0.5 K25 R0.5.tom' (Brak folderu w bazie)
[2026-08-06 12:49:12] [INFO] SYMULACJA POMINIĘCIE: 'MABIT dupka d6 x d3.tom' (Brak folderu w bazie)
[2026-08-06 12:49:12] [INFO] SYMULACJA POMINIĘCIE: 'PRAKTIC MOD D2 x 1.56 L8tom.tom' (Brak folderu w bazie)
[2026-08-06 12:49:12] [INFO] SYMULACJA POMINIĘCIE: 'PREZMET 4+4 CHWYTY D8.tom' (Brak folderu w bazie)
[2026-08-06 12:49:12] [INFO] SYMULACJA POMINIĘCIE: 'PREZMET 6+6 CHWYTY.tom' (Brak folderu w bazie)
[2026-08-06 12:49:12] [INFO] SYMULACJA POMINIĘCIE: 'PREZMET 6+6 TYL.tom' (Brak folderu w bazie)
[2026-08-06 12:49:12] [INFO] SYMULACJA POMINIĘCIE: 'SURE D30 CHWYT D12.tom' (Brak folderu w bazie)
[2026-08-06 12:49:12] [INFO] SYMULACJA POMINIĘCIE: 'SZLIF D8.tom' (Brak folderu w bazie)
[2026-08-06 12:49:12] [INFO] SYMULACJA POMINIĘCIE: 'TEAM TECHNIK PIN PROWADZACY D15.tom' (Brak folderu w bazie)
[2026-08-06 12:49:12] [INFO] SYMULACJA POMINIĘCIE: 'TECHNOFORM CHWYT D13.tom' (Brak folderu w bazie)
[2026-08-06 12:49:12] [INFO] SYMULACJA POMINIĘCIE: 'TWOGU TRZPIEN 1.8X7.tom' (Brak folderu w bazie)
[2026-08-06 12:49:12] [INFO] SYMULACJA POMINIĘCIE: 'TWOGU TRZPIEN CHWYT.tom' (Brak folderu w bazie)
[2026-08-06 12:49:12] [INFO] SYMULACJA POMINIĘCIE: 'VALEO 375-007 R2.5 D5.8.tom' (Brak folderu w bazie)
[2026-08-06 12:49:12] [INFO] SYMULACJA POMINIĘCIE: 'VALEO A22-2068-002-224-004.tom' (Brak folderu w bazie)
[2026-08-06 12:49:12] [INFO] SYMULACJA POMINIĘCIE: 'VALEO AMP 010-000-006.tom' (Brak folderu w bazie)
[2026-08-06 12:49:12] [INFO] SYMULACJA POMINIĘCIE: 'VALEO AMP 013-000-006.tom' (Brak folderu w bazie)
[2026-08-06 12:49:12] [INFO] SYMULACJA POMINIĘCIE: 'VALEO AMP 088 2021-000-006.tom' (Brak folderu w bazie)
[2026-08-06 12:49:12] [INFO] SYMULACJA POMINIĘCIE: 'VALEO AS4-ST1-0002-01-06 TRZEPIEN TULEI WELDON.tom' (Brak folderu w bazie)
[2026-08-06 12:49:12] [INFO] SYMULACJA POMINIĘCIE: 'VALEO AS4-ST1-0002-01-06 TRZEPIEN TULEI.tom' (Brak folderu w bazie)
[2026-08-06 12:49:12] [INFO] SYMULACJA POMINIĘCIE: 'VALEO AS4-ST1-0002-01-06.tom' (Brak folderu w bazie)
[2026-08-06 12:49:12] [INFO] SYMULACJA POMINIĘCIE: 'VALEO AW900 Rolka MR1.ST6.02.05_1V2.tom' (Dwuznaczność (2 folderów))
[2026-08-06 12:49:12] [INFO] SYMULACJA POMINIĘCIE: 'VALEO D14 B07716 000001.tom' (Brak folderu w bazie)
[2026-08-06 12:49:12] [INFO] SYMULACJA POMINIĘCIE: 'VALEO F0 4.09.01.tom' (Brak folderu w bazie)
[2026-08-06 12:49:12] [INFO] SYMULACJA POMINIĘCIE: 'VALEO PUSHER D3 korekta -0,4mm.tom' (Brak folderu w bazie)
[2026-08-06 12:49:12] [INFO] SYMULACJA POMINIĘCIE: 'VALEO PUSHER D3.tom' (Brak folderu w bazie)
[2026-08-06 12:49:12] [INFO] SYMULACJA POMINIĘCIE: 'VALEO VWS.AS3.019 R1.95 D4.9.tom' (Brak folderu w bazie)
[2026-08-06 12:49:12] [INFO] SYMULACJA POMINIĘCIE: 'WALDEMARO SZYJKA PROMIEN.tom' (Brak folderu w bazie)
[2026-08-06 12:49:12] [INFO] SYMULACJA POMINIĘCIE: '4x8 L25.tom' (Brak folderu w bazie)
[2026-08-06 12:49:12] [INFO] SYMULACJA POMINIĘCIE: '5x8 L25.tom' (Brak folderu w bazie)
[2026-08-06 12:49:12] [INFO] SYMULACJA POMINIĘCIE: '5x8 L35.tom' (Brak folderu w bazie)
[2026-08-06 12:49:12] [INFO] SYMULACJA POMINIĘCIE: '5x8 L45.tom' (Brak folderu w bazie)
[2026-08-06 12:49:12] [INFO] SYMULACJA POMINIĘCIE: 'MB TRADING D6-L13-Z3-lamacz.tom' (Brak folderu w bazie)
[2026-08-06 12:49:12] [INFO] SYMULACJA POMINIĘCIE: 'MB TRADING Noz D6 D0,5 MIECZ POLEROWANY.tom' (Brak folderu w bazie)
[2026-08-06 12:49:12] [INFO] SYMULACJA POMINIĘCIE: 'MB TRADING Noz Oscylacyjny D6 D0,8 POLEROWANY.tom' (Brak folderu w bazie)
[2026-08-06 12:49:12] [INFO] SYMULACJA POMINIĘCIE: 'MB TRADING Noz Oscylacyjny D6 D0,8 v2.tom' (Brak folderu w bazie)
[2026-08-06 12:49:12] [INFO] SYMULACJA POMINIĘCIE: 'MB TRADING Noz Oscylacyjny D6 D0,8.tom' (Brak folderu w bazie)
[2026-08-06 12:49:12] [INFO] SYMULACJA POMINIĘCIE: '10 st do 20 st.tom' (Brak folderu w bazie)
[2026-08-06 12:49:12] [INFO] SYMULACJA POMINIĘCIE: 'ALUMNI SRL Z4 D12 LAMACZ.tom' (Brak folderu w bazie)
[2026-08-06 12:49:12] [INFO] SYMULACJA POMINIĘCIE: 'BARTYN D3.5 Z2 KULA MOD .tom' (Brak folderu w bazie)
[2026-08-06 12:49:12] [INFO] SYMULACJA POMINIĘCIE: 'bartyn kula v2.tom' (Brak folderu w bazie)
[2026-08-06 12:49:12] [INFO] SYMULACJA POMINIĘCIE: 'BARTYN TEST.tom' (Brak folderu w bazie)
[2026-08-06 12:49:12] [INFO] SYMULACJA POMINIĘCIE: 'BELMAFLEX TEST CZOLA.tom' (Brak folderu w bazie)
[2026-08-06 12:49:12] [INFO] SYMULACJA POMINIĘCIE: 'd10 z4 czolo r0.5.tom' (Brak folderu w bazie)
[2026-08-06 12:49:12] [INFO] SYMULACJA POMINIĘCIE: 'D12 Z4 PRZEROBKA NA R1.tom' (Brak folderu w bazie)
[2026-08-06 12:49:12] [INFO] SYMULACJA POMINIĘCIE: 'd6z4 r0.5.tom' (Brak folderu w bazie)
[2026-08-06 12:49:12] [INFO] SYMULACJA POMINIĘCIE: 'D8-Z1-25 stopni-HSS-SKLEP.tom' (Brak folderu w bazie)
[2026-08-06 12:49:12] [INFO] SYMULACJA POMINIĘCIE: 'dawid frez 30 stopni.tom' (Brak folderu w bazie)
[2026-08-06 12:49:12] [INFO] SYMULACJA POMINIĘCIE: 'DLA KACPRA D20 Z3 R1 R2.tom' (Brak folderu w bazie)
[2026-08-06 12:49:12] [INFO] SYMULACJA POMINIĘCIE: 'DLA KACPRA D3 L15 Z2.tom' (Brak folderu w bazie)
[2026-08-06 12:49:12] [INFO] SYMULACJA POMINIĘCIE: 'DRUTEX WIERTLO D6x5 L15x40 K120 prawe PILOT.tom' (Brak folderu w bazie)
[2026-08-06 12:49:12] [INFO] SYMULACJA POMINIĘCIE: 'FARO D12,5-NIEPRZELOTOWE-PRAWE.tom' (Brak folderu w bazie)
[2026-08-06 12:49:12] [INFO] SYMULACJA POMINIĘCIE: 'faro test.tom' (Brak folderu w bazie)
[2026-08-06 12:49:12] [INFO] SYMULACJA POMINIĘCIE: 'FREZ 10 STOPNI.tom' (Brak folderu w bazie)
[2026-08-06 12:49:12] [INFO] SYMULACJA POMINIĘCIE: 'FREZ BIAŁY D30 R5 R2.tom' (Brak folderu w bazie)
[2026-08-06 12:49:12] [INFO] SYMULACJA POMINIĘCIE: 'frez d10 z4 r3 wewnetrzny.tom' (Brak folderu w bazie)
[2026-08-06 12:49:12] [INFO] SYMULACJA POMINIĘCIE: 'FREZ D5 Z1 HSS GLAD .tom' (Brak folderu w bazie)
[2026-08-06 12:49:12] [INFO] SYMULACJA POMINIĘCIE: 'FREZ D8 Z1 HSS GLAD .tom' (Brak folderu w bazie)
[2026-08-06 12:49:12] [INFO] SYMULACJA POMINIĘCIE: 'frez z3 6.5 stopnia.tom' (Brak folderu w bazie)
[2026-08-06 12:49:12] [INFO] SYMULACJA POMINIĘCIE: 'GOLD DREW d7 pilot.tom' (Brak folderu w bazie)
[2026-08-06 12:49:12] [INFO] SYMULACJA POMINIĘCIE: 'JOZEF BAK GALANTERIA D20 Z2 R3.tom' (Brak folderu w bazie)
[2026-08-06 12:49:12] [INFO] SYMULACJA POMINIĘCIE: 'kacper d5 z2 l6 r1 45 st.tom' (Brak folderu w bazie)
[2026-08-06 12:49:12] [INFO] SYMULACJA POMINIĘCIE: 'KACPER PANEK D8 Z4 CZOLO R0.5.tom' (Brak folderu w bazie)
[2026-08-06 12:49:12] [INFO] SYMULACJA POMINIĘCIE: 'KACPER PANEK D8 Z4 CZOLO R1.tom' (Brak folderu w bazie)
[2026-08-06 12:49:12] [INFO] SYMULACJA POMINIĘCIE: 'KEYLITE FREZ D5 L35 K70 POLER.tom' (Brak folderu w bazie)
[2026-08-06 12:49:12] [INFO] SYMULACJA POMINIĘCIE: 'KOCZY D8-Z2 FREZ KAT60-OSTRZENIE.tom' (Brak folderu w bazie)
[2026-08-06 12:49:12] [INFO] SYMULACJA POMINIĘCIE: 'kula d 16 lewo prawa.tom' (Brak folderu w bazie)
[2026-08-06 12:49:12] [INFO] SYMULACJA POMINIĘCIE: 'ostrzenie wiertlo d3 conL v2.tom' (Brak folderu w bazie)
[2026-08-06 12:49:12] [INFO] SYMULACJA POMINIĘCIE: 'Pawel przerobka d2r0.4.tom' (Brak folderu w bazie)
[2026-08-06 12:49:12] [INFO] SYMULACJA POMINIĘCIE: 'PILOT 7 DOROBIENIE.tom' (Brak folderu w bazie)
[2026-08-06 12:49:12] [INFO] SYMULACJA POMINIĘCIE: 'PREZMET D20 LEWA pilka 6+6.tom' (Dwuznaczność (4 folderów))
[2026-08-06 12:49:12] [INFO] SYMULACJA POMINIĘCIE: 'PREZMET wzor.tom' (Brak folderu w bazie)
[2026-08-06 12:49:12] [INFO] SYMULACJA POMINIĘCIE: 'szlif uchwytu.tom' (Brak folderu w bazie)
[2026-08-06 12:49:12] [INFO] SYMULACJA POMINIĘCIE: 'TABATH GROUP D21 Z5 K60 WSTECZNY.tom' (Brak folderu w bazie)
[2026-08-06 12:49:12] [INFO] SYMULACJA POMINIĘCIE: 'TABATH GROUP D26 Z5 TEOWY HW.tom' (Brak folderu w bazie)
[2026-08-06 12:49:12] [INFO] SYMULACJA POMINIĘCIE: 'weldon uniwersal.tom' (Brak folderu w bazie)
[2026-08-06 12:49:12] [INFO] SYMULACJA POMINIĘCIE: 'WIERTLO 3 conR gash normal +multi.tom' (Brak folderu w bazie)
[2026-08-06 12:49:12] [INFO] SYMULACJA POMINIĘCIE: 'z2 r3.5 wewnetrzny.tom' (Brak folderu w bazie)
[2026-08-06 12:49:12] [INFO] SYMULACJA POMINIĘCIE: 'DRUTEX D8-L30-Z2-HSS do odw.tom' (Brak folderu w bazie)
[2026-08-06 12:49:12] [INFO] SYMULACJA POMINIĘCIE: 'D8 Z1 L35 SZYJ OSOBNO HW.tom' (Brak folderu w bazie)
[2026-08-06 12:49:12] [INFO] SYMULACJA POMINIĘCIE: 'A1-ALU.tom' (Brak folderu w bazie)
[2026-08-06 12:49:12] [INFO] SYMULACJA POMINIĘCIE: 'A2-ALU.tom' (Brak folderu w bazie)
[2026-08-06 12:49:12] [INFO] SYMULACJA POMINIĘCIE: 'F1-ALU.tom' (Dwuznaczność (12 folderów))
[2026-08-06 12:49:12] [INFO] SYMULACJA POMINIĘCIE: 'O1-ALU.tom' (Dwuznaczność (19 folderów))
[2026-08-06 12:49:12] [INFO] SYMULACJA POMINIĘCIE: 'z4 zmienna spirala za długa.tom' (Brak folderu w bazie)
[2026-08-06 12:49:12] [INFO] SYMULACJA POMINIĘCIE: 'D4 L20 Z1 DRUTEX ODWOD.tom' (Brak folderu w bazie)
[2026-08-06 12:49:12] [INFO] SYMULACJA POMINIĘCIE: 'D5 Z1 L35 SKLEP(UNITEC) HW.tom' (Brak folderu w bazie)
[2026-08-06 12:49:12] [INFO] SYMULACJA POMINIĘCIE: 'D5 Z1 L35 SKLEP(UNITEC) popr HW.tom' (Brak folderu w bazie)
[2026-08-06 12:49:12] [INFO] SYMULACJA POMINIĘCIE: 'WOMI KULA D7 Z2 R3.5 .tom' (Brak folderu w bazie)
[2026-08-06 12:49:12] [INFO] SYMULACJA POMINIĘCIE: 'WOMI KULA D7 Z2 R3.5 v2 .tom' (Brak folderu w bazie)
[2026-08-06 12:49:12] [INFO] SYMULACJA POMINIĘCIE: 'd4 z2 prosty przestawiony ostrzenie.tom' (Brak folderu w bazie)
[2026-08-06 12:49:12] [INFO] SYMULACJA POMINIĘCIE: 'D6 Z2 1 DL.tom' (Brak folderu w bazie)
[2026-08-06 12:49:12] [INFO] SYMULACJA POMINIĘCIE: 'FREZ D12 Z8.tom' (Brak folderu w bazie)
[2026-08-06 12:49:12] [INFO] SYMULACJA POMINIĘCIE: 'FREZ D14 Z4 HSS czolo 0dl.tom' (Brak folderu w bazie)
[2026-08-06 12:49:12] [INFO] SYMULACJA POMINIĘCIE: 'FREZ D16 Z4 HSS czolo 0dl.tom' (Brak folderu w bazie)
[2026-08-06 12:49:12] [INFO] SYMULACJA POMINIĘCIE: 'FREZ D20 Z4 0dl.tom' (Brak folderu w bazie)
[2026-08-06 12:49:12] [INFO] SYMULACJA POMINIĘCIE: 'FREZ D8 Z2 1 dl HSS.tom' (Brak folderu w bazie)
[2026-08-06 12:49:12] [INFO] SYMULACJA POMINIĘCIE: 'FREZ NPOL Z3 D10.4xD16.tom' (Brak folderu w bazie)
[2026-08-06 12:49:12] [INFO] SYMULACJA POMINIĘCIE: 'FREZWID kula D20 Z3.tom' (Brak folderu w bazie)
[2026-08-06 12:49:12] [INFO] SYMULACJA POMINIĘCIE: 'POL-SKONE REKLAMACJA OSTRZEENIE.tom' (Brak folderu w bazie)
[2026-08-06 12:49:12] [INFO] SYMULACJA POMINIĘCIE: 'PRESTIGE D20 Z3 KULA LEWO PRAWY.tom' (Brak folderu w bazie)
[2026-08-06 12:49:12] [INFO] SYMULACJA POMINIĘCIE: 'WIERTLO 10 conR 140 stopni.tom' (Brak folderu w bazie)
[2026-08-06 12:49:12] [INFO] SYMULACJA POMINIĘCIE: 'mielnik natalia.tom' (Brak folderu w bazie)
[2026-08-06 12:49:12] [INFO] SYMULACJA POMINIĘCIE: 'z3 step r3 r5.tom' (Brak folderu w bazie)
[2026-08-06 12:49:12] [INFO] SYMULACJA POMINIĘCIE: ' D6.5 Z4 KULKA LOLIPOP.tom' (Brak folderu w bazie)
[2026-08-06 12:49:12] [INFO] SYMULACJA POMINIĘCIE: 'BETULINA D31-D25-Z4.tom' (Brak folderu w bazie)
[2026-08-06 12:49:12] [INFO] SYMULACJA POMINIĘCIE: 'D12XD10L10XD6L15.tom' (Brak folderu w bazie)
[2026-08-06 12:49:12] [INFO] SYMULACJA POMINIĘCIE: 'DREWNOPLAST NOZYK.tom' (Brak folderu w bazie)
[2026-08-06 12:49:12] [INFO] SYMULACJA POMINIĘCIE: 'FARO V2 — kopia.tom' (Brak folderu w bazie)
[2026-08-06 12:49:12] [INFO] SYMULACJA POMINIĘCIE: 'FARO V2.tom' (Brak folderu w bazie)
[2026-08-06 12:49:12] [INFO] SYMULACJA POMINIĘCIE: 'FARO WIERTLO D5,5x11.tom' (Brak folderu w bazie)
[2026-08-06 12:49:12] [INFO] SYMULACJA POMINIĘCIE: 'fazownik D6 45st.tom' (Brak folderu w bazie)
[2026-08-06 12:49:12] [INFO] SYMULACJA POMINIĘCIE: 'fazownik z2 D16 150 stopni.tom' (Brak folderu w bazie)
[2026-08-06 12:49:12] [INFO] SYMULACJA POMINIĘCIE: 'fazownik z4 D12 czolo r1 v2.tom' (Brak folderu w bazie)
[2026-08-06 12:49:12] [INFO] SYMULACJA POMINIĘCIE: 'fazownik z4 D12 czolo r1.tom' (Brak folderu w bazie)
[2026-08-06 12:49:12] [INFO] SYMULACJA POMINIĘCIE: 'fazownik z4 D16 43stopni.tom' (Brak folderu w bazie)
[2026-08-06 12:49:12] [INFO] SYMULACJA POMINIĘCIE: 'JANECZEK ZS D12 Z2.tom' (Brak folderu w bazie)
[2026-08-06 12:49:12] [INFO] SYMULACJA POMINIĘCIE: 'lolipop kacper d4 test.tom' (Brak folderu w bazie)
[2026-08-06 12:49:12] [INFO] SYMULACJA POMINIĘCIE: 'lolipop kacper d4.tom' (Brak folderu w bazie)
[2026-08-06 12:49:12] [INFO] SYMULACJA POMINIĘCIE: 'lolipop kacper d6.tom' (Brak folderu w bazie)
[2026-08-06 12:49:12] [INFO] SYMULACJA POMINIĘCIE: 'lolipop kacper v2 d4.tom' (Brak folderu w bazie)
[2026-08-06 12:49:12] [INFO] SYMULACJA POMINIĘCIE: 'lolipop pp d10 z3.tom' (Brak folderu w bazie)
[2026-08-06 12:49:12] [INFO] SYMULACJA POMINIĘCIE: 'lolipop pp d6 z3.tom' (Brak folderu w bazie)
[2026-08-06 12:49:12] [INFO] SYMULACJA POMINIĘCIE: 'MABIT 28575_01-P03-1014.tom TESTY.tom' (Brak folderu w bazie)
[2026-08-06 12:49:12] [INFO] SYMULACJA POMINIĘCIE: 'NORWOOD D4Xx9X9.5 PRAWE NIEPRZELOT HS.tom' (Brak folderu w bazie)
[2026-08-06 12:49:12] [INFO] SYMULACJA POMINIĘCIE: 'NORWOOD D4Xx9X9.5 PRAWE NIEPRZELOT.tom' (Brak folderu w bazie)
[2026-08-06 12:49:12] [INFO] SYMULACJA POMINIĘCIE: 'pin prowadzacy valeo.tom' (Brak folderu w bazie)
[2026-08-06 12:49:12] [INFO] SYMULACJA POMINIĘCIE: 'poglebiacz 37.5 przerobka ppacek.tom' (Brak folderu w bazie)
[2026-08-06 12:49:12] [INFO] SYMULACJA POMINIĘCIE: 'POL SKONE D8.5 L75 LEWE NIEPRZELOTOWE V2 TEST.tom' (Brak folderu w bazie)
[2026-08-06 12:49:12] [INFO] SYMULACJA POMINIĘCIE: 'PREZ-MET D6 Z3 L25 HSS.tom' (Brak folderu w bazie)
[2026-08-06 12:49:12] [INFO] SYMULACJA POMINIĘCIE: 'PRO-TECH 3,6x 7,3 PRAWE NIEPRZELOTOWE test.tom' (Brak folderu w bazie)
[2026-08-06 12:49:13] [INFO] SYMULACJA POMINIĘCIE: 'PRO-TECH D4.5x10 120st.tom' (Brak folderu w bazie)
[2026-08-06 12:49:13] [INFO] SYMULACJA POMINIĘCIE: 'r3 r3.tom' (Brak folderu w bazie)
[2026-08-06 12:49:13] [INFO] SYMULACJA POMINIĘCIE: 'STOLBAR D10 Z2 R3 L6.tom' (Brak folderu w bazie)
[2026-08-06 12:49:13] [INFO] SYMULACJA POMINIĘCIE: 'szlif uchwytu.tom' (Brak folderu w bazie)
[2026-08-06 12:49:13] [INFO] SYMULACJA POMINIĘCIE: 'szlifierka prosta frez d10 prosty.tom' (Brak folderu w bazie)
[2026-08-06 12:49:13] [INFO] SYMULACJA POMINIĘCIE: 'szlifierka prosta frez d10 stozek .tom' (Brak folderu w bazie)
[2026-08-06 12:49:13] [INFO] SYMULACJA POMINIĘCIE: 'test KULKA LOLIPOP.tom' (Brak folderu w bazie)
[2026-08-06 12:49:13] [INFO] SYMULACJA POMINIĘCIE: 'FARO PRZELOT.tom' (Brak folderu w bazie)
[2026-08-06 12:49:13] [INFO] SYMULACJA POMINIĘCIE: 'frezwid d7 stal.tom' (Brak folderu w bazie)
[2026-08-06 12:49:13] [INFO] SYMULACJA POMINIĘCIE: 'GLASS SPACE D8X 4,5 PILOT PRZELOTOWE.tom' (Brak folderu w bazie)
[2026-08-06 12:49:13] [INFO] SYMULACJA POMINIĘCIE: 'POCIECHA WIERTLO 2+2 NIEPZRZELOTOWE.tom' (Brak folderu w bazie)
[2026-08-06 12:49:13] [INFO] SYMULACJA POMINIĘCIE: 'TECHNO ROM TOOLS D6X12 KLAMKA V1.tom' (Brak folderu w bazie)
[2026-08-06 12:49:13] [INFO] SYMULACJA POMINIĘCIE: 'TECHNO ROM TOOLS KLAMKA D12X6 V2.tom' (Brak folderu w bazie)
[2026-08-06 12:49:13] [INFO] SYMULACJA POMINIĘCIE: 'WIERTLO-D9.5-43-D9-12-D4-16-NIEPRZELOTOWE.tom' (Brak folderu w bazie)
[2026-08-06 12:49:13] [INFO] SYMULACJA POMINIĘCIE: '4CTS WIERTLO-FREZ- D20-L50-Z4-CZOLO KAT120.tom' (Brak folderu w bazie)
[2026-08-06 12:49:13] [INFO] SYMULACJA POMINIĘCIE: 'BAROCKA WIERTLO D12.8x7 PRAWE NIEPRZELOTOWE ostrzenie.tom' (Brak folderu w bazie)
[2026-08-06 12:49:13] [INFO] SYMULACJA POMINIĘCIE: 'BOBEK D20 Z4 R55 OSTRZENIE.tom' (Brak folderu w bazie)
[2026-08-06 12:49:13] [INFO] SYMULACJA POMINIĘCIE: 'D10 Z4 R2.tom' (Brak folderu w bazie)
[2026-08-06 12:49:13] [INFO] SYMULACJA POMINIĘCIE: 'D20 LEWA pilka 6+6.tom' (Dwuznaczność (6 folderów))
[2026-08-06 12:49:13] [INFO] SYMULACJA POMINIĘCIE: 'D20 PRAWA pilka 6+6.tom' (Dwuznaczność (7 folderów))
[2026-08-06 12:49:13] [INFO] SYMULACJA POMINIĘCIE: 'D4 GRAWER 45 STOPNI.tom' (Brak folderu w bazie)
[2026-08-06 12:49:13] [INFO] SYMULACJA POMINIĘCIE: 'D4 GRAWER 90 STOPNI.tom' (Brak folderu w bazie)
[2026-08-06 12:49:13] [INFO] SYMULACJA POMINIĘCIE: 'D5 Z1 FACETY poprawwa.tom' (Brak folderu w bazie)
[2026-08-06 12:49:13] [INFO] SYMULACJA POMINIĘCIE: 'D8 Z2-PROSTY PRZESTAWIONY-HW.tom' (Brak folderu w bazie)
[2026-08-06 12:49:13] [INFO] SYMULACJA POMINIĘCIE: 'Dailycraft v2.tom' (Brak folderu w bazie)
[2026-08-06 12:49:13] [INFO] SYMULACJA POMINIĘCIE: 'DRE FREZ D14 Z2 ostrzenie.tom' (Brak folderu w bazie)
[2026-08-06 12:49:13] [INFO] SYMULACJA POMINIĘCIE: 'DRE FREZ D14 Z2 REklamacja nowy.tom' (Brak folderu w bazie)
[2026-08-06 12:49:13] [INFO] SYMULACJA POMINIĘCIE: 'DRE FREZ D14 Z2 REklamacja.tom' (Brak folderu w bazie)
[2026-08-06 12:49:13] [INFO] SYMULACJA POMINIĘCIE: 'FAKRO D40 Z6 EfRake 11st.tom' (Brak folderu w bazie)
[2026-08-06 12:49:13] [INFO] SYMULACJA POMINIĘCIE: 'frez 5st Z3.tom' (Brak folderu w bazie)
[2026-08-06 12:49:13] [INFO] SYMULACJA POMINIĘCIE: 'frez 5st.tom' (Brak folderu w bazie)
[2026-08-06 12:49:13] [INFO] SYMULACJA POMINIĘCIE: 'frez 7st wsteczny.tom' (Brak folderu w bazie)
[2026-08-06 12:49:13] [INFO] SYMULACJA POMINIĘCIE: 'frez 7st.tom' (Brak folderu w bazie)
[2026-08-06 12:49:13] [INFO] SYMULACJA POMINIĘCIE: 'FREZ D14 Z4 przerobka.tom' (Brak folderu w bazie)
[2026-08-06 12:49:13] [INFO] SYMULACJA POMINIĘCIE: 'FREZ D5 Z1 HSS .tom' (Brak folderu w bazie)
[2026-08-06 12:49:13] [INFO] SYMULACJA POMINIĘCIE: 'FREZ D5 Z1 JW LEWE poprawa.tom' (Brak folderu w bazie)
[2026-08-06 12:49:13] [INFO] SYMULACJA POMINIĘCIE: 'frez do kluczy AP.tom' (Brak folderu w bazie)
[2026-08-06 12:49:13] [INFO] SYMULACJA POMINIĘCIE: 'FREZ NPOL Z2 D8,1xD11,8.tom' (Brak folderu w bazie)
[2026-08-06 12:49:13] [INFO] SYMULACJA POMINIĘCIE: 'FREZ NPOL Z3 D10.4xD16.tom' (Brak folderu w bazie)
[2026-08-06 12:49:13] [INFO] SYMULACJA POMINIĘCIE: 'FREZ NPOL Z3 D5.4xD9,8.tom' (Brak folderu w bazie)
[2026-08-06 12:49:13] [INFO] SYMULACJA POMINIĘCIE: 'FREZWID FREZ D16 Z2 30st x 3.5 prosty.tom' (Brak folderu w bazie)
[2026-08-06 12:49:13] [INFO] SYMULACJA POMINIĘCIE: 'FREZWID FREZ D16 Z2 30st x 5.5 prosty.tom' (Brak folderu w bazie)
[2026-08-06 12:49:13] [INFO] SYMULACJA POMINIĘCIE: 'FREZWID FREZ D20 Z3 30st x 5.5.tom' (Brak folderu w bazie)
[2026-08-06 12:49:13] [INFO] SYMULACJA POMINIĘCIE: 'FREZWID FREZ D20 Z4 30st x 5.5.tom' (Brak folderu w bazie)
[2026-08-06 12:49:13] [INFO] SYMULACJA POMINIĘCIE: 'FREZWID(SKLEP) D5 L30 LEWE JW POPRAWEA.tom' (Brak folderu w bazie)
[2026-08-06 12:49:13] [INFO] SYMULACJA POMINIĘCIE: 'FREZWID_GNIAZDO d9.2x16 l2.9.tom' (Brak folderu w bazie)
[2026-08-06 12:49:13] [INFO] SYMULACJA POMINIĘCIE: 'gwintownik D8.2 szyjka.tom' (Brak folderu w bazie)
[2026-08-06 12:49:13] [INFO] SYMULACJA POMINIĘCIE: 'HANNECARD D6 KSZTALT R3 HW.tom' (Brak folderu w bazie)
[2026-08-06 12:49:13] [INFO] SYMULACJA POMINIĘCIE: 'HANNECARD D6 KSZTALT R3 kat10st HW.tom' (Brak folderu w bazie)
[2026-08-06 12:49:13] [INFO] SYMULACJA POMINIĘCIE: 'HANNECARD D6 KSZTALT R3 kat6st HW.tom' (Brak folderu w bazie)
[2026-08-06 12:49:13] [INFO] SYMULACJA POMINIĘCIE: 'KOCZY D8-Z2 FREZ KAT60-OSTRZENIE.tom' (Brak folderu w bazie)
[2026-08-06 12:49:13] [INFO] SYMULACJA POMINIĘCIE: 'KULA D6 Z3 LEWO PRAWY ostrzenie.tom' (Brak folderu w bazie)
[2026-08-06 12:49:13] [INFO] SYMULACJA POMINIĘCIE: 'MALPISZON WIERTLO D12 K60 PRZELOTOWE OSTRZENIE.tom' (Brak folderu w bazie)
[2026-08-06 12:49:13] [INFO] SYMULACJA POMINIĘCIE: 'MASLACH WIERTLO d22 czolo.tom' (Brak folderu w bazie)
[2026-08-06 12:49:13] [INFO] SYMULACJA POMINIĘCIE: 'MB TRADING D16xd8 przerobka.tom' (Brak folderu w bazie)
[2026-08-06 12:49:13] [INFO] SYMULACJA POMINIĘCIE: 'MEJZA ostrzenie D12 R2 R2.5 Z2.tom' (Brak folderu w bazie)
[2026-08-06 12:49:13] [INFO] SYMULACJA POMINIĘCIE: 'NEWFORM FREZ Z16 D112 OSTRZENIE OD L50.tom' (Brak folderu w bazie)
[2026-08-06 12:49:13] [INFO] SYMULACJA OK: 'NEWFORM FREZ Z16 D112 OSTRZENIE OD L90.tom' zakwalifikowany do 'ZS-XXX NEWFORM L90'
[2026-08-06 12:49:13] [INFO] SYMULACJA POMINIĘCIE: 'NEWFORM FREZ Z16 D112 OSTRZENIE p2.tom' (Brak folderu w bazie)
[2026-08-06 12:49:13] [INFO] SYMULACJA POMINIĘCIE: 'NEWFORM FREZ Z16 D112 OSTRZENIE.tom' (Brak folderu w bazie)
[2026-08-06 12:49:13] [INFO] SYMULACJA POMINIĘCIE: 'OKNO-POL FREZ D6X3 Z2 HW ostrzenie .tom' (Brak folderu w bazie)
[2026-08-06 12:49:13] [INFO] SYMULACJA POMINIĘCIE: 'ostrzenie MEJZA D12 R2 R2.5 Z2.tom' (Brak folderu w bazie)
[2026-08-06 12:49:13] [INFO] SYMULACJA POMINIĘCIE: 'OSTRZENIE TOOLMAR R5.5.tom' (Brak folderu w bazie)
[2026-08-06 12:49:13] [INFO] SYMULACJA POMINIĘCIE: 'PANTERA TOOLING PILOT D4,2 L10 (BEZ OSTRZY).tom' (Brak folderu w bazie)
[2026-08-06 12:49:13] [INFO] SYMULACJA POMINIĘCIE: 'PANTERA TOOLING PILOT D4,2 L10 (NORMALNY).tom' (Brak folderu w bazie)
[2026-08-06 12:49:13] [INFO] SYMULACJA POMINIĘCIE: 'plytki ostrzenie.tom' (Brak folderu w bazie)
[2026-08-06 12:49:13] [INFO] SYMULACJA POMINIĘCIE: 'POL SKONE D12-Z4-PRAWO LEWY_R8.tom' (Brak folderu w bazie)
[2026-08-06 12:49:13] [INFO] SYMULACJA POMINIĘCIE: 'PRESTIGE D16 Z2 R1 L20 LEWO PRAWY OSTRZENIE.tom' (Brak folderu w bazie)
[2026-08-06 12:49:13] [INFO] SYMULACJA POMINIĘCIE: 'PRESTIGE KULA D16 Z3 LEWO PRAWY.tom' (Brak folderu w bazie)
[2026-08-06 12:49:13] [INFO] SYMULACJA POMINIĘCIE: 'PRESTIGE KULA D8 Z3 LEWO PRAWY ostrzenie.tom' (Brak folderu w bazie)
[2026-08-06 12:49:13] [INFO] SYMULACJA POMINIĘCIE: 'ROZWIERTAK D12 Z8 OSTRZENIE.tom' (Brak folderu w bazie)
[2026-08-06 12:49:13] [INFO] SYMULACJA POMINIĘCIE: 'ROZWIERTAK D25 Z OSTRZENIE.tom' (Brak folderu w bazie)
[2026-08-06 12:49:13] [INFO] SYMULACJA POMINIĘCIE: 'ROZWIERTAK D30 Z10 OSTRZENIE.tom' (Brak folderu w bazie)
[2026-08-06 12:49:13] [INFO] SYMULACJA POMINIĘCIE: 'TRADYCJA OSTRZENIE D5x3 Z1  FACETY.tom' (Brak folderu w bazie)
[2026-08-06 12:49:13] [INFO] SYMULACJA POMINIĘCIE: 'WIERTLO POD KLAMKE-D12-PILOT 6NA6-LEWE poprawa.tom' (Brak folderu w bazie)
[2026-08-06 12:49:13] [INFO] SYMULACJA POMINIĘCIE: 'Z4 90stopni czolo na freza.tom' (Brak folderu w bazie)
[2026-08-06 12:49:13] [INFO] SYMULACJA POMINIĘCIE: 'D10 Z5.tom' (Brak folderu w bazie)
[2026-08-06 12:49:13] [INFO] SYMULACJA POMINIĘCIE: 'D22 z6 hss.tom' (Brak folderu w bazie)
[2026-08-06 12:49:13] [INFO] SYMULACJA POMINIĘCIE: 'D8 PRAWE JAK WIERTLO nowy typ.tom' (Brak folderu w bazie)
[2026-08-06 12:49:13] [INFO] SYMULACJA POMINIĘCIE: 'FARO OSTRZENIE 4+2 prawe.tom' (Brak folderu w bazie)
[2026-08-06 12:49:13] [INFO] SYMULACJA POMINIĘCIE: 'FARO OSTRZENIE 4+2.tom' (Brak folderu w bazie)
[2026-08-06 12:49:13] [INFO] SYMULACJA POMINIĘCIE: 'FARO OSTRZENIE 6+3.tom' (Brak folderu w bazie)
[2026-08-06 12:49:13] [INFO] SYMULACJA POMINIĘCIE: 'FREZ D10 Z1.tom' (Brak folderu w bazie)
[2026-08-06 12:49:13] [INFO] SYMULACJA POMINIĘCIE: 'FREZ D10 Z2 KULA.tom' (Brak folderu w bazie)
[2026-08-06 12:49:13] [INFO] SYMULACJA POMINIĘCIE: 'FREZ D10 Z2.tom' (Brak folderu w bazie)
[2026-08-06 12:49:13] [INFO] SYMULACJA POMINIĘCIE: 'FREZ D10 Z3 lewe.tom' (Brak folderu w bazie)
[2026-08-06 12:49:13] [INFO] SYMULACJA POMINIĘCIE: 'FREZ D10 Z3 prawolewe.tom' (Brak folderu w bazie)
[2026-08-06 12:49:13] [INFO] SYMULACJA POMINIĘCIE: 'FREZ D10 Z3.tom' (Brak folderu w bazie)
[2026-08-06 12:49:13] [INFO] SYMULACJA POMINIĘCIE: 'FREZ D10 Z4.tom' (Brak folderu w bazie)
[2026-08-06 12:49:13] [INFO] SYMULACJA POMINIĘCIE: 'FREZ D10 Z5.tom' (Brak folderu w bazie)
[2026-08-06 12:49:13] [INFO] SYMULACJA POMINIĘCIE: 'FREZ D10-Z2+2 t.tom' (Brak folderu w bazie)
[2026-08-06 12:49:13] [INFO] SYMULACJA POMINIĘCIE: 'FREZ D11.6 Z2 KULA prxzerobka.tom' (Brak folderu w bazie)
[2026-08-06 12:49:13] [INFO] SYMULACJA POMINIĘCIE: 'FREZ D12 Z2 KULA.tom' (Brak folderu w bazie)
[2026-08-06 12:49:13] [INFO] SYMULACJA POMINIĘCIE: 'FREZ D12 Z2.tom' (Brak folderu w bazie)
[2026-08-06 12:49:13] [INFO] SYMULACJA POMINIĘCIE: 'FREZ D12 Z3 prawolewe.tom' (Brak folderu w bazie)
[2026-08-06 12:49:13] [INFO] SYMULACJA POMINIĘCIE: 'FREZ D12 Z3.tom' (Brak folderu w bazie)
[2026-08-06 12:49:13] [INFO] SYMULACJA POMINIĘCIE: 'FREZ D12 Z4 NASZE dorabianie łamacza.tom' (Brak folderu w bazie)
[2026-08-06 12:49:13] [INFO] SYMULACJA POMINIĘCIE: 'FREZ D12 Z4 NASZE.tom' (Brak folderu w bazie)
[2026-08-06 12:49:13] [INFO] SYMULACJA POMINIĘCIE: 'FREZ D12 Z4.tom' (Brak folderu w bazie)
[2026-08-06 12:49:13] [INFO] SYMULACJA POMINIĘCIE: 'FREZ D12 Z5.tom' (Brak folderu w bazie)
[2026-08-06 12:49:13] [INFO] SYMULACJA POMINIĘCIE: 'FREZ D12 Z6 do twardych.tom' (Brak folderu w bazie)
[2026-08-06 12:49:13] [INFO] SYMULACJA POMINIĘCIE: 'FREZ D12-Z2+2 t.tom' (Brak folderu w bazie)
[2026-08-06 12:49:13] [INFO] SYMULACJA POMINIĘCIE: 'FREZ D12-Z2+2 test.tom' (Brak folderu w bazie)
[2026-08-06 12:49:13] [INFO] SYMULACJA POMINIĘCIE: 'FREZ D12-Z2+4 t.tom' (Brak folderu w bazie)
[2026-08-06 12:49:13] [INFO] SYMULACJA POMINIĘCIE: 'FREZ D12-Z3+3 test.tom' (Brak folderu w bazie)
[2026-08-06 12:49:13] [INFO] SYMULACJA POMINIĘCIE: 'FREZ D14 Z2 POLER.tom' (Brak folderu w bazie)
[2026-08-06 12:49:13] [INFO] SYMULACJA POMINIĘCIE: 'FREZ D14 Z2.tom' (Brak folderu w bazie)
[2026-08-06 12:49:13] [INFO] SYMULACJA POMINIĘCIE: 'FREZ D14 Z3.tom' (Brak folderu w bazie)
[2026-08-06 12:49:13] [INFO] SYMULACJA POMINIĘCIE: 'FREZ D14 Z4 .tom' (Brak folderu w bazie)
[2026-08-06 12:49:13] [INFO] SYMULACJA POMINIĘCIE: 'FREZ D14 Z4 HSS.tom' (Brak folderu w bazie)
[2026-08-06 12:49:13] [INFO] SYMULACJA POMINIĘCIE: 'FREZ D16 Z3 0dl.tom' (Brak folderu w bazie)
[2026-08-06 12:49:13] [INFO] SYMULACJA POMINIĘCIE: 'FREZ D16 Z3 lewe czolo.tom' (Brak folderu w bazie)
[2026-08-06 12:49:13] [INFO] SYMULACJA POMINIĘCIE: 'FREZ D16 Z3 lewo PRAWE.tom' (Brak folderu w bazie)
[2026-08-06 12:49:13] [INFO] SYMULACJA POMINIĘCIE: 'FREZ D16 Z3+3 LEWE.tom' (Brak folderu w bazie)
[2026-08-06 12:49:13] [INFO] SYMULACJA POMINIĘCIE: 'FREZ D16 Z3+3.tom' (Brak folderu w bazie)
[2026-08-06 12:49:13] [INFO] SYMULACJA POMINIĘCIE: 'FREZ D16 Z3.tom' (Brak folderu w bazie)
[2026-08-06 12:49:13] [INFO] SYMULACJA POMINIĘCIE: 'FREZ D16 Z4 HSS.tom' (Brak folderu w bazie)
[2026-08-06 12:49:13] [INFO] SYMULACJA POMINIĘCIE: 'FREZ D16 Z4 lamacz.tom' (Brak folderu w bazie)
[2026-08-06 12:49:13] [INFO] SYMULACJA POMINIĘCIE: 'FREZ D16 Z4 NASZE.tom' (Brak folderu w bazie)
[2026-08-06 12:49:13] [INFO] SYMULACJA POMINIĘCIE: 'FREZ D16 Z4.tom' (Brak folderu w bazie)
[2026-08-06 12:49:13] [INFO] SYMULACJA POMINIĘCIE: 'FREZ D16-Z2+2 t.tom' (Brak folderu w bazie)
[2026-08-06 12:49:13] [INFO] SYMULACJA POMINIĘCIE: 'FREZ D18 Z3.tom' (Brak folderu w bazie)
[2026-08-06 12:49:13] [INFO] SYMULACJA POMINIĘCIE: 'FREZ D18 Z4.tom' (Brak folderu w bazie)
[2026-08-06 12:49:13] [INFO] SYMULACJA POMINIĘCIE: 'FREZ D20 Z2.tom' (Brak folderu w bazie)
[2026-08-06 12:49:13] [INFO] SYMULACJA POMINIĘCIE: 'FREZ D20 Z3 LEWE.tom' (Brak folderu w bazie)
[2026-08-06 12:49:13] [INFO] SYMULACJA POMINIĘCIE: 'FREZ D20 Z3 LEWo prawe.tom' (Brak folderu w bazie)
[2026-08-06 12:49:13] [INFO] SYMULACJA POMINIĘCIE: 'FREZ D20 Z3.tom' (Brak folderu w bazie)
[2026-08-06 12:49:13] [INFO] SYMULACJA POMINIĘCIE: 'FREZ D20 Z4.tom' (Brak folderu w bazie)
[2026-08-06 12:49:13] [INFO] SYMULACJA POMINIĘCIE: 'FREZ D20 Z8.tom' (Brak folderu w bazie)
[2026-08-06 12:49:13] [INFO] SYMULACJA POMINIĘCIE: 'FREZ D24 Z2.tom' (Brak folderu w bazie)
[2026-08-06 12:49:13] [INFO] SYMULACJA POMINIĘCIE: 'FREZ D25 Z3.tom' (Brak folderu w bazie)
[2026-08-06 12:49:13] [INFO] SYMULACJA POMINIĘCIE: 'FREZ D25 Z6 HS.tom' (Brak folderu w bazie)
[2026-08-06 12:49:13] [INFO] SYMULACJA POMINIĘCIE: 'FREZ D3 Z1.tom' (Brak folderu w bazie)
[2026-08-06 12:49:13] [INFO] SYMULACJA POMINIĘCIE: 'FREZ D30 Z3  test.tom' (Brak folderu w bazie)
[2026-08-06 12:49:13] [INFO] SYMULACJA POMINIĘCIE: 'FREZ D30 Z3.tom' (Brak folderu w bazie)
[2026-08-06 12:49:13] [INFO] SYMULACJA POMINIĘCIE: 'FREZ D4 Z2.tom' (Brak folderu w bazie)
[2026-08-06 12:49:13] [INFO] SYMULACJA POMINIĘCIE: 'FREZ D4 Z3.tom' (Brak folderu w bazie)
[2026-08-06 12:49:13] [INFO] SYMULACJA POMINIĘCIE: 'FREZ D4 Z4 twarde.tom' (Brak folderu w bazie)
[2026-08-06 12:49:13] [INFO] SYMULACJA POMINIĘCIE: 'FREZ D4 Z4.tom' (Brak folderu w bazie)
[2026-08-06 12:49:13] [INFO] SYMULACJA POMINIĘCIE: 'FREZ D40 Z3.tom' (Brak folderu w bazie)
[2026-08-06 12:49:13] [INFO] SYMULACJA POMINIĘCIE: 'FREZ D5 Z1 JAK WIERTLO nowy typ LEWE.tom' (Brak folderu w bazie)
[2026-08-06 12:49:13] [INFO] SYMULACJA POMINIĘCIE: 'FREZ D5 Z1 JAK WIERTLO nowy typ.tom' (Brak folderu w bazie)
[2026-08-06 12:49:13] [INFO] SYMULACJA POMINIĘCIE: 'FREZ D5 Z1.tom' (Brak folderu w bazie)
[2026-08-06 12:49:13] [INFO] SYMULACJA POMINIĘCIE: 'FREZ D5 Z2 KULA.tom' (Brak folderu w bazie)
[2026-08-06 12:49:13] [INFO] SYMULACJA POMINIĘCIE: 'FREZ D5 Z2.tom' (Brak folderu w bazie)
[2026-08-06 12:49:13] [INFO] SYMULACJA POMINIĘCIE: 'FREZ D5 Z3.tom' (Brak folderu w bazie)
[2026-08-06 12:49:13] [INFO] SYMULACJA POMINIĘCIE: 'FREZ D6 Z1 HSS .tom' (Brak folderu w bazie)
[2026-08-06 12:49:13] [INFO] SYMULACJA POMINIĘCIE: 'FREZ D6 Z2 KULA.tom' (Brak folderu w bazie)
[2026-08-06 12:49:13] [INFO] SYMULACJA POMINIĘCIE: 'FREZ D6 Z2 lewo prawy.tom' (Brak folderu w bazie)
[2026-08-06 12:49:13] [INFO] SYMULACJA POMINIĘCIE: 'FREZ D6 Z2.tom' (Brak folderu w bazie)
[2026-08-06 12:49:13] [INFO] SYMULACJA POMINIĘCIE: 'FREZ D6 Z3.tom' (Brak folderu w bazie)
[2026-08-06 12:49:13] [INFO] SYMULACJA POMINIĘCIE: 'FREZ D6 Z4 R1.tom' (Brak folderu w bazie)
[2026-08-06 12:49:13] [INFO] SYMULACJA POMINIĘCIE: 'FREZ D6 Z4.tom' (Brak folderu w bazie)
[2026-08-06 12:49:13] [INFO] SYMULACJA POMINIĘCIE: 'FREZ D6-Z2+2.tom' (Brak folderu w bazie)
[2026-08-06 12:49:13] [INFO] SYMULACJA POMINIĘCIE: 'FREZ D8 Z1 HS.tom' (Brak folderu w bazie)
[2026-08-06 12:49:13] [INFO] SYMULACJA POMINIĘCIE: 'FREZ D8 Z1 HSS .tom' (Brak folderu w bazie)
[2026-08-06 12:49:13] [INFO] SYMULACJA POMINIĘCIE: 'FREZ D8 Z1 HSS.tom' (Brak folderu w bazie)
[2026-08-06 12:49:13] [INFO] SYMULACJA POMINIĘCIE: 'FREZ D8 Z1 stary szpic.tom' (Brak folderu w bazie)
[2026-08-06 12:49:13] [INFO] SYMULACJA POMINIĘCIE: 'FREZ D8 Z1.tom' (Brak folderu w bazie)
[2026-08-06 12:49:13] [INFO] SYMULACJA POMINIĘCIE: 'FREZ D8 Z2 KULA.tom' (Brak folderu w bazie)
[2026-08-06 12:49:13] [INFO] SYMULACJA POMINIĘCIE: 'FREZ D8 Z2 lewo prawy.tom' (Brak folderu w bazie)
[2026-08-06 12:49:13] [INFO] SYMULACJA POMINIĘCIE: 'FREZ D8 Z2.tom' (Brak folderu w bazie)
[2026-08-06 12:49:13] [INFO] SYMULACJA POMINIĘCIE: 'FREZ D8 Z3 0dl.tom' (Brak folderu w bazie)
[2026-08-06 12:49:13] [INFO] SYMULACJA POMINIĘCIE: 'FREZ D8 Z3 czolo.tom' (Brak folderu w bazie)
[2026-08-06 12:49:13] [INFO] SYMULACJA POMINIĘCIE: 'FREZ D8 Z3 LEWO PRAWY.tom' (Brak folderu w bazie)
[2026-08-06 12:49:13] [INFO] SYMULACJA POMINIĘCIE: 'FREZ D8 Z3.tom' (Brak folderu w bazie)
[2026-08-06 12:49:13] [INFO] SYMULACJA POMINIĘCIE: 'FREZ D8 Z4 LEWE.tom' (Brak folderu w bazie)
[2026-08-06 12:49:13] [INFO] SYMULACJA POMINIĘCIE: 'FREZ D8 Z4.tom' (Brak folderu w bazie)
[2026-08-06 12:49:13] [INFO] SYMULACJA POMINIĘCIE: 'FREZ D8-Z2+2 nowy.tom' (Brak folderu w bazie)
[2026-08-06 12:49:13] [INFO] SYMULACJA POMINIĘCIE: 'FREZ D8-Z2+2 t.tom' (Brak folderu w bazie)
[2026-08-06 12:49:13] [INFO] SYMULACJA POMINIĘCIE: 'FREZ D8-Z2+2 v2.tom' (Brak folderu w bazie)
[2026-08-06 12:49:13] [INFO] SYMULACJA POMINIĘCIE: 'FREZ D8-Z4+2 kanalki lewe.tom' (Brak folderu w bazie)
[2026-08-06 12:49:13] [INFO] SYMULACJA POMINIĘCIE: 'FREZ D8-Z4+2 kanalki prawe i czolo.tom' (Brak folderu w bazie)
[2026-08-06 12:49:13] [INFO] SYMULACJA POMINIĘCIE: 'FREZ D8-Z4+2 t.tom' (Brak folderu w bazie)
[2026-08-06 12:49:13] [INFO] SYMULACJA POMINIĘCIE: 'FREZ KULA D16 Z2.tom' (Brak folderu w bazie)
[2026-08-06 12:49:13] [INFO] SYMULACJA POMINIĘCIE: 'FREZ KULA D18 Z2.tom' (Brak folderu w bazie)
[2026-08-06 12:49:13] [INFO] SYMULACJA POMINIĘCIE: 'FREZ KULA D20 Z2.tom' (Brak folderu w bazie)
[2026-08-06 12:49:13] [INFO] SYMULACJA POMINIĘCIE: 'FREZ T D8 Z4 R0.5.tom' (Brak folderu w bazie)
[2026-08-06 12:49:13] [INFO] SYMULACJA POMINIĘCIE: 'FREZWID D10-Z4 TEOWY BORGWARNER.tom' (Brak folderu w bazie)
[2026-08-06 12:49:13] [INFO] SYMULACJA POMINIĘCIE: 'FREZWID D12-Z4 TEOWY BORGWARNER.tom' (Brak folderu w bazie)
[2026-08-06 12:49:13] [INFO] SYMULACJA POMINIĘCIE: 'FREZWID kula D20 Z3.tom' (Brak folderu w bazie)
[2026-08-06 12:49:13] [INFO] SYMULACJA POMINIĘCIE: 'FREZWID OSTRZENIE KULA D10 Z2.tom' (Brak folderu w bazie)
[2026-08-06 12:49:13] [INFO] SYMULACJA POMINIĘCIE: 'FREZWID OSTRZENIE KULA D10 Z4.tom' (Brak folderu w bazie)
[2026-08-06 12:49:13] [INFO] SYMULACJA POMINIĘCIE: 'FREZWID OSTRZENIE KULA D12 Z2.tom' (Brak folderu w bazie)
[2026-08-06 12:49:13] [INFO] SYMULACJA POMINIĘCIE: 'FREZWID OSTRZENIE KULA D12 Z4.tom' (Brak folderu w bazie)
[2026-08-06 12:49:13] [INFO] SYMULACJA POMINIĘCIE: 'FREZWID OSTRZENIE KULA D14 Z2.tom' (Brak folderu w bazie)
[2026-08-06 12:49:13] [INFO] SYMULACJA POMINIĘCIE: 'FREZWID OSTRZENIE KULA D16 Z2.tom' (Brak folderu w bazie)
[2026-08-06 12:49:13] [INFO] SYMULACJA POMINIĘCIE: 'FREZWID OSTRZENIE KULA D20 Z3.tom' (Brak folderu w bazie)
[2026-08-06 12:49:13] [INFO] SYMULACJA POMINIĘCIE: 'FREZWID OSTRZENIE KULA D5 Z2.tom' (Brak folderu w bazie)
[2026-08-06 12:49:13] [INFO] SYMULACJA POMINIĘCIE: 'FREZWID OSTRZENIE KULA D6 Z2.tom' (Brak folderu w bazie)
[2026-08-06 12:49:13] [INFO] SYMULACJA POMINIĘCIE: 'FREZWID OSTRZENIE KULA D6 Z4.tom' (Brak folderu w bazie)
[2026-08-06 12:49:13] [INFO] SYMULACJA POMINIĘCIE: 'FREZWID OSTRZENIE KULA D8 Z2.tom' (Brak folderu w bazie)
[2026-08-06 12:49:13] [INFO] SYMULACJA POMINIĘCIE: 'FREZWID OSTRZENIE KULA D8 Z4.tom' (Brak folderu w bazie)
[2026-08-06 12:49:13] [INFO] SYMULACJA POMINIĘCIE: 'FREZWID OSTRZENIUE KULA D20 Z3 0DLUGICH.tom' (Brak folderu w bazie)
[2026-08-06 12:49:13] [INFO] SYMULACJA POMINIĘCIE: 'GOLD DOOR D8 D8.5 L2 Teowy HSS.tom' (Brak folderu w bazie)
[2026-08-06 12:49:13] [INFO] SYMULACJA POMINIĘCIE: 'KULA D12 Z3.tom' (Brak folderu w bazie)
[2026-08-06 12:49:13] [INFO] SYMULACJA POMINIĘCIE: 'KULA D20 Z3 LEWO PRAWY.tom' (Brak folderu w bazie)
[2026-08-06 12:49:13] [INFO] SYMULACJA POMINIĘCIE: 'KULA D8 LEWO-PRAWO-Z3.tom' (Brak folderu w bazie)
[2026-08-06 12:49:13] [INFO] SYMULACJA POMINIĘCIE: 'nawiertak 118st D10.tom' (Brak folderu w bazie)
[2026-08-06 12:49:13] [INFO] SYMULACJA POMINIĘCIE: 'nawiertak 90st D6.tom' (Brak folderu w bazie)
[2026-08-06 12:49:13] [INFO] SYMULACJA POMINIĘCIE: 'ostrxenie d25 z5.tom' (Brak folderu w bazie)
[2026-08-06 12:49:13] [INFO] SYMULACJA POMINIĘCIE: 'OSTRZENIE D10Z3.tom' (Brak folderu w bazie)
[2026-08-06 12:49:13] [INFO] SYMULACJA POMINIĘCIE: 'OSTRZENIE KULA D16 LEWO PRAWA.tom' (Brak folderu w bazie)
[2026-08-06 12:49:13] [INFO] SYMULACJA POMINIĘCIE: 'fazownik D20 z3 K90.tom' (Brak folderu w bazie)
[2026-08-06 12:49:13] [INFO] SYMULACJA POMINIĘCIE: 'fazownik NPOL D20 z3 K90.tom' (Brak folderu w bazie)
[2026-08-06 12:49:13] [INFO] SYMULACJA POMINIĘCIE: 'fazownik z3 D4.tom' (Brak folderu w bazie)
[2026-08-06 12:49:13] [INFO] SYMULACJA POMINIĘCIE: 'fazownik z3 D6.tom' (Brak folderu w bazie)
[2026-08-06 12:49:13] [INFO] SYMULACJA POMINIĘCIE: 'fazownik z4 D12.tom' (Brak folderu w bazie)
[2026-08-06 12:49:13] [INFO] SYMULACJA POMINIĘCIE: 'fazownik z4 D13x2.5.tom' (Brak folderu w bazie)
[2026-08-06 12:49:13] [INFO] SYMULACJA POMINIĘCIE: 'fazownik z4 D14.tom' (Brak folderu w bazie)
[2026-08-06 12:49:13] [INFO] SYMULACJA POMINIĘCIE: 'fazownik z4 D8.tom' (Brak folderu w bazie)
[2026-08-06 12:49:13] [INFO] SYMULACJA POMINIĘCIE: 'fazownik z5 D8.tom' (Brak folderu w bazie)
[2026-08-06 12:49:13] [INFO] SYMULACJA POMINIĘCIE: 'fazownik z5.tom' (Brak folderu w bazie)
[2026-08-06 12:49:13] [INFO] SYMULACJA POMINIĘCIE: 'fazownik z6 D8.tom' (Brak folderu w bazie)
[2026-08-06 12:49:13] [INFO] SYMULACJA POMINIĘCIE: 'nawiertak 10 90st AP.tom' (Brak folderu w bazie)
[2026-08-06 12:49:13] [INFO] SYMULACJA POMINIĘCIE: 'nawiertak 74st.tom' (Brak folderu w bazie)
[2026-08-06 12:49:13] [INFO] SYMULACJA POMINIĘCIE: 'nawiertak 90st D10.tom' (Brak folderu w bazie)
[2026-08-06 12:49:13] [INFO] SYMULACJA POMINIĘCIE: 'nawiertak 90st D6.tom' (Brak folderu w bazie)
[2026-08-06 12:49:13] [INFO] SYMULACJA POMINIĘCIE: 'nawiertak 90st D8.tom' (Brak folderu w bazie)
[2026-08-06 12:49:13] [INFO] SYMULACJA POMINIĘCIE: 'nawiertak 90st FACET.tom' (Brak folderu w bazie)
[2026-08-06 12:49:13] [INFO] SYMULACJA POMINIĘCIE: 'nawiertak 90st.tom' (Brak folderu w bazie)
[2026-08-06 12:49:13] [INFO] SYMULACJA POMINIĘCIE: 'PILOT D3XL10 D6.5.tom' (Brak folderu w bazie)
[2026-08-06 12:49:13] [INFO] SYMULACJA POMINIĘCIE: 'PILOT D6XL6 D10.tom' (Brak folderu w bazie)
[2026-08-06 12:49:13] [INFO] SYMULACJA POMINIĘCIE: 'PILOT D6XL6 D12.tom' (Brak folderu w bazie)
[2026-08-06 12:49:13] [INFO] SYMULACJA POMINIĘCIE: 'PILOT D6XL6 D14.tom' (Brak folderu w bazie)
[2026-08-06 12:49:13] [INFO] SYMULACJA POMINIĘCIE: 'sektest.tom' (Brak folderu w bazie)
[2026-08-06 12:49:13] [INFO] SYMULACJA POMINIĘCIE: 'TAK FACETY.tom' (Brak folderu w bazie)
[2026-08-06 12:49:13] [INFO] SYMULACJA POMINIĘCIE: 'TAK.tom' (Brak folderu w bazie)
[2026-08-06 12:49:13] [INFO] SYMULACJA POMINIĘCIE: 'WIERTLO 10 conP.tom' (Brak folderu w bazie)
[2026-08-06 12:49:13] [INFO] SYMULACJA POMINIĘCIE: 'WIERTLO 10 conR.tom' (Brak folderu w bazie)
[2026-08-06 12:49:13] [INFO] SYMULACJA POMINIĘCIE: 'WIERTLO 11 conR.tom' (Brak folderu w bazie)
[2026-08-06 12:49:13] [INFO] SYMULACJA POMINIĘCIE: 'WIERTLO 11.8 conG HSS AP.tom' (Brak folderu w bazie)
[2026-08-06 12:49:13] [INFO] SYMULACJA POMINIĘCIE: 'WIERTLO 11.8 conG.tom' (Brak folderu w bazie)
[2026-08-06 12:49:13] [INFO] SYMULACJA POMINIĘCIE: 'WIERTLO 12 conR.tom' (Brak folderu w bazie)
[2026-08-06 12:49:13] [INFO] SYMULACJA POMINIĘCIE: 'WIERTLO 12 facR.tom' (Brak folderu w bazie)
[2026-08-06 12:49:13] [INFO] SYMULACJA POMINIĘCIE: 'WIERTLO 14 conR.tom' (Brak folderu w bazie)
[2026-08-06 12:49:13] [INFO] SYMULACJA POMINIĘCIE: 'WIERTLO 15 conR.tom' (Brak folderu w bazie)
[2026-08-06 12:49:13] [INFO] SYMULACJA POMINIĘCIE: 'WIERTLO 16 conR.tom' (Brak folderu w bazie)
[2026-08-06 12:49:13] [INFO] SYMULACJA POMINIĘCIE: 'WIERTLO 17 conG HSS AP.tom' (Brak folderu w bazie)
[2026-08-06 12:49:13] [INFO] SYMULACJA POMINIĘCIE: 'WIERTLO 17.5 conG.tom' (Brak folderu w bazie)
[2026-08-06 12:49:13] [INFO] SYMULACJA POMINIĘCIE: 'WIERTLO 17.5 conR.tom' (Brak folderu w bazie)
[2026-08-06 12:49:13] [INFO] SYMULACJA POMINIĘCIE: 'WIERTLO 17.5 facR.tom' (Brak folderu w bazie)
[2026-08-06 12:49:13] [INFO] SYMULACJA POMINIĘCIE: 'WIERTLO 19.6 conR.tom' (Brak folderu w bazie)
[2026-08-06 12:49:13] [INFO] SYMULACJA POMINIĘCIE: 'WIERTLO 20 conR.tom' (Brak folderu w bazie)
[2026-08-06 12:49:13] [INFO] SYMULACJA POMINIĘCIE: 'WIERTLO 3 conR.tom' (Brak folderu w bazie)
[2026-08-06 12:49:13] [INFO] SYMULACJA POMINIĘCIE: 'WIERTLO 3.6 conR.tom' (Brak folderu w bazie)
[2026-08-06 12:49:13] [INFO] SYMULACJA POMINIĘCIE: 'WIERTLO 3.7 conR HSS.tom' (Brak folderu w bazie)
[2026-08-06 12:49:13] [INFO] SYMULACJA POMINIĘCIE: 'WIERTLO 4 conR.tom' (Brak folderu w bazie)
[2026-08-06 12:49:13] [INFO] SYMULACJA POMINIĘCIE: 'WIERTLO 4.3 conR.tom' (Brak folderu w bazie)
[2026-08-06 12:49:13] [INFO] SYMULACJA POMINIĘCIE: 'WIERTLO 5 conP.tom' (Brak folderu w bazie)
[2026-08-06 12:49:13] [INFO] SYMULACJA POMINIĘCIE: 'WIERTLO 5 conR.tom' (Brak folderu w bazie)
[2026-08-06 12:49:13] [INFO] SYMULACJA POMINIĘCIE: 'WIERTLO 5 facR.tom' (Brak folderu w bazie)
[2026-08-06 12:49:13] [INFO] SYMULACJA POMINIĘCIE: 'WIERTLO 6 ConR.tom' (Brak folderu w bazie)
[2026-08-06 12:49:13] [INFO] SYMULACJA POMINIĘCIE: 'WIERTLO 6.4 facR.tom' (Brak folderu w bazie)
[2026-08-06 12:49:13] [INFO] SYMULACJA POMINIĘCIE: 'WIERTLO 6.6 conR.tom' (Brak folderu w bazie)
[2026-08-06 12:49:13] [INFO] SYMULACJA POMINIĘCIE: 'WIERTLO 7 conR.tom' (Brak folderu w bazie)
[2026-08-06 12:49:13] [INFO] SYMULACJA POMINIĘCIE: 'WIERTLO 8 conR.tom' (Brak folderu w bazie)
[2026-08-06 12:49:13] [INFO] SYMULACJA POMINIĘCIE: 'WIERTLO 9 conR.tom' (Brak folderu w bazie)
[2026-08-06 12:49:13] [INFO] SYMULACJA POMINIĘCIE: 'WIERTLO D11.8 rollG.tom' (Brak folderu w bazie)
[2026-08-06 12:49:13] [INFO] SYMULACJA POMINIĘCIE: 'wiertlo frez przelotowe d7.tom' (Brak folderu w bazie)
[2026-08-06 12:49:13] [INFO] SYMULACJA POMINIĘCIE: 'WIERTLO PILOT 4.2x10 ConR.tom' (Brak folderu w bazie)
[2026-08-06 12:49:13] [INFO] SYMULACJA POMINIĘCIE: 'WIERTLO PIOT 5x5 conR.tom' (Brak folderu w bazie)
[2026-08-06 12:49:13] [INFO] SYMULACJA POMINIĘCIE: 'WIERTLO PIOT 5x5 conRv2.tom' (Brak folderu w bazie)
[2026-08-06 12:49:13] [INFO] SYMULACJA POMINIĘCIE: 'xxx 4+2.tom' (Brak folderu w bazie)
[2026-08-06 12:49:13] [INFO] SYMULACJA POMINIĘCIE: 'xxx.tom' (Brak folderu w bazie)
[2026-08-06 12:49:13] [INFO] SYMULACJA POMINIĘCIE: 'xyz.tom' (Brak folderu w bazie)
[2026-08-06 12:49:13] [INFO] SYMULACJA POMINIĘCIE: 'WIERTLO 10.tom' (Brak folderu w bazie)
[2026-08-06 12:49:13] [INFO] SYMULACJA POMINIĘCIE: 'WIERTLO 11.tom' (Brak folderu w bazie)
[2026-08-06 12:49:13] [INFO] SYMULACJA POMINIĘCIE: 'WIERTLO 14.tom' (Brak folderu w bazie)
[2026-08-06 12:49:13] [INFO] SYMULACJA POMINIĘCIE: 'WIERTLO 15.tom' (Brak folderu w bazie)
[2026-08-06 12:49:13] [INFO] SYMULACJA POMINIĘCIE: 'WIERTLO 16.tom' (Brak folderu w bazie)
[2026-08-06 12:49:13] [INFO] SYMULACJA POMINIĘCIE: 'WIERTLO 8.8.tom' (Brak folderu w bazie)
[2026-08-06 12:49:13] [INFO] SYMULACJA POMINIĘCIE: 'CHWYTY D8 L45 LUTOWANE PODAJNIK.tom' (Brak folderu w bazie)
[2026-08-06 12:49:13] [INFO] SYMULACJA POMINIĘCIE: 'D5-Z1-30-ZANIZENIE 4.9-50-JAK WIERTLO-PRAWOTNACY-LEWOSKRETNY.tom' (Brak folderu w bazie)
[2026-08-06 12:49:13] [INFO] SYMULACJA POMINIĘCIE: 'DRUTEX D4 Z1 - A1 435 sklep.tom' (Brak folderu w bazie)
[2026-08-06 12:49:13] [INFO] SYMULACJA POMINIĘCIE: 'DRUTEX D5 Z1 - A1 535 sklep.tom' (Brak folderu w bazie)
[2026-08-06 12:49:13] [INFO] SYMULACJA POMINIĘCIE: 'DRUTEX D5x8x80 Z1 L25 sklep.tom' (Brak folderu w bazie)
[2026-08-06 12:49:13] [INFO] SYMULACJA POMINIĘCIE: 'DRUTEX WIERTLO  D7 L33 K118.tom' (Brak folderu w bazie)
[2026-08-06 12:49:13] [INFO] SYMULACJA POMINIĘCIE: 'KNS D5 Z1 L30 prawotnacy-lewy nowy.tom' (Brak folderu w bazie)
[2026-08-06 12:49:13] [INFO] SYMULACJA POMINIĘCIE: 'KNS D5 Z1 L30 prawotnacy-lewy.tom' (Brak folderu w bazie)
[2026-08-06 12:49:13] [INFO] SYMULACJA POMINIĘCIE: 'PROFINE WIERTLO KLAMKA D10-PILOT 6NA6 LEWE.tom' (Brak folderu w bazie)
[2026-08-06 12:49:13] [INFO] SYMULACJA POMINIĘCIE: 'SKLEP D8-Z1-HSS L35 STARE.tom' (Brak folderu w bazie)
[2026-08-06 12:49:13] [INFO] SYMULACJA POMINIĘCIE: 'WIERTLO POD KLAMKE D-12_PILOT6-6_PRAWE-LAMACZ.tom' (Dwuznaczność (4 folderów))
[2026-08-06 12:49:13] [INFO] SYMULACJA POMINIĘCIE: 'WIERTLO POD KLAMKE D10-PILOT 6NA6 LEWE.tom' (Brak folderu w bazie)
[2026-08-06 12:49:13] [INFO] SYMULACJA POMINIĘCIE: 'WIERTLO POD KLAMKE D10-PILOT 6NA6 PRAWE.tom' (Brak folderu w bazie)
[2026-08-06 12:49:13] [INFO] SYMULACJA POMINIĘCIE: 'WIERTLO POD KLAMKE D10x6 L6 LEWE.tom' (Brak folderu w bazie)
[2026-08-06 12:49:13] [INFO] SYMULACJA POMINIĘCIE: 'WIERTLO POD KLAMKE D10x6 L6 PRAWE.tom' (Brak folderu w bazie)
[2026-08-06 12:49:13] [INFO] SYMULACJA POMINIĘCIE: 'WIERTLO POD KLAMKE D12x6 L6 LEWE.tom' (Brak folderu w bazie)
[2026-08-06 12:49:13] [INFO] SYMULACJA POMINIĘCIE: 'WIERTLO POD KLAMKE D12x6 L6 PRAWE.tom' (Brak folderu w bazie)
[2026-08-06 12:49:13] [INFO] SYMULACJA POMINIĘCIE: 'BARTYN D20-D12-Z5.tom' (Brak folderu w bazie)
[2026-08-06 12:49:13] [INFO] SYMULACJA POMINIĘCIE: 'BARTYN D33-D25-Z5 ++.tom' (Brak folderu w bazie)
[2026-08-06 12:49:13] [INFO] SYMULACJA POMINIĘCIE: 'BARTYN D33-D25-Z5.tom' (Brak folderu w bazie)
[2026-08-06 12:49:13] [INFO] SYMULACJA POMINIĘCIE: 'BETULINA D31-D25-Z4.tom' (Brak folderu w bazie)
[2026-08-06 12:49:13] [INFO] SYMULACJA POMINIĘCIE: 'SWOSZ D27 D20 Z4.tom' (Brak folderu w bazie)
[2026-08-06 12:49:13] [INFO] SYMULACJA POMINIĘCIE: 'D8 Z1 FACETY.tom' (Brak folderu w bazie)
[2026-08-06 12:49:13] [INFO] SYMULACJA POMINIĘCIE: 'WELDON FLAT PSZ.tom' (Brak folderu w bazie)
[2026-08-06 12:49:13] [INFO] SYMULACJA POMINIĘCIE: 'WIERTLO 5 conR.tom' (Brak folderu w bazie)
[2026-08-06 12:49:13] [INFO] SYMULACJA POMINIĘCIE: 'Z1 FCT D5.tom' (Brak folderu w bazie)
[2026-08-06 12:49:13] [INFO] SYMULACJA POMINIĘCIE: ' D10 Z2 KULKA .tom' (Brak folderu w bazie)
[2026-08-06 12:49:13] [INFO] SYMULACJA POMINIĘCIE: ' D10 Z3 KULKA .tom' (Brak folderu w bazie)
[2026-08-06 12:49:13] [INFO] SYMULACJA POMINIĘCIE: ' D20 Z4 TEOWY HW.tom' (Brak folderu w bazie)
[2026-08-06 12:49:13] [INFO] SYMULACJA POMINIĘCIE: '5x13.065x16 KK .tom' (Brak folderu w bazie)
[2026-08-06 12:49:13] [INFO] SYMULACJA POMINIĘCIE: '749-1 klucze.tom' (Brak folderu w bazie)
[2026-08-06 12:49:13] [INFO] SYMULACJA POMINIĘCIE: '749-2 klucze.tom' (Brak folderu w bazie)
[2026-08-06 12:49:13] [INFO] SYMULACJA POMINIĘCIE: 'ALL WINDOWS WIERTLO Z4 6x12 KLAMKA TEST.tom' (Brak folderu w bazie)
[2026-08-06 12:49:13] [INFO] SYMULACJA POMINIĘCIE: 'ALL WINDOWS x2-alu D10 Z2 35stopni.tom' (Brak folderu w bazie)
[2026-08-06 12:49:13] [INFO] SYMULACJA POMINIĘCIE: 'AP kulka 4.05.tom' (Brak folderu w bazie)
[2026-08-06 12:49:13] [INFO] SYMULACJA POMINIĘCIE: 'AP rozwiertak 12.7.tom' (Brak folderu w bazie)
[2026-08-06 12:49:13] [INFO] SYMULACJA POMINIĘCIE: 'AP rozwiertak 15.88.tom' (Brak folderu w bazie)
[2026-08-06 12:49:13] [INFO] SYMULACJA POMINIĘCIE: 'AP rozwiertak 4,95.tom' (Brak folderu w bazie)
[2026-08-06 12:49:13] [INFO] SYMULACJA POMINIĘCIE: 'AP rozwiertak 5,95.tom' (Brak folderu w bazie)
[2026-08-06 12:49:13] [INFO] SYMULACJA POMINIĘCIE: 'AP rozwiertak 6,3 - 6.tom' (Brak folderu w bazie)
[2026-08-06 12:49:13] [INFO] SYMULACJA POMINIĘCIE: 'AP rozwiertak.tom' (Brak folderu w bazie)
[2026-08-06 12:49:13] [INFO] SYMULACJA POMINIĘCIE: 'bison test.tom' (Brak folderu w bazie)
[2026-08-06 12:49:13] [INFO] SYMULACJA POMINIĘCIE: 'cross section.tom' (Brak folderu w bazie)
[2026-08-06 12:49:13] [INFO] SYMULACJA POMINIĘCIE: 'czyszczarka.z5 d22 45st ostra.tom' (Brak folderu w bazie)
[2026-08-06 12:49:13] [INFO] SYMULACJA POMINIĘCIE: 'D10-L22-Z4-HW testy.tom' (Brak folderu w bazie)
[2026-08-06 12:49:13] [INFO] SYMULACJA POMINIĘCIE: 'D12 z4 testy.tom' (Brak folderu w bazie)
[2026-08-06 12:49:13] [INFO] SYMULACJA POMINIĘCIE: 'D12-L26-Z4 S4-1235 lamacz.tom' (Brak folderu w bazie)
[2026-08-06 12:49:13] [INFO] SYMULACJA POMINIĘCIE: 'D12-L26-Z4-HW testy.tom' (Brak folderu w bazie)
[2026-08-06 12:49:13] [INFO] SYMULACJA POMINIĘCIE: 'D130 Z58 AP.tom' (Brak folderu w bazie)
[2026-08-06 12:49:13] [INFO] SYMULACJA POMINIĘCIE: 'D16-Z3-PRAWO-LEWY.tom' (Brak folderu w bazie)
[2026-08-06 12:49:13] [INFO] SYMULACJA POMINIĘCIE: 'D20 Z2 KULKA LOLIPOP KK v1 .tom' (Brak folderu w bazie)
[2026-08-06 12:49:13] [INFO] SYMULACJA POMINIĘCIE: 'D20 Z3 KULKA LOLIPOP KK v2 .tom' (Brak folderu w bazie)
[2026-08-06 12:49:13] [INFO] SYMULACJA POMINIĘCIE: 'D4-Z2-PROSTY PRZESTAWIONY PRAWY.tom' (Brak folderu w bazie)
[2026-08-06 12:49:13] [INFO] SYMULACJA POMINIĘCIE: 'D5-Z1+1-PROSTY TESTY.tom' (Brak folderu w bazie)
[2026-08-06 12:49:13] [INFO] SYMULACJA POMINIĘCIE: 'D5-Z1+1-PROSTY.tom' (Brak folderu w bazie)
[2026-08-06 12:49:13] [INFO] SYMULACJA POMINIĘCIE: 'D5-Z1-PROSTY.tom' (Brak folderu w bazie)
[2026-08-06 12:49:13] [INFO] SYMULACJA POMINIĘCIE: 'D6 Z3 LEWY.tom' (Brak folderu w bazie)
[2026-08-06 12:49:13] [INFO] SYMULACJA POMINIĘCIE: 'D6 Z3 P.tom' (Brak folderu w bazie)
[2026-08-06 12:49:13] [INFO] SYMULACJA POMINIĘCIE: 'D6-L15-Z4 poprawa.tom' (Brak folderu w bazie)
[2026-08-06 12:49:13] [INFO] SYMULACJA POMINIĘCIE: 'DREW JAR -Z2+2 PP V1.tom' (Brak folderu w bazie)
[2026-08-06 12:49:13] [INFO] SYMULACJA POMINIĘCIE: 'DREW JAR -Z2+2 PP v2.tom' (Brak folderu w bazie)
[2026-08-06 12:49:13] [INFO] SYMULACJA POMINIĘCIE: 'DREW JAR -Z2+2 PP.tom' (Brak folderu w bazie)
[2026-08-06 12:49:13] [INFO] SYMULACJA POMINIĘCIE: 'DREWCO TEST Z3 DWA PROMIENIE.tom' (Brak folderu w bazie)
[2026-08-06 12:49:13] [INFO] SYMULACJA POMINIĘCIE: 'duipauddupa.tom' (Brak folderu w bazie)
[2026-08-06 12:49:13] [INFO] SYMULACJA POMINIĘCIE: 'dupa.tom' (Brak folderu w bazie)
[2026-08-06 12:49:13] [INFO] SYMULACJA POMINIĘCIE: 'Expres D36.6 prof.tom' (Brak folderu w bazie)
[2026-08-06 12:49:13] [INFO] SYMULACJA POMINIĘCIE: 'FILPLAST D7 z2.tom' (Brak folderu w bazie)
[2026-08-06 12:49:13] [INFO] SYMULACJA POMINIĘCIE: 'FREEZ.tom' (Brak folderu w bazie)
[2026-08-06 12:49:13] [INFO] SYMULACJA POMINIĘCIE: 'frez 2+2 40x25.tom' (Brak folderu w bazie)
[2026-08-06 12:49:13] [INFO] SYMULACJA POMINIĘCIE: 'frez 2+2 D12 L40x25.tom' (Brak folderu w bazie)
[2026-08-06 12:49:13] [INFO] SYMULACJA POMINIĘCIE: 'frez 3+3 D12 L40x25.tom' (Brak folderu w bazie)
[2026-08-06 12:49:13] [INFO] SYMULACJA POMINIĘCIE: 'FREZ D12-Z3+3 test.tom' (Brak folderu w bazie)
[2026-08-06 12:49:13] [INFO] SYMULACJA POMINIĘCIE: 'FREZ INTERPROGRESS D140 Z40 K45 AP.tom' (Brak folderu w bazie)
[2026-08-06 12:49:13] [INFO] SYMULACJA POMINIĘCIE: 'FREZ INTERPROGRESS D150 Z40 AP.tom' (Brak folderu w bazie)
[2026-08-06 12:49:13] [INFO] SYMULACJA POMINIĘCIE: 'Frez pianka K75.tom' (Brak folderu w bazie)
[2026-08-06 12:49:13] [INFO] SYMULACJA POMINIĘCIE: 'frez stozkowy 1x10 V2.tom' (Brak folderu w bazie)
[2026-08-06 12:49:13] [INFO] SYMULACJA POMINIĘCIE: 'frez stozkowy 1x10 V3.tom' (Brak folderu w bazie)
[2026-08-06 12:49:13] [INFO] SYMULACJA POMINIĘCIE: 'frez stozkowy 1x10.tom' (Brak folderu w bazie)
[2026-08-06 12:49:13] [INFO] SYMULACJA POMINIĘCIE: 'frez teowy PSzlemp D12 proisty.tom' (Brak folderu w bazie)
[2026-08-06 12:49:13] [INFO] SYMULACJA POMINIĘCIE: 'frez teowy PSzlemp D7 proisty.tom' (Brak folderu w bazie)
[2026-08-06 12:49:13] [INFO] SYMULACJA POMINIĘCIE: 'frez teowy PSzlemp D7.tom' (Brak folderu w bazie)
[2026-08-06 12:49:13] [INFO] SYMULACJA POMINIĘCIE: 'Frezwid D6 Z4 L v2.tom' (Brak folderu w bazie)
[2026-08-06 12:49:13] [INFO] SYMULACJA POMINIĘCIE: 'Frezwid D6 Z4 P v2.tom' (Brak folderu w bazie)
[2026-08-06 12:49:13] [INFO] SYMULACJA POMINIĘCIE: 'Frezwid D6 Z4 P.tom' (Brak folderu w bazie)
[2026-08-06 12:49:13] [INFO] SYMULACJA POMINIĘCIE: 'FREZWID FREZ 16 STOPNI.tom' (Brak folderu w bazie)
[2026-08-06 12:49:13] [INFO] SYMULACJA POMINIĘCIE: 'FREZWID FREZ 20 STOPNI.tom' (Brak folderu w bazie)
[2026-08-06 12:49:13] [INFO] SYMULACJA POMINIĘCIE: 'FREZWID frez profil r0.3.tom' (Brak folderu w bazie)
[2026-08-06 12:49:13] [INFO] SYMULACJA POMINIĘCIE: 'FREZWID WIERTLO Z4 6x10 PRAWE KLAMKA TEST.tom' (Brak folderu w bazie)
[2026-08-06 12:49:13] [INFO] SYMULACJA POMINIĘCIE: 'frezx z3 fi30.tom' (Brak folderu w bazie)
[2026-08-06 12:49:13] [INFO] SYMULACJA POMINIĘCIE: 'frezx z3 fi40.tom' (Brak folderu w bazie)
[2026-08-06 12:49:13] [INFO] SYMULACJA POMINIĘCIE: 'GROWINAR WIERTLO D14x10 poprawa .tom' (Brak folderu w bazie)
[2026-08-06 12:49:13] [INFO] SYMULACJA POMINIĘCIE: 'gwint OPP.tom' (Brak folderu w bazie)
[2026-08-06 12:49:13] [INFO] SYMULACJA POMINIĘCIE: 'KP KULA 11.8 lamacz.tom' (Brak folderu w bazie)
[2026-08-06 12:49:13] [INFO] SYMULACJA POMINIĘCIE: 'KP KULA D16 z lamaczem.tom' (Brak folderu w bazie)
[2026-08-06 12:49:13] [INFO] SYMULACJA POMINIĘCIE: 'KULKA LOLIPOP D20 Z2 spiralna.tom' (Brak folderu w bazie)
[2026-08-06 12:49:13] [INFO] SYMULACJA POMINIĘCIE: 'KULKA LOLIPOP D32.tom' (Brak folderu w bazie)
[2026-08-06 12:49:13] [INFO] SYMULACJA POMINIĘCIE: 'lolipop d12 test v1.tom' (Brak folderu w bazie)
[2026-08-06 12:49:13] [INFO] SYMULACJA POMINIĘCIE: 'lolipop d12 test v2.tom' (Brak folderu w bazie)
[2026-08-06 12:49:13] [INFO] SYMULACJA POMINIĘCIE: 'MB TRADING Noz D6 D0,5 L30 MIECZ LAMACZ 23.08.tom' (Brak folderu w bazie)
[2026-08-06 12:49:13] [INFO] SYMULACJA POMINIĘCIE: 'Mich pilka.tom' (Brak folderu w bazie)
[2026-08-06 12:49:13] [INFO] SYMULACJA POMINIĘCIE: 'narzedzie zagniartajace crimp tool D10.tom' (Brak folderu w bazie)
[2026-08-06 12:49:13] [INFO] SYMULACJA POMINIĘCIE: 'nOZ JEDNOSTRONNY POL MIECZA.tom' (Brak folderu w bazie)
[2026-08-06 12:49:13] [INFO] SYMULACJA POMINIĘCIE: 'pilka AP.tom' (Brak folderu w bazie)
[2026-08-06 12:49:13] [INFO] SYMULACJA POMINIĘCIE: 'PILKA DO KLUCZY D35 - 42 LEWA.tom' (Brak folderu w bazie)
[2026-08-06 12:49:13] [INFO] SYMULACJA POMINIĘCIE: 'PILKA DO KLUCZY D35 - 42 PRAWA.tom' (Brak folderu w bazie)
[2026-08-06 12:49:13] [INFO] SYMULACJA POMINIĘCIE: 'PILKA DREW-PROD-Z48-PRAWA.tom' (Brak folderu w bazie)
[2026-08-06 12:49:13] [INFO] SYMULACJA POMINIĘCIE: 'PP gwintownik d22.tom' (Brak folderu w bazie)
[2026-08-06 12:49:13] [INFO] SYMULACJA POMINIĘCIE: 'RS rozwiertak 5,01.tom' (Brak folderu w bazie)
[2026-08-06 12:49:13] [INFO] SYMULACJA POMINIĘCIE: 'SONDA ANCA.tom' (Brak folderu w bazie)
[2026-08-06 12:49:13] [INFO] SYMULACJA POMINIĘCIE: 'STOZEK 5X25 60ST.tom' (Brak folderu w bazie)
[2026-08-06 12:49:13] [INFO] SYMULACJA POMINIĘCIE: 'TEST GNIAZDA.tom' (Brak folderu w bazie)
[2026-08-06 12:49:13] [INFO] SYMULACJA POMINIĘCIE: 'test R0.5 D3.tom' (Brak folderu w bazie)
[2026-08-06 12:49:13] [INFO] SYMULACJA POMINIĘCIE: 'test10mm.tom' (Brak folderu w bazie)
[2026-08-06 12:49:13] [INFO] SYMULACJA POMINIĘCIE: 'TESTY D6-L13-Z3-lamacz.tom' (Brak folderu w bazie)
[2026-08-06 12:49:13] [INFO] SYMULACJA POMINIĘCIE: 'WIERTLO D14,5x13 L9,5 PRAWE.tom' (Brak folderu w bazie)
[2026-08-06 12:49:13] [INFO] SYMULACJA POMINIĘCIE: 'WIERTLO OSYLACYJNE D10.tom' (Brak folderu w bazie)
[2026-08-06 12:49:13] [INFO] SYMULACJA POMINIĘCIE: 'wiertlo pletwa d5x3.tom' (Brak folderu w bazie)
[2026-08-06 12:49:13] [INFO] SYMULACJA POMINIĘCIE: 'WIERTLO Z4 D6x10 lewe KLAMKA test.tom' (Brak folderu w bazie)
[2026-08-06 12:49:13] [INFO] SYMULACJA POMINIĘCIE: 'WIERTLO Z4 D6x10 PRAWE KLAMKA test.tom' (Brak folderu w bazie)
[2026-08-06 12:49:13] [INFO] SYMULACJA POMINIĘCIE: 'WIERTLO Z4 D6x12 PRAWE KLAMKA test.tom' (Brak folderu w bazie)
[2026-08-06 12:49:13] [INFO] SYMULACJA POMINIĘCIE: 'WIERTLO- D13-D7-L10-Z4  LEWE oprawa.tom' (Brak folderu w bazie)
[2026-08-06 12:49:13] [INFO] SYMULACJA POMINIĘCIE: 'WIERTLO-D6.5test3-promien gash.tom' (Brak folderu w bazie)
[2026-08-06 12:49:13] [INFO] SYMULACJA POMINIĘCIE: 'Wytaczak D6 x 1.5 L15 LEWE.tom' (Brak folderu w bazie)
[2026-08-06 12:49:13] [INFO] SYMULACJA POMINIĘCIE: 'Wytaczak D8 L2.5.tom' (Brak folderu w bazie)
[2026-08-06 12:49:13] [INFO] SYMULACJA POMINIĘCIE: 'Wytaczak trapezowy D10.5 L22 LEWE.tom' (Brak folderu w bazie)
[2026-08-06 12:49:13] [INFO] SYMULACJA POMINIĘCIE: 'Wytaczak trapezowy D9.5 L25 LEWE.tom' (Brak folderu w bazie)
[2026-08-06 12:49:13] [INFO] SYMULACJA POMINIĘCIE: 'xxxad.tom' (Brak folderu w bazie)
[2026-08-06 12:49:13] [INFO] SYMULACJA POMINIĘCIE: 'p1 przod.tom' (Brak folderu w bazie)
[2026-08-06 12:49:13] [INFO] SYMULACJA POMINIĘCIE: 'p2 tyl.tom' (Brak folderu w bazie)
[2026-08-06 12:49:13] [INFO] SYMULACJA POMINIĘCIE: 'D10-L60-NOZYK DO GUMY V2.tom' (Brak folderu w bazie)
[2026-08-06 12:49:13] [INFO] SYMULACJA POMINIĘCIE: 'D10-L60-NOZYK DO GUMY V3.tom' (Brak folderu w bazie)
[2026-08-06 12:49:13] [INFO] SYMULACJA POMINIĘCIE: 'D10-L60-NOZYK DO GUMY.tom' (Brak folderu w bazie)
[2026-08-06 12:49:13] [INFO] SYMULACJA POMINIĘCIE: 'DRUTEX D5 L25 Z1 HW O1-ALU SPIRALA 20.tom' (Brak folderu w bazie)
[2026-08-06 12:49:13] [INFO] SYMULACJA POMINIĘCIE: 'DRUTEX D5 L25 Z1 HW O1-ALU SPIRALA 25.tom' (Brak folderu w bazie)
[2026-08-06 12:49:13] [INFO] SYMULACJA POMINIĘCIE: 'DRUTEX D5 L25 Z1 HW O1-ALU.tom' (Brak folderu w bazie)
[2026-08-06 12:49:13] [INFO] SYMULACJA POMINIĘCIE: 'NIDEC Z16 D40 naprzemian.tom' (Brak folderu w bazie)
[2026-08-06 12:49:13] [INFO] SYMULACJA POMINIĘCIE: ' D2 Z2 KULKA KK .tom' (Brak folderu w bazie)
[2026-08-06 12:49:13] [INFO] SYMULACJA POMINIĘCIE: ' D2 Z2 KULKA KK v2 .tom' (Brak folderu w bazie)
[2026-08-06 12:49:13] [INFO] SYMULACJA POMINIĘCIE: ' D2 Z2 KULKA KK v3 .tom' (Brak folderu w bazie)
[2026-08-06 12:49:13] [INFO] SYMULACJA POMINIĘCIE: 'D12 Z3 fazyNegatyw.tom' (Brak folderu w bazie)
[2026-08-06 12:49:13] [INFO] SYMULACJA POMINIĘCIE: 'D16 R4.6 swid.tom' (Brak folderu w bazie)
[2026-08-06 12:49:13] [INFO] SYMULACJA POMINIĘCIE: 'D16 Z2  R4 R3.5 PRAWE.tom' (Brak folderu w bazie)
[2026-08-06 12:49:13] [INFO] SYMULACJA POMINIĘCIE: 'D16 Z3 PROF PRAWE.tom' (Brak folderu w bazie)
[2026-08-06 12:49:13] [INFO] SYMULACJA POMINIĘCIE: 'D25 R2 swid.tom' (Brak folderu w bazie)
[2026-08-06 12:49:13] [INFO] SYMULACJA POMINIĘCIE: 'D25.tom' (Brak folderu w bazie)
[2026-08-06 12:49:13] [INFO] SYMULACJA POMINIĘCIE: 'D3 Z4.tom' (Brak folderu w bazie)
[2026-08-06 12:49:13] [INFO] SYMULACJA POMINIĘCIE: 'D6 L17 Z1 PrawoLewy .tom' (Brak folderu w bazie)
[2026-08-06 12:49:13] [INFO] SYMULACJA POMINIĘCIE: 'D6 L17 Z1 PrawoLewy S40 .tom' (Brak folderu w bazie)
[2026-08-06 12:49:13] [INFO] SYMULACJA POMINIĘCIE: 'D6 L17 Z1 PrawoLewy S50 .tom' (Brak folderu w bazie)
[2026-08-06 12:49:13] [INFO] SYMULACJA POMINIĘCIE: 'D6 Z1+1 L17+4.5 .tom' (Brak folderu w bazie)
[2026-08-06 12:49:13] [INFO] SYMULACJA POMINIĘCIE: 'D6 Z1+1 L17+4.5 v2 .tom' (Brak folderu w bazie)
[2026-08-06 12:49:13] [INFO] SYMULACJA POMINIĘCIE: 'D6 Z1+1 L17+4.5 v3 .tom' (Brak folderu w bazie)
[2026-08-06 12:49:13] [INFO] SYMULACJA POMINIĘCIE: 'dsad.tom' (Brak folderu w bazie)
[2026-08-06 12:49:13] [INFO] SYMULACJA POMINIĘCIE: 'f3 XL z=4 V2tomkowa.tom' (Brak folderu w bazie)
[2026-08-06 12:49:13] [INFO] SYMULACJA POMINIĘCIE: 'f3 XL z=4.tom' (Brak folderu w bazie)
[2026-08-06 12:49:13] [INFO] SYMULACJA POMINIĘCIE: 'fazownik D25 x d4 Z3 K90.tom' (Brak folderu w bazie)
[2026-08-06 12:49:13] [INFO] SYMULACJA POMINIĘCIE: 'fazownik z2 D10 R5.tom' (Brak folderu w bazie)
[2026-08-06 12:49:13] [INFO] SYMULACJA POMINIĘCIE: 'FREZ D12 Z2+2 L15X60.tom' (Brak folderu w bazie)
[2026-08-06 12:49:13] [INFO] SYMULACJA POMINIĘCIE: 'FREZ D16 L15 Z3.tom' (Brak folderu w bazie)
[2026-08-06 12:49:13] [INFO] SYMULACJA POMINIĘCIE: 'Frez d25 R13.14 do 90st.tom' (Brak folderu w bazie)
[2026-08-06 12:49:13] [INFO] SYMULACJA POMINIĘCIE: 'Frez d25 R13.14 poprawiony.tom' (Brak folderu w bazie)
[2026-08-06 12:49:13] [INFO] SYMULACJA POMINIĘCIE: 'Frez d25 R13.14.tom' (Brak folderu w bazie)
[2026-08-06 12:49:13] [INFO] SYMULACJA POMINIĘCIE: 'FREZ FAZA Z PROMIENIAMI R5 R2 .tom' (Brak folderu w bazie)
[2026-08-06 12:49:13] [INFO] SYMULACJA POMINIĘCIE: 'FREZ FAZA Z PROMIENIAMI Z4 R5 R2  .tom' (Brak folderu w bazie)
[2026-08-06 12:49:13] [INFO] SYMULACJA POMINIĘCIE: 'Frez R4 R4.tom' (Brak folderu w bazie)
[2026-08-06 12:49:13] [INFO] SYMULACJA POMINIĘCIE: 'Frez z4 R508.tom' (Brak folderu w bazie)
[2026-08-06 12:49:13] [INFO] SYMULACJA POMINIĘCIE: 'Grawer D6.tom' (Brak folderu w bazie)
[2026-08-06 12:49:13] [INFO] SYMULACJA POMINIĘCIE: 'Grawer test.tom' (Brak folderu w bazie)
[2026-08-06 12:49:13] [INFO] SYMULACJA POMINIĘCIE: 'kompensacyjny z pakietu.tom' (Brak folderu w bazie)
[2026-08-06 12:49:13] [INFO] SYMULACJA POMINIĘCIE: 'KrysteK Wiertlo czub.tom' (Brak folderu w bazie)
[2026-08-06 12:49:13] [INFO] SYMULACJA POMINIĘCIE: 'Nozyk 2.5 k30.tom' (Brak folderu w bazie)
[2026-08-06 12:49:13] [INFO] SYMULACJA POMINIĘCIE: 'nozyk.tom' (Brak folderu w bazie)
[2026-08-06 12:49:13] [INFO] SYMULACJA POMINIĘCIE: 'prf1 krzak.tom' (Brak folderu w bazie)
[2026-08-06 12:49:13] [INFO] SYMULACJA POMINIĘCIE: 'Teowy 60st.tom' (Brak folderu w bazie)
[2026-08-06 12:49:13] [INFO] SYMULACJA POMINIĘCIE: 'wałek testoyw.tom' (Brak folderu w bazie)
[2026-08-06 12:49:13] [INFO] SYMULACJA POMINIĘCIE: 'Wiertlo 15.5 z katem wstecznym.tom' (Brak folderu w bazie)
[2026-08-06 12:49:13] [INFO] SYMULACJA POMINIĘCIE: 'Wiertlo 8.4 x 20.tom' (Brak folderu w bazie)
[2026-08-06 12:49:13] [INFO] SYMULACJA POMINIĘCIE: 'Wiertlo bez czola z3 d4.35 x d8.tom' (Brak folderu w bazie)
[2026-08-06 12:49:13] [INFO] SYMULACJA POMINIĘCIE: 'WIERTLO D13 L49 proste.tom' (Brak folderu w bazie)
[2026-08-06 12:49:13] [INFO] SYMULACJA POMINIĘCIE: 'WIERTLO D14 L25 proste.tom' (Brak folderu w bazie)
[2026-08-06 12:49:13] [INFO] SYMULACJA POMINIĘCIE: 'WIERTLO D6.1 L59 90st.tom' (Brak folderu w bazie)
[2026-08-06 12:49:13] [INFO] SYMULACJA POMINIĘCIE: 'Wiertlo D8 D12 K120.tom' (Brak folderu w bazie)
[2026-08-06 12:49:13] [INFO] SYMULACJA POMINIĘCIE: 'Wiertlo D8.5xD12 K90 v2 .tom' (Brak folderu w bazie)
[2026-08-06 12:49:13] [INFO] SYMULACJA POMINIĘCIE: 'Wiertlo D8.5xD12 K90.tom' (Brak folderu w bazie)
[2026-08-06 12:49:13] [INFO] SYMULACJA POMINIĘCIE: 'Wiertlo palskie czolo z3 d6xd7.25.tom' (Brak folderu w bazie)
[2026-08-06 12:49:13] [INFO] SYMULACJA POMINIĘCIE: 'Wiertlo plaskie D14 L10 v2 glebsza.tom' (Brak folderu w bazie)
[2026-08-06 12:49:13] [INFO] SYMULACJA POMINIĘCIE: 'Wiertlo plaskie D14 L10.tom' (Brak folderu w bazie)
[2026-08-06 12:49:13] [INFO] SYMULACJA POMINIĘCIE: 'WstecznyR1.5 D 9.4.tom' (Brak folderu w bazie)
[2026-08-06 12:49:13] [INFO] SYMULACJA POMINIĘCIE: 'Frez teowy 19.05 V2.tom' (Brak folderu w bazie)
[2026-08-06 12:49:13] [INFO] SYMULACJA POMINIĘCIE: 'Frez teowy 19.05.tom' (Brak folderu w bazie)
[2026-08-06 12:49:13] [INFO] SYMULACJA POMINIĘCIE: 'PEEL EDITOR.tom' (Brak folderu w bazie)
[2026-08-06 12:49:13] [INFO] SYMULACJA POMINIĘCIE: 'S4-ST D10 weldon do symulacji wywazenia.tom' (Brak folderu w bazie)
[2026-08-06 12:49:13] [INFO] SYMULACJA POMINIĘCIE: 'D10 L25 Z3 A3-1025 08.07.24.tom' (Brak folderu w bazie)
[2026-08-06 12:49:13] [INFO] SYMULACJA POMINIĘCIE: 'D10-L22-Z4-HW.tom' (Brak folderu w bazie)
[2026-08-06 12:49:13] [INFO] SYMULACJA POMINIĘCIE: 'D12 L28 Z3 A3-1236 V5 19.06.24.tom' (Brak folderu w bazie)
[2026-08-06 12:49:13] [INFO] SYMULACJA POMINIĘCIE: 'D12-L26-Z4 S4-1235.tom' (Brak folderu w bazie)
[2026-08-06 12:49:13] [INFO] SYMULACJA POMINIĘCIE: 'D12-Z2-PROSTY PRZESTAWIONY-DRUTEX.tom' (Brak folderu w bazie)
[2026-08-06 12:49:13] [INFO] SYMULACJA POMINIĘCIE: 'D14 L32 Z3 A3-1432 09.07.24 TEST DLA KP.tom' (Brak folderu w bazie)
[2026-08-06 12:49:13] [INFO] SYMULACJA POMINIĘCIE: 'D16 L35 Z3 A3-1635 10.07.24.tom' (Brak folderu w bazie)
[2026-08-06 12:49:13] [INFO] SYMULACJA POMINIĘCIE: 'D16-L32-Z4-HW S4-1632.tom' (Brak folderu w bazie)
[2026-08-06 12:49:13] [INFO] SYMULACJA POMINIĘCIE: 'D4 L13 Z3 A3-413 26.06.24.tom' (Brak folderu w bazie)
[2026-08-06 12:49:13] [INFO] SYMULACJA POMINIĘCIE: 'D4-L11-Z4 S4-418.tom' (Brak folderu w bazie)
[2026-08-06 12:49:13] [INFO] SYMULACJA POMINIĘCIE: 'D4-L12-Z4 S4-418 walek d4.tom' (Brak folderu w bazie)
[2026-08-06 12:49:13] [INFO] SYMULACJA POMINIĘCIE: 'D4-L20-Z1-HS-NA 80-SKLEP.tom' (Brak folderu w bazie)
[2026-08-06 12:49:13] [INFO] SYMULACJA POMINIĘCIE: 'D5 L15 Z3 A3-515 04.07.24.tom' (Brak folderu w bazie)
[2026-08-06 12:49:13] [INFO] SYMULACJA POMINIĘCIE: 'D5-L12-Z4 S4-518.tom' (Brak folderu w bazie)
[2026-08-06 12:49:13] [INFO] SYMULACJA POMINIĘCIE: 'D5-L13-Z4 S4-519.tom' (Brak folderu w bazie)
[2026-08-06 12:49:13] [INFO] SYMULACJA POMINIĘCIE: 'D5-Z1-15x60-DRUTEX.tom' (Brak folderu w bazie)
[2026-08-06 12:49:13] [INFO] SYMULACJA POMINIĘCIE: 'D6 L16 Z3 A3-616 05.07.24.tom' (Brak folderu w bazie)
[2026-08-06 12:49:13] [INFO] SYMULACJA POMINIĘCIE: 'D6-L13-Z4 S4-6200.tom' (Brak folderu w bazie)
[2026-08-06 12:49:13] [INFO] SYMULACJA POMINIĘCIE: 'D8 L22 Z3 A3-822 19.06.24.tom' (Brak folderu w bazie)
[2026-08-06 12:49:13] [INFO] SYMULACJA POMINIĘCIE: 'D8-L19-Z4-HW.tom' (Brak folderu w bazie)
[2026-08-06 12:49:13] [INFO] SYMULACJA POMINIĘCIE: 'DRUTEX D4 Z1 - A1 425 sklep poprawiony.tom' (Brak folderu w bazie)
[2026-08-06 12:49:13] [INFO] SYMULACJA OK: 'FREZWID(SKLEP) D5 L30 PRAWE JW.tom' zakwalifikowany do 'BST-1 FREZWID'
[2026-08-06 12:49:13] [INFO] SYMULACJA POMINIĘCIE: 'WIERTLO POD KLAMKE D10-PILOT 6NA6 PRAWE.tom' (Brak folderu w bazie)
[2026-08-06 12:49:13] [INFO] SYMULACJA POMINIĘCIE: 'WIERTLO POD KLAMKE D12x6 L6 PRAWE.tom' (Brak folderu w bazie)
[2026-08-06 12:49:13] [INFO] SYMULACJA POMINIĘCIE: 'WIERTLO POD KLAMKE-D12-PILOT 6NA6-LEWE.tom' (Brak folderu w bazie)
[2026-08-06 12:49:13] [INFO] SYMULACJA POMINIĘCIE: 'CZOLO NIEPRZELOTOWE.tom' (Brak folderu w bazie)
[2026-08-06 12:49:13] [INFO] SYMULACJA POMINIĘCIE: 'PRO TECH WIERTLO D7x4.5 K180.tom' (Brak folderu w bazie)
[2026-08-06 12:49:13] [INFO] SYMULACJA POMINIĘCIE: 'ALPHA TECHNOLOGY WIERTLO D10x6.8 L36 K135.tom' (Brak folderu w bazie)
[2026-08-06 12:49:13] [INFO] SYMULACJA POMINIĘCIE: 'ALURON WIERTLO D6x10 .tom' (Brak folderu w bazie)
[2026-08-06 12:49:13] [INFO] SYMULACJA POMINIĘCIE: 'BALERINA SIA WIERTLO Z4 6x10 KLAMKA.tom' (Brak folderu w bazie)
[2026-08-06 12:49:13] [INFO] SYMULACJA POMINIĘCIE: 'BALTICA SYSTEM WIERTLO D6.5x10 L6.5 .tom' (Brak folderu w bazie)
[2026-08-06 12:49:13] [INFO] SYMULACJA POMINIĘCIE: 'BERTRAND D10 L50-LEWE-BEZ PILOTA.tom' (Brak folderu w bazie)
[2026-08-06 12:49:13] [INFO] SYMULACJA POMINIĘCIE: 'COMATIC D10x8.5 Z4 135 st.tom' (Brak folderu w bazie)
[2026-08-06 12:49:13] [INFO] SYMULACJA POMINIĘCIE: 'COMATIC WIERTLO D10x6.8 L36 .tom' (Brak folderu w bazie)
[2026-08-06 12:49:13] [INFO] SYMULACJA POMINIĘCIE: 'DE-MA D10 L80-LEWE-BEZ PILOTA.tom' (Brak folderu w bazie)
[2026-08-06 12:49:13] [INFO] SYMULACJA POMINIĘCIE: 'DOM-EL D10 L60-LEWE-BEZ PILOTA.tom' (Brak folderu w bazie)
[2026-08-06 12:49:13] [INFO] SYMULACJA POMINIĘCIE: 'DREKON WIERTLO D10X2.5 90st.tom' (Brak folderu w bazie)
[2026-08-06 12:49:13] [INFO] SYMULACJA POMINIĘCIE: 'ELZBIECIAK D10 L30 NIEPRZELOTOWE lewe.tom' (Brak folderu w bazie)
[2026-08-06 12:49:13] [INFO] SYMULACJA POMINIĘCIE: 'ELZBIECIAK D10 L30 NIEPRZELOTOWE.tom' (Brak folderu w bazie)
[2026-08-06 12:49:13] [INFO] SYMULACJA POMINIĘCIE: 'EUROKLIM D10 L40 PRAWE-BEZ PILOTA.tom' (Brak folderu w bazie)
[2026-08-06 12:49:13] [INFO] SYMULACJA POMINIĘCIE: 'FAKRO WIERTLO D10X4 120st.tom' (Brak folderu w bazie)
[2026-08-06 12:49:13] [INFO] SYMULACJA POMINIĘCIE: 'FARO D3,5x16 K60 PRZELOTOWE.tom' (Brak folderu w bazie)
[2026-08-06 12:49:13] [INFO] SYMULACJA POMINIĘCIE: 'FARO D4x10 L21,5x10 PRZELOTOWE lewe.tom' (Brak folderu w bazie)
[2026-08-06 12:49:13] [INFO] SYMULACJA POMINIĘCIE: 'FARO D4x10 L21,5x10 PRZELOTOWE.tom' (Brak folderu w bazie)
[2026-08-06 12:49:13] [INFO] SYMULACJA POMINIĘCIE: 'FOLMAX D10 L80-LEWE-BEZ PILOTA.tom' (Brak folderu w bazie)
[2026-08-06 12:49:13] [INFO] SYMULACJA POMINIĘCIE: 'FREZWID WIERTLO Z4 6x10 KLAMKA LEWE.tom' (Brak folderu w bazie)
[2026-08-06 12:49:13] [INFO] SYMULACJA POMINIĘCIE: 'FREZWID WIERTLO Z4 6x10 LEWE KLAMKA.tom' (Brak folderu w bazie)
[2026-08-06 12:49:13] [INFO] SYMULACJA POMINIĘCIE: 'FREZWID WIERTLO Z4 6x10 PRAWE KLAMKA.tom' (Brak folderu w bazie)
[2026-08-06 12:49:13] [INFO] SYMULACJA POMINIĘCIE: 'INTERMASZ DLA KRZYNOWEK D10 L80 NIEPRZELOTOWE.tom' (Brak folderu w bazie)
[2026-08-06 12:49:13] [INFO] SYMULACJA POMINIĘCIE: 'KLAKLA D10 L100 PROSTE.tom' (Brak folderu w bazie)
[2026-08-06 12:49:13] [INFO] SYMULACJA POMINIĘCIE: 'KORZEKWA D10 L60 NIEPRZELOTOWE LEWE.tom' (Brak folderu w bazie)
[2026-08-06 12:49:13] [INFO] SYMULACJA POMINIĘCIE: 'KORZEKWA D10 L60 NIEPRZELOTOWE PRAWE.tom' (Brak folderu w bazie)
[2026-08-06 12:49:13] [INFO] SYMULACJA POMINIĘCIE: 'LTINTUS WIERTLO Z4 D6x10 L5x80 PRAWE KLAMKA.tom' (Brak folderu w bazie)
[2026-08-06 12:49:13] [INFO] SYMULACJA POMINIĘCIE: 'LTINTUYS WIERTLO Z4 D6x10 L5X80 KLAMKA LEWE.tom' (Brak folderu w bazie)
[2026-08-06 12:49:13] [INFO] SYMULACJA POMINIĘCIE: 'LUPOL D10 L80 NIEPRZELOTOWE.tom' (Brak folderu w bazie)
[2026-08-06 12:49:13] [INFO] SYMULACJA POMINIĘCIE: 'MIKINKA D10.1- PRAWE-NIEPRZELOTOWE.tom' (Brak folderu w bazie)
[2026-08-06 12:49:13] [INFO] SYMULACJA POMINIĘCIE: 'NOWY STYL WIERTLO D6x10 60st.tom' (Brak folderu w bazie)
[2026-08-06 12:49:13] [INFO] SYMULACJA POMINIĘCIE: 'OKNOPLAST WIERTLO  D10x6 L6 LEWE.tom' (Brak folderu w bazie)
[2026-08-06 12:49:13] [INFO] SYMULACJA POMINIĘCIE: 'PAGEN WIERTLO D10X6 LEWE KLAMKA.tom' (Brak folderu w bazie)
[2026-08-06 12:49:13] [INFO] SYMULACJA POMINIĘCIE: 'PETECKI D10 L50-PRAWE-BEZ PILOTA.tom' (Brak folderu w bazie)
[2026-08-06 12:49:13] [INFO] SYMULACJA POMINIĘCIE: 'PPHU FOLMAX WIERTLO  D10x6 L6 LEWE.tom' (Brak folderu w bazie)
[2026-08-06 12:49:13] [INFO] SYMULACJA POMINIĘCIE: 'PRO TECH D20x12 L15x35 PRZELOTOWE 60 ST.tom' (Brak folderu w bazie)
[2026-08-06 12:49:13] [INFO] SYMULACJA POMINIĘCIE: 'PRO TECH D20x12,5 L15x35 PRZELOTOWE 60 ST.tom' (Brak folderu w bazie)
[2026-08-06 12:49:13] [INFO] SYMULACJA POMINIĘCIE: 'PRO TECH D20x8 L20x30 PRZELOTOWE 60 ST.tom' (Brak folderu w bazie)
[2026-08-06 12:49:13] [INFO] SYMULACJA POMINIĘCIE: 'PRO-TECH D10X4.5 K120.tom' (Brak folderu w bazie)
[2026-08-06 12:49:13] [INFO] SYMULACJA POMINIĘCIE: 'PRO-TECH D10x7.2x4.5 K120.tom' (Brak folderu w bazie)
[2026-08-06 12:49:13] [INFO] SYMULACJA POMINIĘCIE: 'PRO-TECH POGLEBIACZ D10 L15 NIEPRZELOTOWE pod wiertlo.tom' (Brak folderu w bazie)
[2026-08-06 12:49:13] [INFO] SYMULACJA POMINIĘCIE: 'stolmach D10.1x16 PRZELOTOWE lewe60st.tom' (Brak folderu w bazie)
[2026-08-06 12:49:13] [INFO] SYMULACJA POMINIĘCIE: 'TECHNO ROM TOOLS D10-PILOT 6NA6 PRAWE.tom' (Brak folderu w bazie)
[2026-08-06 12:49:13] [INFO] SYMULACJA POMINIĘCIE: 'TEHNO ROM TOOLS WIERTLO D10x6 L6 PRAWE.tom' (Brak folderu w bazie)
[2026-08-06 12:49:13] [INFO] SYMULACJA POMINIĘCIE: 'TIMBERPLUS WIERTŁO D10 L115.tom' (Brak folderu w bazie)
[2026-08-06 12:49:13] [INFO] SYMULACJA POMINIĘCIE: 'TOMBUD D10X6 PRZELOTOWE 60st LEWE.tom' (Brak folderu w bazie)
[2026-08-06 12:49:13] [INFO] SYMULACJA POMINIĘCIE: 'TOMBUD D10X6 PRZELOTOWE 60st.tom' (Brak folderu w bazie)
[2026-08-06 12:49:13] [INFO] SYMULACJA POMINIĘCIE: 'WALDEMARO WIERTLO D10X6 PRAWE KLAMKA.tom' (Brak folderu w bazie)
[2026-08-06 12:49:13] [INFO] SYMULACJA POMINIĘCIE: 'WEKTOR Wiertlo D10 K120.tom' (Brak folderu w bazie)
[2026-08-06 12:49:13] [INFO] SYMULACJA POMINIĘCIE: 'ALPINA FIRE WIERTLO D11.5x6 L6 PRAWE.tom' (Brak folderu w bazie)
[2026-08-06 12:49:13] [INFO] SYMULACJA POMINIĘCIE: 'ALU-HOUSE WIERTLO STOP D6X11.5 HSS.tom' (Brak folderu w bazie)
[2026-08-06 12:49:13] [INFO] SYMULACJA POMINIĘCIE: 'ALU-HOUSE WIERTLO STOP D6X11.5.tom' (Brak folderu w bazie)
[2026-08-06 12:49:13] [INFO] SYMULACJA POMINIĘCIE: 'GAMAD WIERTLO D11 NIEPRZELOTOWE BEZ nacinakow.tom' (Brak folderu w bazie)
[2026-08-06 12:49:13] [INFO] SYMULACJA POMINIĘCIE: 'GT TOOLS D9,5x11 L38 NIEPRZELOTOWE.tom' (Brak folderu w bazie)
[2026-08-06 12:49:13] [INFO] SYMULACJA POMINIĘCIE: 'KM-OKNO WIERTLO D11x5,5 L6,5 LEWE.tom' (Brak folderu w bazie)
[2026-08-06 12:49:13] [INFO] SYMULACJA POMINIĘCIE: 'KS SYSTEMS wiertlo D11.9X6.5 z gotowego.tom' (Brak folderu w bazie)
[2026-08-06 12:49:13] [INFO] SYMULACJA POMINIĘCIE: 'PRESTIGE WIERTLO D11X6 L8.5 PRAWE KLAMKOWE.tom' (Brak folderu w bazie)
[2026-08-06 12:49:13] [INFO] SYMULACJA POMINIĘCIE: 'TELMEX WIERTLO D9.5x11.5.tom' (Brak folderu w bazie)
[2026-08-06 12:49:13] [INFO] SYMULACJA POMINIĘCIE: 'TOMBUD WIERTLO D11X6 L8.5 PRAWE KLAMKOWE.tom' (Brak folderu w bazie)
[2026-08-06 12:49:13] [INFO] SYMULACJA POMINIĘCIE: 'TOMBUD WIERTLO D11x6 splaszczenie.tom' (Brak folderu w bazie)
[2026-08-06 12:49:13] [INFO] SYMULACJA POMINIĘCIE: 'ALUMNI SRL WIERTLO D12x5.5 PRAWE K60.tom' (Brak folderu w bazie)
[2026-08-06 12:49:13] [INFO] SYMULACJA POMINIĘCIE: 'BALERINA SIA WIERTLO Z4 6x12 KLAMKA LEWE.tom' (Brak folderu w bazie)
[2026-08-06 12:49:13] [INFO] SYMULACJA POMINIĘCIE: 'BALERINA SIA WIERTLO Z4 6x12 KLAMKA.tom' (Brak folderu w bazie)
[2026-08-06 12:49:13] [INFO] SYMULACJA POMINIĘCIE: 'BAROCKA WIERTLO D12.8x7 PRAWE NIEPRZELOTOWE.tom' (Brak folderu w bazie)
[2026-08-06 12:49:13] [INFO] SYMULACJA POMINIĘCIE: 'D12-NIEPRZELOTOWE-lewe.tom' (Brak folderu w bazie)
[2026-08-06 12:49:13] [INFO] SYMULACJA POMINIĘCIE: 'D12-NIEPRZELOTOWE-PRAWE.tom' (Brak folderu w bazie)
[2026-08-06 12:49:13] [INFO] SYMULACJA POMINIĘCIE: 'DE-MA D12 L80-PRAWE-BEZ PILOTA.tom' (Brak folderu w bazie)
[2026-08-06 12:49:13] [INFO] SYMULACJA POMINIĘCIE: 'DOM-EL D12 L60-PRAWE-BEZ PILOTA.tom' (Brak folderu w bazie)
[2026-08-06 12:49:13] [INFO] SYMULACJA POMINIĘCIE: 'ENDGRAIN WIERTLO D12x10.5 NIEPRZELOTOWE.tom' (Brak folderu w bazie)
[2026-08-06 12:49:13] [INFO] SYMULACJA POMINIĘCIE: 'EUROKLIM D12 L40-LEWE-BEZ PILOTA.tom' (Brak folderu w bazie)
[2026-08-06 12:49:13] [INFO] SYMULACJA POMINIĘCIE: 'FARO D12 L70 NIEPRZELOTOWE.tom' (Brak folderu w bazie)
[2026-08-06 12:49:13] [INFO] SYMULACJA POMINIĘCIE: 'FARO D12,5 L110 NIEPRZELOTOWE.tom' (Brak folderu w bazie)
[2026-08-06 12:49:13] [INFO] SYMULACJA POMINIĘCIE: 'FARO D12,5-NIEPRZELOTOWE-PRAWE.tom' (Brak folderu w bazie)
[2026-08-06 12:49:13] [INFO] SYMULACJA POMINIĘCIE: 'FARO D12x10.5 L15,5x59,5 NIEPRZELOTOWE.tom' (Brak folderu w bazie)
[2026-08-06 12:49:13] [INFO] SYMULACJA POMINIĘCIE: 'FARO D12x10.5 L18,5x56,5 NIEPRZELOTOWE.tom' (Brak folderu w bazie)
[2026-08-06 12:49:13] [INFO] SYMULACJA POMINIĘCIE: 'FOLMAX D12 L80-LEWE-BEZ PILOTA.tom' (Brak folderu w bazie)
[2026-08-06 12:49:13] [INFO] SYMULACJA POMINIĘCIE: 'FOLMAX D12 L80-PRAWE-BEZ PILOTA.tom' (Brak folderu w bazie)
[2026-08-06 12:49:13] [INFO] SYMULACJA POMINIĘCIE: 'FREZWID WIERTLO Z4 6x12 KLAMKA PRAWE.tom' (Brak folderu w bazie)
[2026-08-06 12:49:13] [INFO] SYMULACJA POMINIĘCIE: 'KM-OKNO WIERTLO D12x5,5 L8,5 PRAWE.tom' (Brak folderu w bazie)
[2026-08-06 12:49:13] [INFO] SYMULACJA POMINIĘCIE: 'LESZEK JURKOWSKI D12x9x8 l20x13x52 WIERTLO HSS.tom' (Brak folderu w bazie)
[2026-08-06 12:49:13] [INFO] SYMULACJA POMINIĘCIE: 'LINETY ANDRZEJ WIERTŁO D12 L100 K60.tom' (Brak folderu w bazie)
[2026-08-06 12:49:13] [INFO] SYMULACJA POMINIĘCIE: 'LTINTUS WIERTLO Z4 D6x12 L5x80 KLAMKA LEWE.tom' (Brak folderu w bazie)
[2026-08-06 12:49:13] [INFO] SYMULACJA POMINIĘCIE: 'LTINTUS WIERTLO Z4 D6x12 L5x80 KLAMKA PRAWE.tom' (Brak folderu w bazie)
[2026-08-06 12:49:13] [INFO] SYMULACJA POMINIĘCIE: 'MOZDZEN D12 L70 NIEPRZELOTOWE.tom' (Brak folderu w bazie)
[2026-08-06 12:49:13] [INFO] SYMULACJA POMINIĘCIE: 'MTEHNIK WIERTLO D12x6x6 L50-LEWE.tom' (Brak folderu w bazie)
[2026-08-06 12:49:13] [INFO] SYMULACJA POMINIĘCIE: 'PIKUSA MAREK Z2 D22.2 L30.7 KRZYZYK.tom' (Brak folderu w bazie)
[2026-08-06 12:49:13] [INFO] SYMULACJA POMINIĘCIE: 'POLICA D5,7x12 L25x15 PRZELOTOWE.tom' (Brak folderu w bazie)
[2026-08-06 12:49:13] [INFO] SYMULACJA POMINIĘCIE: 'PPHU FOLMAX WIERTLO D12x6 L6 PRAWE.tom' (Brak folderu w bazie)
[2026-08-06 12:49:13] [INFO] SYMULACJA POMINIĘCIE: 'PRO-TECH NIEPRZELOTOWE D12X8.tom' (Brak folderu w bazie)
[2026-08-06 12:49:13] [INFO] SYMULACJA POMINIĘCIE: 'RAFF WIERTLO D12x9 PRAWE NIEPRZELOTOWE.tom' (Brak folderu w bazie)
[2026-08-06 12:49:13] [INFO] SYMULACJA POMINIĘCIE: 'STOLMACH D12.4x8.5 PRAWE NIEPRZELOTOWE.tom' (Brak folderu w bazie)
[2026-08-06 12:49:13] [INFO] SYMULACJA POMINIĘCIE: 'STOLMACH WIERTLO D12x8x3.nieprzelotowe HSStom.tom' (Brak folderu w bazie)
[2026-08-06 12:49:13] [INFO] SYMULACJA POMINIĘCIE: 'techno rom tools D12X6 L6 KLAMKA lewe.tom' (Brak folderu w bazie)
[2026-08-06 12:49:13] [INFO] SYMULACJA POMINIĘCIE: 'TECHNO ROM TOOLS KLAMKA D12X6 LEWE.tom' (Brak folderu w bazie)
[2026-08-06 12:49:13] [INFO] SYMULACJA POMINIĘCIE: 'TECHNO ROM TOOLS KLAMKA D12X6.tom' (Brak folderu w bazie)
[2026-08-06 12:49:13] [INFO] SYMULACJA POMINIĘCIE: 'TEHNO ROM TOOLS WIERTLO D12x6 L6 LEWE.tom' (Brak folderu w bazie)
[2026-08-06 12:49:13] [INFO] SYMULACJA POMINIĘCIE: 'WIERTLO D12-PRAWE-BEZ PILOTA.tom' (Brak folderu w bazie)
[2026-08-06 12:49:13] [INFO] SYMULACJA POMINIĘCIE: 'WND WIERTLO D6.5x23.6 X D12.9.tom' (Brak folderu w bazie)
[2026-08-06 12:49:13] [INFO] SYMULACJA POMINIĘCIE: 'D13-NIEPRZELOTOWE-PRAWE.tom' (Brak folderu w bazie)
[2026-08-06 12:49:13] [INFO] SYMULACJA POMINIĘCIE: 'LARS WIERTLO PRZELOTOWE D8.6x10.3x13 L24.8.tom' (Brak folderu w bazie)
[2026-08-06 12:49:13] [INFO] SYMULACJA POMINIĘCIE: 'PETECKI INVESTMENT Z2 D13 L40 K90.tom' (Brak folderu w bazie)
[2026-08-06 12:49:13] [INFO] SYMULACJA POMINIĘCIE: 'PRESTIGE WIERTLO D13X6 L8.5 LEWE KLAMKOWE.tom' (Brak folderu w bazie)
[2026-08-06 12:49:13] [INFO] SYMULACJA POMINIĘCIE: 'PROFINE D13,8x6,3 K118.tom' (Brak folderu w bazie)
[2026-08-06 12:49:13] [INFO] SYMULACJA POMINIĘCIE: 'PROFINE WIERTLO D13.8X6.3-PRAWE.tom' (Brak folderu w bazie)
[2026-08-06 12:49:13] [INFO] SYMULACJA POMINIĘCIE: 'WALDEMARO WIERTLO-D13x6 L6-LEWE.tom' (Brak folderu w bazie)
[2026-08-06 12:49:13] [INFO] SYMULACJA POMINIĘCIE: 'WIERTLO-D13XD7-L60-PRAWE-NIEPRZELOTOWE.tom' (Brak folderu w bazie)
[2026-08-06 12:49:13] [INFO] SYMULACJA POMINIĘCIE: 'AGRO-JAN D14 SPECJALNE -125.tom' (Brak folderu w bazie)
[2026-08-06 12:49:13] [INFO] SYMULACJA POMINIĘCIE: 'BOLETUS BALTIC D15 L75 PRZELOTOWE 90 STOPNI.tom' (Brak folderu w bazie)
[2026-08-06 12:49:13] [INFO] SYMULACJA POMINIĘCIE: 'DALTECH D14 PROFIL z promieniami.tom' (Brak folderu w bazie)
[2026-08-06 12:49:13] [INFO] SYMULACJA POMINIĘCIE: 'DALTECH D14 PROFIL.tom' (Brak folderu w bazie)
[2026-08-06 12:49:13] [INFO] SYMULACJA POMINIĘCIE: 'DALTECH D14x11.78x8.4x5.1 K130.tom' (Brak folderu w bazie)
[2026-08-06 12:49:13] [INFO] SYMULACJA POMINIĘCIE: 'DREW-MEB WIERTLO D14 L60 NIEPRZELOT.tom' (Brak folderu w bazie)
[2026-08-06 12:49:13] [INFO] SYMULACJA POMINIĘCIE: 'GABI JERCZYNSKI WIERTLO D14 KORONA LUT.tom' (Brak folderu w bazie)
[2026-08-06 12:49:13] [INFO] SYMULACJA POMINIĘCIE: 'GROWINAR WIERTLO D14X10l35 PRAWE .tom' (Brak folderu w bazie)
[2026-08-06 12:49:13] [INFO] SYMULACJA POMINIĘCIE: 'MALPISZON D12 PRZELOTOWE 60st.tom' (Brak folderu w bazie)
[2026-08-06 12:49:13] [INFO] SYMULACJA POMINIĘCIE: 'MATBOR WIERTLO D14X8 L56 PRAWE .tom' (Brak folderu w bazie)
[2026-08-06 12:49:13] [INFO] SYMULACJA POMINIĘCIE: 'POL-SKONE WIERTLO D14x12 LEWE NIEPRZELOTOWE.tom' (Brak folderu w bazie)
[2026-08-06 12:49:13] [INFO] SYMULACJA POMINIĘCIE: 'POL-SKONE WIERTLO D14x12 PRAWE NIEPRZELOTOWE test.tom' (Brak folderu w bazie)
[2026-08-06 12:49:13] [INFO] SYMULACJA POMINIĘCIE: 'POL-SKONE WIERTLO D14x12 PRAWE NIEPRZELOTOWE.tom' (Brak folderu w bazie)
[2026-08-06 12:49:13] [INFO] SYMULACJA POMINIĘCIE: 'ROSKOSZ  D14 PRZELOTOWE 60st.tom' (Brak folderu w bazie)
[2026-08-06 12:49:13] [INFO] SYMULACJA POMINIĘCIE: 'WIESLAW NIEDZIELA D14x8 R4.tom' (Brak folderu w bazie)
[2026-08-06 12:49:13] [INFO] SYMULACJA POMINIĘCIE: 'ZEBRA D9x14 L25.5 NIEPRZELOTOWE.tom' (Brak folderu w bazie)
[2026-08-06 12:49:13] [INFO] SYMULACJA POMINIĘCIE: 'ALUMNI SRL D8x15 L46,9x15 PRZELOTOWE.tom' (Brak folderu w bazie)
[2026-08-06 12:49:13] [INFO] SYMULACJA POMINIĘCIE: 'FILICIAK WIERTLO Z2 D15X8 NIEPRZELOTOWE.tom' (Brak folderu w bazie)
[2026-08-06 12:49:13] [INFO] SYMULACJA POMINIĘCIE: 'GOLD DREW D7x15 L130 NIEPRZELOTOWE PRAWE.tom' (Brak folderu w bazie)
[2026-08-06 12:49:13] [INFO] SYMULACJA POMINIĘCIE: 'GOLD DREW D7x15 L140 NIEPRZELOTOWE PRAWE.tom' (Brak folderu w bazie)
[2026-08-06 12:49:13] [INFO] SYMULACJA POMINIĘCIE: 'GOLD DREW D7x15 NIEPRZELOTOWE LEWE.tom' (Brak folderu w bazie)
[2026-08-06 12:49:13] [INFO] SYMULACJA POMINIĘCIE: 'GOLD DREW D7x15 NIEPRZELOTOWE PRAWE.tom' (Brak folderu w bazie)
[2026-08-06 12:49:13] [INFO] SYMULACJA POMINIĘCIE: 'GOLD DREW D7x15L100 NIEPRZELOTOWE LEWE.tom' (Brak folderu w bazie)
[2026-08-06 12:49:13] [INFO] SYMULACJA POMINIĘCIE: 'GOLD DREW D7x15L130 NIEPRZELOTOWE LEWE.tom' (Brak folderu w bazie)
[2026-08-06 12:49:13] [INFO] SYMULACJA POMINIĘCIE: 'GOLD DREW D7x15L140 NIEPRZELOTOWE LEWE.tom' (Brak folderu w bazie)
[2026-08-06 12:49:13] [INFO] SYMULACJA POMINIĘCIE: 'PRO-TECH D15 X 11 L15X10.tom' (Brak folderu w bazie)
[2026-08-06 12:49:13] [INFO] SYMULACJA POMINIĘCIE: 'PRO-TECH PRZELOTOWE 15,5x6,6 L35x20.tom' (Brak folderu w bazie)
[2026-08-06 12:49:13] [INFO] SYMULACJA POMINIĘCIE: 'PRO-TECH PRZELOTOWE D15x6 L50x30.tom' (Brak folderu w bazie)
[2026-08-06 12:49:13] [INFO] SYMULACJA POMINIĘCIE: 'BASTER WIERTLO D16X10 L23 PRAWE .tom' (Brak folderu w bazie)
[2026-08-06 12:49:13] [INFO] SYMULACJA POMINIĘCIE: 'BERTSCH PUSZKA D16.tom' (Brak folderu w bazie)
[2026-08-06 12:49:13] [INFO] SYMULACJA POMINIĘCIE: 'DANDAV WIERTLO D16x6.8 HS.tom' (Brak folderu w bazie)
[2026-08-06 12:49:13] [INFO] SYMULACJA POMINIĘCIE: 'FILICIAK WIERTLO Z2 D16X9 NIEPRZELOTOWE pop.tom' (Brak folderu w bazie)
[2026-08-06 12:49:13] [INFO] SYMULACJA POMINIĘCIE: 'FILICIAK WIERTLO Z2 D16X9 NIEPRZELOTOWE.tom' (Brak folderu w bazie)
[2026-08-06 12:49:13] [INFO] SYMULACJA POMINIĘCIE: 'FMP KRAKOW WIERTLO D16x7,35 HS.tom' (Brak folderu w bazie)
[2026-08-06 12:49:13] [INFO] SYMULACJA POMINIĘCIE: 'GABI JERCZYNSKI WIERTLO D16 KORONA LUT.tom' (Brak folderu w bazie)
[2026-08-06 12:49:13] [INFO] SYMULACJA POMINIĘCIE: 'GALANTERIA W DREWNIE D10x16 z2 60stopni.tom' (Brak folderu w bazie)
[2026-08-06 12:49:13] [INFO] SYMULACJA POMINIĘCIE: 'NOWY STYL D16X11 WIERTLO LUT.tom' (Brak folderu w bazie)
[2026-08-06 12:49:13] [INFO] SYMULACJA POMINIĘCIE: 'PAWEL KRAWCZYK WIERTLO D16 KORONA.tom' (Brak folderu w bazie)
[2026-08-06 12:49:13] [INFO] SYMULACJA POMINIĘCIE: 'PRO-TECH D6x16 L30.tom' (Brak folderu w bazie)
[2026-08-06 12:49:13] [INFO] SYMULACJA POMINIĘCIE: 'DREW-JAR WIERTLO D17 60st.tom' (Brak folderu w bazie)
[2026-08-06 12:49:13] [INFO] SYMULACJA POMINIĘCIE: 'DREWNOPLAST D17x17 K120 PRAWE.tom' (Brak folderu w bazie)
[2026-08-06 12:49:13] [INFO] SYMULACJA POMINIĘCIE: 'ALURON WIERTLO D15x18 L50x80.tom' (Brak folderu w bazie)
[2026-08-06 12:49:13] [INFO] SYMULACJA POMINIĘCIE: 'PALETA TRANS DREW WIERTLO D18 L65 K90 PRAWE.tom' (Brak folderu w bazie)
[2026-08-06 12:49:13] [INFO] SYMULACJA POMINIĘCIE: 'PRO-TECH WIERTLO D18x10 PRAWE.tom' (Brak folderu w bazie)
[2026-08-06 12:49:13] [INFO] SYMULACJA POMINIĘCIE: 'SAPOR WIERTLO D18x14 PRAWE.tom' (Brak folderu w bazie)
[2026-08-06 12:49:13] [INFO] SYMULACJA OK: 'WIERTLO-D7.6-18-D7.2-42.9-PRAWE-POL-SKONE-HS.tom' zakwalifikowany do '700 POL SKONE'
[2026-08-06 12:49:13] [INFO] SYMULACJA POMINIĘCIE: 'WIESLAW NIEDZIELA D18x8 R10.tom' (Brak folderu w bazie)
[2026-08-06 12:49:13] [INFO] SYMULACJA POMINIĘCIE: 'DREW-JAR WIERTLO D20x17 60st.tom' (Brak folderu w bazie)
[2026-08-06 12:49:13] [INFO] SYMULACJA POMINIĘCIE: 'PH KONTRA WIERTLO D19 Z2 90st.tom' (Brak folderu w bazie)
[2026-08-06 12:49:13] [INFO] SYMULACJA OK: 'ACOMATIQ wierlo 5-stop z2+2.tom' zakwalifikowany do '313 ACOMATIQ'
[2026-08-06 12:49:13] [INFO] SYMULACJA OK: 'ACOMATIQ wierlo WELDONY.tom' zakwalifikowany do '313 ACOMATIQ'
[2026-08-06 12:49:13] [INFO] SYMULACJA POMINIĘCIE: 'ANDREW D22 L150 NIEPRZELOTOWE.tom' (Brak folderu w bazie)
[2026-08-06 12:49:13] [INFO] SYMULACJA POMINIĘCIE: 'ANDREW D26 L135 NIEPRZELOTOWE.tom' (Brak folderu w bazie)
[2026-08-06 12:49:13] [INFO] SYMULACJA POMINIĘCIE: 'ANDREW D26 L150 NIEPRZELOTOWE.tom' (Brak folderu w bazie)
[2026-08-06 12:49:13] [INFO] SYMULACJA POMINIĘCIE: 'ANDREW D30 L150 NIEPRZELOTOWE.tom' (Brak folderu w bazie)
[2026-08-06 12:49:13] [INFO] SYMULACJA POMINIĘCIE: 'ANDREW TEST S35 WIERTLO D26 L210 PRAWE-PRZELOTOWE.tom' (Brak folderu w bazie)
[2026-08-06 12:49:13] [INFO] SYMULACJA POMINIĘCIE: 'ANDREW WIERTLO D26 L160 PRAWE-PRZELOTOWE.tom' (Brak folderu w bazie)
[2026-08-06 12:49:13] [INFO] SYMULACJA POMINIĘCIE: 'ANDREW WIERTLO D26 L210 PRAWE-PRZELOTOWE.tom' (Brak folderu w bazie)
[2026-08-06 12:49:13] [INFO] SYMULACJA POMINIĘCIE: 'BASTER D10x20.5 120 stopni.tom' (Brak folderu w bazie)
[2026-08-06 12:49:13] [INFO] SYMULACJA POMINIĘCIE: 'BELMAFLEX WIERTLO D22x10 Z3 HS LEWE.tom' (Brak folderu w bazie)
[2026-08-06 12:49:13] [INFO] SYMULACJA POMINIĘCIE: 'BELMAFLEX WIERTLO D22x10 Z3 HS.tom' (Brak folderu w bazie)
[2026-08-06 12:49:13] [INFO] SYMULACJA POMINIĘCIE: 'BELMAFLEX WIERTLO D31.5x9.5 Z3 HS PRAWE.tom' (Brak folderu w bazie)
[2026-08-06 12:49:13] [INFO] SYMULACJA POMINIĘCIE: 'BELMAFLEX WIERTLO D31.5xD9.5 Z3 HS LEWE.tom' (Brak folderu w bazie)
[2026-08-06 12:49:13] [INFO] SYMULACJA POMINIĘCIE: 'DREKON D34x26 L150x15 NIEPRZELOTOWE HSS.tom' (Brak folderu w bazie)
[2026-08-06 12:49:13] [INFO] SYMULACJA POMINIĘCIE: 'DREW-JAR WIERTLO D20x17 L37 90st.tom' (Brak folderu w bazie)
[2026-08-06 12:49:13] [INFO] SYMULACJA POMINIĘCIE: 'DREW-JAR WIERTLO D20x17.5 L37 90st.tom' (Brak folderu w bazie)
[2026-08-06 12:49:13] [INFO] SYMULACJA POMINIĘCIE: 'DREWJAR D22 Z2 PROFIL HSS.tom' (Brak folderu w bazie)
[2026-08-06 12:49:13] [INFO] SYMULACJA POMINIĘCIE: 'DREWJAR D24 Z2 PROFIL HSS.tom' (Brak folderu w bazie)
[2026-08-06 12:49:13] [INFO] SYMULACJA POMINIĘCIE: 'DREWJAR D26 Z2 PROFIL HSS.tom' (Brak folderu w bazie)
[2026-08-06 12:49:13] [INFO] SYMULACJA POMINIĘCIE: 'FARO D20 Z3 150ST LEWE.tom' (Brak folderu w bazie)
[2026-08-06 12:49:13] [INFO] SYMULACJA POMINIĘCIE: 'FARO D20 Z3 150ST.tom' (Brak folderu w bazie)
[2026-08-06 12:49:13] [INFO] SYMULACJA POMINIĘCIE: 'FILICIAK WIERTLO Z2 D21.2X10 NIEPRZELOTOWE.tom' (Brak folderu w bazie)
[2026-08-06 12:49:13] [INFO] SYMULACJA POMINIĘCIE: 'FRONT ART CNC D8,2x20 L40x15 PRZELOTOWE.tom' (Brak folderu w bazie)
[2026-08-06 12:49:13] [INFO] SYMULACJA POMINIĘCIE: 'GT TOOLS D22 L100 NIEPRZELOTOWE.tom' (Brak folderu w bazie)
[2026-08-06 12:49:13] [INFO] SYMULACJA POMINIĘCIE: 'GT TOOLS D22 L150 NIEPRZELOTOWE.tom' (Brak folderu w bazie)
[2026-08-06 12:49:13] [INFO] SYMULACJA POMINIĘCIE: 'LAMONOPOL D20 Z4 TEST.tom' (Brak folderu w bazie)
[2026-08-06 12:49:13] [INFO] SYMULACJA POMINIĘCIE: 'LINETTY D20x10 L90 NIEPRZELOTOWE.tom' (Brak folderu w bazie)
[2026-08-06 12:49:13] [INFO] SYMULACJA POMINIĘCIE: 'MARATHOON PRZELOTOWE D24 L70 90ST CONR.tom' (Brak folderu w bazie)
[2026-08-06 12:49:13] [INFO] SYMULACJA POMINIĘCIE: 'MARDREW D19.8x20.6x26.4 nieprzelotowe.tom' (Brak folderu w bazie)
[2026-08-06 12:49:13] [INFO] SYMULACJA POMINIĘCIE: 'MASLACH WIERTLO D22 L220 PRAWE-PRZELOTOWE.tom' (Brak folderu w bazie)
[2026-08-06 12:49:13] [INFO] SYMULACJA POMINIĘCIE: 'PAMO WIERTLO LUT D26 NACINKAI.tom' (Brak folderu w bazie)
[2026-08-06 12:49:13] [INFO] SYMULACJA POMINIĘCIE: 'PH KONTRA D26 L90 PRZELOTOWE.tom' (Brak folderu w bazie)
[2026-08-06 12:49:13] [INFO] SYMULACJA POMINIĘCIE: 'PH KONTRA WIERTLO D20 L185 Z2 K90.tom' (Brak folderu w bazie)
[2026-08-06 12:49:13] [INFO] SYMULACJA POMINIĘCIE: 'PRO TECH D20x7 PRAWE PRZELOTOWE.tom' (Brak folderu w bazie)
[2026-08-06 12:49:13] [INFO] SYMULACJA POMINIĘCIE: 'PRO TECH D20x9.6 PRAWE NIEPRZELOTOWE.tom' (Brak folderu w bazie)
[2026-08-06 12:49:13] [INFO] SYMULACJA POMINIĘCIE: 'PRO TECH D25x9.6 PRAWE NIEPRZELOTOWE.tom' (Brak folderu w bazie)
[2026-08-06 12:49:13] [INFO] SYMULACJA POMINIĘCIE: 'PRO-TECH D26 L50 PRZELOTOWE.tom' (Brak folderu w bazie)
[2026-08-06 12:49:13] [INFO] SYMULACJA POMINIĘCIE: 'PRO-TECH WIERTLO D32x18 L30 K120.tom' (Brak folderu w bazie)
[2026-08-06 12:49:13] [INFO] SYMULACJA POMINIĘCIE: 'PROFI-TOOL FREZ D30 Z2 K-45.tom' (Brak folderu w bazie)
[2026-08-06 12:49:13] [INFO] SYMULACJA POMINIĘCIE: 'PROFI-TOOL FREZ D30 Z2 v2 K-45.tom' (Brak folderu w bazie)
[2026-08-06 12:49:13] [INFO] SYMULACJA POMINIĘCIE: 'STOLMACH WIERTLO D28x25x16.5 K90.tom' (Brak folderu w bazie)
[2026-08-06 12:49:13] [INFO] SYMULACJA POMINIĘCIE: 'SUPERSNOW WIERTLO D20x18.5x17 118st poprawa.tom' (Brak folderu w bazie)
[2026-08-06 12:49:13] [INFO] SYMULACJA POMINIĘCIE: 'SUPERSNOW WIERTLO D20x18.5x17 118st.tom' (Brak folderu w bazie)
[2026-08-06 12:49:13] [INFO] SYMULACJA POMINIĘCIE: 'TECHNOFORM D25 L30 NIEPRZELOTOWE.tom' (Brak folderu w bazie)
[2026-08-06 12:49:13] [INFO] SYMULACJA POMINIĘCIE: 'WIERTLO-D22-D10-Z3-HS-LEWE.tom' (Brak folderu w bazie)
[2026-08-06 12:49:13] [INFO] SYMULACJA POMINIĘCIE: 'ZAKLAD POREBA D20.5X23 CALY 10stopni.tom' (Brak folderu w bazie)
[2026-08-06 12:49:13] [INFO] SYMULACJA POMINIĘCIE: 'ZAKLAD POREBA D20.5X23 CALY 15stopni.tom' (Brak folderu w bazie)
[2026-08-06 12:49:13] [INFO] SYMULACJA POMINIĘCIE: 'ZAKLAD POREBA D20.5X23 CALY 20stopni.tom' (Brak folderu w bazie)
[2026-08-06 12:49:13] [INFO] SYMULACJA POMINIĘCIE: 'ZAKLAD POREBA D20.5X23 CALY 25stopni.tom' (Brak folderu w bazie)
[2026-08-06 12:49:13] [INFO] SYMULACJA POMINIĘCIE: 'ZAKLAD POREBA D20.5X23 CALY.tom' (Brak folderu w bazie)
[2026-08-06 12:49:13] [INFO] SYMULACJA POMINIĘCIE: 'ZAKLAD POREBA D20.5X23 ZARYS.tom' (Brak folderu w bazie)
[2026-08-06 12:49:13] [INFO] SYMULACJA POMINIĘCIE: 'FARO D3 90st HSS .tom' (Brak folderu w bazie)
[2026-08-06 12:49:13] [INFO] SYMULACJA POMINIĘCIE: 'PRO TECH D3 90st .tom' (Brak folderu w bazie)
[2026-08-06 12:49:13] [INFO] SYMULACJA POMINIĘCIE: 'WIDER WIERTLO SPEC D3 SZPIC.tom' (Brak folderu w bazie)
[2026-08-06 12:49:13] [INFO] SYMULACJA POMINIĘCIE: 'DREWNOJS WIERTLO D4 90st.tom' (Brak folderu w bazie)
[2026-08-06 12:49:13] [INFO] SYMULACJA POMINIĘCIE: 'FARO WIERTLO D4.2 K60 LEWE.tom' (Brak folderu w bazie)
[2026-08-06 12:49:13] [INFO] SYMULACJA POMINIĘCIE: 'FARO WIERTLO-D4.5-60STOPN.tom' (Brak folderu w bazie)
[2026-08-06 12:49:13] [INFO] SYMULACJA POMINIĘCIE: 'LANTRYK WIERTLO-D4-60STOPN LEWE.tom' (Brak folderu w bazie)
[2026-08-06 12:49:13] [INFO] SYMULACJA POMINIĘCIE: 'LANTRYK WIERTLO-D4-60STOPN.tom' (Brak folderu w bazie)
[2026-08-06 12:49:13] [INFO] SYMULACJA POMINIĘCIE: 'MADEX WIERTLO D4 L70 90st.tom' (Brak folderu w bazie)
[2026-08-06 12:49:13] [INFO] SYMULACJA POMINIĘCIE: 'PRO-TECH WIERTLO D4.2X3 K120.tom' (Dwuznaczność (2 folderów))
[2026-08-06 12:49:13] [INFO] SYMULACJA POMINIĘCIE: 'DRUTEX  D5 Z1 A1-518 NG.tom' (Brak folderu w bazie)
[2026-08-06 12:49:13] [INFO] SYMULACJA POMINIĘCIE: 'FUDMEN D5.1 L25 NIEPRZELOTOWE.tom' (Brak folderu w bazie)
[2026-08-06 12:49:13] [INFO] SYMULACJA POMINIĘCIE: 'LIMBA WIERTLO-D5 LEWE.tom' (Brak folderu w bazie)
[2026-08-06 12:49:13] [INFO] SYMULACJA POMINIĘCIE: 'LIMBA WIERTLO-D5 PRAWE.tom' (Brak folderu w bazie)
[2026-08-06 12:49:13] [INFO] SYMULACJA POMINIĘCIE: 'LUKASIEWICZ WIERTLO D5X3.9 K120.tom' (Brak folderu w bazie)
[2026-08-06 12:49:13] [INFO] SYMULACJA POMINIĘCIE: 'plastbud d5 z1 jak wiertlo v2.tom' (Brak folderu w bazie)
[2026-08-06 12:49:13] [INFO] SYMULACJA POMINIĘCIE: 'plastbud d5 z1 jak wiertlo v2t.tom' (Brak folderu w bazie)
[2026-08-06 12:49:13] [INFO] SYMULACJA POMINIĘCIE: 'plastbud d5 z1 jak wiertlo.tom' (Brak folderu w bazie)
[2026-08-06 12:49:13] [INFO] SYMULACJA POMINIĘCIE: 'PRO-TECH NAWIERTAK pletwa D5x3 L6.41.tom' (Brak folderu w bazie)
[2026-08-06 12:49:13] [INFO] SYMULACJA POMINIĘCIE: 'PRO-TECH NAWIERTAK pletwa D5x3.5 L7.49.tom' (Brak folderu w bazie)
[2026-08-06 12:49:13] [INFO] SYMULACJA POMINIĘCIE: 'PRO-TECH WIERTLO D5X2.5 K90.tom' (Brak folderu w bazie)
[2026-08-06 12:49:13] [INFO] SYMULACJA POMINIĘCIE: 'PRO-TECH WIERTLO-D5 L55 LEWE.tom' (Brak folderu w bazie)
[2026-08-06 12:49:13] [INFO] SYMULACJA POMINIĘCIE: 'SEGAL OKNA D5 Z1 A1-518.tom' (Brak folderu w bazie)
[2026-08-06 12:49:13] [INFO] SYMULACJA POMINIĘCIE: 'TRISTAR WIERTLO-D5-70STOPN.tom' (Brak folderu w bazie)
[2026-08-06 12:49:13] [INFO] SYMULACJA POMINIĘCIE: 'ASTJP PRZYSTAL D6,8x5,5 L5x29.tom' (Brak folderu w bazie)
[2026-08-06 12:49:13] [INFO] SYMULACJA POMINIĘCIE: 'ATMAT D6 90st frez.tom' (Brak folderu w bazie)
[2026-08-06 12:49:13] [INFO] SYMULACJA POMINIĘCIE: 'D6.8- LEWE-NIEPRZELOTOWE.tom' (Brak folderu w bazie)
[2026-08-06 12:49:13] [INFO] SYMULACJA POMINIĘCIE: 'D6.8-NIEPRZELOTOWE-LEWE.tom' (Brak folderu w bazie)
[2026-08-06 12:49:13] [INFO] SYMULACJA POMINIĘCIE: 'DRUTEX WIERTLO D6x5 L15x40 K120 prawe.tom' (Brak folderu w bazie)
[2026-08-06 12:49:13] [INFO] SYMULACJA POMINIĘCIE: 'ELZBIECIAK ROBERT D6 L50 NIEPRZELOTOWE.tom' (Brak folderu w bazie)
[2026-08-06 12:49:13] [INFO] SYMULACJA POMINIĘCIE: 'NITUS WIERTLO D6.5 120st.tom' (Brak folderu w bazie)
[2026-08-06 12:49:13] [INFO] SYMULACJA POMINIĘCIE: 'PARTNER-ALMA WIERTLO D6 L30 K118.tom' (Brak folderu w bazie)
[2026-08-06 12:49:13] [INFO] SYMULACJA POMINIĘCIE: 'stolmach D6.5x12 lewe60st popr.tom' (Brak folderu w bazie)
[2026-08-06 12:49:13] [INFO] SYMULACJA POMINIĘCIE: 'stolmach D6.5x12 prawe60st popr.tom' (Brak folderu w bazie)
[2026-08-06 12:49:13] [INFO] SYMULACJA POMINIĘCIE: 'stolmach D6.5x12 PRZELOTOWE lewe60st.tom' (Brak folderu w bazie)
[2026-08-06 12:49:13] [INFO] SYMULACJA POMINIĘCIE: 'stolmach D6.5x12 PRZELOTOWE prawe60st.tom' (Brak folderu w bazie)
[2026-08-06 12:49:13] [INFO] SYMULACJA POMINIĘCIE: 'WIERTLO-D6.5x3.4-OSTRZENIE.tom' (Brak folderu w bazie)
[2026-08-06 12:49:13] [INFO] SYMULACJA POMINIĘCIE: 'WIERTŁO-D6,8- LEWE-NIEPRZELOTOWE.tom' (Brak folderu w bazie)
[2026-08-06 12:49:13] [INFO] SYMULACJA POMINIĘCIE: 'WIERTŁO-D6,8- PRAWE-NIEPRZELOTOWE.tom' (Brak folderu w bazie)
[2026-08-06 12:49:13] [INFO] SYMULACJA POMINIĘCIE: 'ALURON WIERTLO D4x7,8 .tom' (Brak folderu w bazie)
[2026-08-06 12:49:13] [INFO] SYMULACJA POMINIĘCIE: 'DEFENDOOR D6.9x7.6 L70 NIEPRZELOTOWE poprawa bckoffa.tom' (Brak folderu w bazie)
[2026-08-06 12:49:13] [INFO] SYMULACJA POMINIĘCIE: 'DEFENDOOR D6.9x7.6 L70 NIEPRZELOTOWE.tom' (Brak folderu w bazie)
[2026-08-06 12:49:13] [INFO] SYMULACJA POMINIĘCIE: 'DREKON D 5.5x7 NIEPRZELOTOWE.tom' (Brak folderu w bazie)
[2026-08-06 12:49:13] [INFO] SYMULACJA POMINIĘCIE: 'DREKON D7.9 L70 NIEPRZELOTOWE.tom' (Brak folderu w bazie)
[2026-08-06 12:49:13] [INFO] SYMULACJA POMINIĘCIE: 'INTERMASZ DLA KRZYNOWEK D6.8x7.5 L69 NIEPRZELOTOWE.tom' (Brak folderu w bazie)
[2026-08-06 12:49:13] [INFO] SYMULACJA POMINIĘCIE: 'JARDEW D7 PRAWE NIEPRZELOTOWE HW.tom' (Brak folderu w bazie)
[2026-08-06 12:49:13] [INFO] SYMULACJA POMINIĘCIE: 'LINETTY D7 PRAWE NIEPRZELOTOWE HW.tom' (Brak folderu w bazie)
[2026-08-06 12:49:13] [INFO] SYMULACJA POMINIĘCIE: 'POL-PANEL D7.5-L31-D6.8-L36.7-PRAWE.tom' (Brak folderu w bazie)
[2026-08-06 12:49:13] [INFO] SYMULACJA POMINIĘCIE: 'POL-PANEL D7.6-L21-D6.8-L36.7-PRAWE.tom' (Brak folderu w bazie)
[2026-08-06 12:49:13] [INFO] SYMULACJA POMINIĘCIE: 'POL-SKONE WIERTLO D7.5x6.7 PRAWE NIEPRZELOT.tom' (Brak folderu w bazie)
[2026-08-06 12:49:13] [INFO] SYMULACJA POMINIĘCIE: 'POL-SKONE WIERTLO D7.5x7 PRAWE NIEPRZELOT.tom' (Brak folderu w bazie)
[2026-08-06 12:49:13] [INFO] SYMULACJA POMINIĘCIE: 'POL-SKONE WIERTLO D7.8x7.4 nieprzelotowe PRAWE.tom' (Brak folderu w bazie)
[2026-08-06 12:49:13] [INFO] SYMULACJA POMINIĘCIE: 'PRO TECH WIERTLO D7x4.5 K180 V2.tom' (Brak folderu w bazie)
[2026-08-06 12:49:13] [INFO] SYMULACJA POMINIĘCIE: 'PRO TECH WIERTLO D7x4.5 K180.tom' (Brak folderu w bazie)
[2026-08-06 12:49:13] [INFO] SYMULACJA POMINIĘCIE: 'PRO-TECH D7 PRZELOTOWE 60st.tom' (Brak folderu w bazie)
[2026-08-06 12:49:13] [INFO] SYMULACJA POMINIĘCIE: 'TELMEX WIERTŁO-D5.5X7.2-NACINAKI-60-STOPNI-HW.tom' (Brak folderu w bazie)
[2026-08-06 12:49:13] [INFO] SYMULACJA POMINIĘCIE: 'TELMEX WIERTŁO-D5.5X7.2-NACINAKI-60-STOPNI-LEWE.tom' (Brak folderu w bazie)
[2026-08-06 12:49:13] [INFO] SYMULACJA POMINIĘCIE: 'AST JP PRZYSTAL WIERTLO D6.5x8 L5x29 K120.tom' (Brak folderu w bazie)
[2026-08-06 12:49:13] [INFO] SYMULACJA POMINIĘCIE: 'ATMAT WIERTLO-D8 L30 90 STOPNI.tom' (Brak folderu w bazie)
[2026-08-06 12:49:13] [INFO] SYMULACJA POMINIĘCIE: 'BOROWSKI MICHAL D8 NIEPRZELOTOWE.tom' (Brak folderu w bazie)
[2026-08-06 12:49:13] [INFO] SYMULACJA POMINIĘCIE: 'D8- LEWE-NIEPRZELOTOWE.tom' (Brak folderu w bazie)
[2026-08-06 12:49:13] [INFO] SYMULACJA POMINIĘCIE: 'ELZBIECIAK ROBERT D8-90 STOP-PRZELOTOWE-LEWE.tom' (Brak folderu w bazie)
[2026-08-06 12:49:13] [INFO] SYMULACJA POMINIĘCIE: 'FRONT ART CNC D8.2 L37 PRZELOTOWE 60st.tom' (Brak folderu w bazie)
[2026-08-06 12:49:13] [INFO] SYMULACJA POMINIĘCIE: 'INCOBEX WIERTLO D8.4 PRAWE 60St.tom' (Brak folderu w bazie)
[2026-08-06 12:49:13] [INFO] SYMULACJA POMINIĘCIE: 'INTERMASZ DLA KRZYNOWEK D8 L75 NIEPRZELOTOWE.tom' (Brak folderu w bazie)
[2026-08-06 12:49:13] [INFO] SYMULACJA POMINIĘCIE: 'INTERPLAST WIERTLOFREZ D4x8 L20x57.tom' (Brak folderu w bazie)
[2026-08-06 12:49:13] [INFO] SYMULACJA POMINIĘCIE: 'KRAK WIERTLO D8 L100.tom' (Brak folderu w bazie)
[2026-08-06 12:49:13] [INFO] SYMULACJA POMINIĘCIE: 'KUDLA MICHAL WIERTLO-D8.5-L88-LEWE-60STOPN.tom' (Brak folderu w bazie)
[2026-08-06 12:49:13] [INFO] SYMULACJA POMINIĘCIE: 'KUDLA MICHAL WIERTLO-D8.5-L88-PRAWE-60STOPN.tom' (Brak folderu w bazie)
[2026-08-06 12:49:13] [INFO] SYMULACJA POMINIĘCIE: 'LARS WIERTLO D8.7X4L7.5-HS.tom' (Brak folderu w bazie)
[2026-08-06 12:49:13] [INFO] SYMULACJA POMINIĘCIE: 'LUPOL WIERTLO D8.1xD8.6 nieprzelot.tom' (Brak folderu w bazie)
[2026-08-06 12:49:13] [INFO] SYMULACJA POMINIĘCIE: 'MUU WIERTLO D8 L30 K60.tom' (Brak folderu w bazie)
[2026-08-06 12:49:13] [INFO] SYMULACJA POMINIĘCIE: 'NM POLSKA D8.1 L25 NIEPRZELOTOWE.tom' (Brak folderu w bazie)
[2026-08-06 12:49:13] [INFO] SYMULACJA OK: 'POL SKONE D8.5 L75 LEWE NIEPRZELOTOWE.tom' zakwalifikowany do '104 POL-SKONE'
[2026-08-06 12:49:13] [INFO] SYMULACJA POMINIĘCIE: 'POL SKONE WIERTLO-D8.5-PRAWE-NIEPRZELOTOWE.tom' (Brak folderu w bazie)
[2026-08-06 12:49:13] [INFO] SYMULACJA POMINIĘCIE: 'POLICA D4x8 L18,5x25 PRZELOTOWE.tom' (Brak folderu w bazie)
[2026-08-06 12:49:13] [INFO] SYMULACJA POMINIĘCIE: 'POLICA D4x8 L18,5x25 PRZELOTOWEe.tom' (Brak folderu w bazie)
[2026-08-06 12:49:13] [INFO] SYMULACJA POMINIĘCIE: 'POLSKONE D8 L75 NIEPRZELOTOWE.tom' (Brak folderu w bazie)
[2026-08-06 12:49:13] [INFO] SYMULACJA POMINIĘCIE: 'PORTA ELK D8.4 L78 118st.tom' (Brak folderu w bazie)
[2026-08-06 12:49:13] [INFO] SYMULACJA POMINIĘCIE: 'PRO-TECH D8 Z2 60 STOPNI .tom' (Brak folderu w bazie)
[2026-08-06 12:49:13] [INFO] SYMULACJA POMINIĘCIE: 'SPOTLIGHT D4.1x8 L80 K90.tom' (Brak folderu w bazie)
[2026-08-06 12:49:13] [INFO] SYMULACJA POMINIĘCIE: 'TRISTAR WIERTLO-D8-70STOPN.tom' (Brak folderu w bazie)
[2026-08-06 12:49:13] [INFO] SYMULACJA POMINIĘCIE: 'WIERTLO-D8.5-L88-PRAWE-60STOPN.tom' (Brak folderu w bazie)
[2026-08-06 12:49:13] [INFO] SYMULACJA POMINIĘCIE: 'WND WIERTLO HSS 3 X 5 X 8 PRAWE.tom' (Brak folderu w bazie)
[2026-08-06 12:49:13] [INFO] SYMULACJA POMINIĘCIE: 'Wtyk-Pol Wiertlo D8 L125 60st.tom' (Brak folderu w bazie)
[2026-08-06 12:49:13] [INFO] SYMULACJA POMINIĘCIE: 'AUTOMATIONSTECHNIK D9.8 PRZELOTOWE 60st.tom' (Brak folderu w bazie)
[2026-08-06 12:49:13] [INFO] SYMULACJA POMINIĘCIE: 'FARO D9.5 L80 NIEPRZELOTOWE.tom' (Brak folderu w bazie)
[2026-08-06 12:49:13] [INFO] SYMULACJA POMINIĘCIE: 'FORMELANA WIERTLO  D9.8x6 L20.tom' (Brak folderu w bazie)
[2026-08-06 12:49:13] [INFO] SYMULACJA POMINIĘCIE: 'PRO TECH WIERTLO D9.8x4.5 K180 V2.tom' (Brak folderu w bazie)
[2026-08-06 12:49:13] [INFO] SYMULACJA POMINIĘCIE: 'PRO TECH WIERTLO D9.8x4.5 K180.tom' (Brak folderu w bazie)
[2026-08-06 12:49:13] [INFO] SYMULACJA POMINIĘCIE: 'PRO TECH WIERTLO D9.8x5 K180.tom' (Brak folderu w bazie)
[2026-08-06 12:49:13] [INFO] SYMULACJA POMINIĘCIE: 'PRO-TECH D9 PRZELOTOWE 60st.tom' (Brak folderu w bazie)
[2026-08-06 12:49:13] [INFO] SYMULACJA POMINIĘCIE: 'ROLAND wiertlo D9.4x9 z gotowego.tom' (Brak folderu w bazie)
[2026-08-06 12:49:13] [INFO] SYMULACJA POMINIĘCIE: 'ROSKOSZ  D9 PRZELOTOWE 60st.tom' (Brak folderu w bazie)
[2026-08-06 12:49:13] [INFO] SYMULACJA POMINIĘCIE: 'PUSZKA-D25.tom' (Brak folderu w bazie)
[2026-08-06 12:49:20] [INFO] SYMULACJA POMINIĘCIE: 'AGAT PLUS D8 Z4 L45.tom' (Brak folderu w bazie)
[2026-08-06 12:49:20] [INFO] SYMULACJA POMINIĘCIE: 'ALL WINDOWS D6 Z4 P L30 F1.0 CIETY.tom' (Brak folderu w bazie)
[2026-08-06 12:49:20] [INFO] SYMULACJA POMINIĘCIE: 'ALUMNI TEHNO Z4 D12x6 LAMACZ NG.tom' (Dwuznaczność (3 folderów))
[2026-08-06 12:49:20] [INFO] SYMULACJA POMINIĘCIE: 'D10-L70-Z4-LAMACZ-WIERTŁO-HW.tom' (Brak folderu w bazie)
[2026-08-06 12:49:20] [INFO] SYMULACJA POMINIĘCIE: 'D16 Z4 RYFEL.tom' (Brak folderu w bazie)
[2026-08-06 12:49:20] [INFO] SYMULACJA POMINIĘCIE: 'D5 L30 Z1 PRAWO-LEWY HW POLER JW.tom' (Brak folderu w bazie)
[2026-08-06 12:49:20] [INFO] SYMULACJA POMINIĘCIE: 'D5 L30 Z1 PRAWO-LEWY HW POLER.tom' (Brak folderu w bazie)
[2026-08-06 12:49:20] [INFO] SYMULACJA POMINIĘCIE: 'D5 L35 Z3 HSS.tom' (Dwuznaczność (2 folderów))
[2026-08-06 12:49:20] [INFO] SYMULACJA POMINIĘCIE: 'D8_Z4_L38_LAMACZ_Hss_CZOŁO JAK  WIERTŁO.tom' (Brak folderu w bazie)
[2026-08-06 12:49:20] [INFO] SYMULACJA POMINIĘCIE: 'DIAM-TOOLS FREZ D53 Z10 R21.tom' (Dwuznaczność (5 folderów))
[2026-08-06 12:49:20] [INFO] SYMULACJA POMINIĘCIE: 'EMPOL WIERTLO Z4 6x12 KLAMKA PRAWE stara geometria .tom' (Dwuznaczność (2 folderów))
[2026-08-06 12:49:20] [INFO] SYMULACJA POMINIĘCIE: 'Fazownik D10 k35.tom' (Brak folderu w bazie)
[2026-08-06 12:49:20] [INFO] SYMULACJA POMINIĘCIE: 'Fazownik d12 k60 d6.4.tom' (Brak folderu w bazie)
[2026-08-06 12:49:20] [INFO] SYMULACJA POMINIĘCIE: 'Fazownik D12 k60.tom' (Brak folderu w bazie)
[2026-08-06 12:49:20] [INFO] SYMULACJA POMINIĘCIE: 'FLORAD Frez D25x18 Z3 .tom' (Dwuznaczność (4 folderów))
[2026-08-06 12:49:20] [INFO] SYMULACJA POMINIĘCIE: 'FREZ D14 L20 Z4.tom' (Brak folderu w bazie)
[2026-08-06 12:49:20] [INFO] SYMULACJA POMINIĘCIE: 'FREZ D22 Z2 L80 PROSTY PRZESTAWIONY.tom' (Dwuznaczność (2 folderów))
[2026-08-06 12:49:20] [INFO] SYMULACJA POMINIĘCIE: 'FREZ D40 Z18 HW.tom' (Dwuznaczność (2 folderów))
[2026-08-06 12:49:20] [INFO] SYMULACJA POMINIĘCIE: 'FREZ D6 Z2+2 L15x50 v2.tom' (Brak folderu w bazie)
[2026-08-06 12:49:20] [INFO] SYMULACJA POMINIĘCIE: 'Frez d85 z8 ostrzenie.tom' (Brak folderu w bazie)
[2026-08-06 12:49:20] [INFO] SYMULACJA POMINIĘCIE: 'FREZ K40 Z3 L1.6.tom' (Brak folderu w bazie)
[2026-08-06 12:49:20] [INFO] SYMULACJA POMINIĘCIE: 'Frez promieniowy R2 D5.2 K2.tom' (Brak folderu w bazie)
[2026-08-06 12:49:20] [INFO] SYMULACJA POMINIĘCIE: 'FREZ STOZKOWY D10 L52 K1.19.tom' (Dwuznaczność (3 folderów))
[2026-08-06 12:49:20] [INFO] SYMULACJA POMINIĘCIE: 'FREZ TEOWY D19.5 PRAWA pilka 4+4.tom' (Brak folderu w bazie)
[2026-08-06 12:49:20] [INFO] SYMULACJA POMINIĘCIE: 'FREZWID NAWIERTAK D10 90st.tom' (Brak folderu w bazie)
[2026-08-06 12:49:20] [INFO] SYMULACJA POMINIĘCIE: 'FREZWID NAWIERTAK D12 90st.tom' (Brak folderu w bazie)
[2026-08-06 12:49:20] [INFO] SYMULACJA POMINIĘCIE: 'FREZWID NAWIERTAK D6 90st.tom' (Brak folderu w bazie)
[2026-08-06 12:49:20] [INFO] SYMULACJA POMINIĘCIE: 'GOLD DOOR D16 L45 Z3 WYKANCZAJACO-ZGRUBNY.tom' (Dwuznaczność (3 folderów))
[2026-08-06 12:49:20] [INFO] SYMULACJA POMINIĘCIE: 'KOCZY Z2 D38 PROFIL R5.tom' (Dwuznaczność (3 folderów))
[2026-08-06 12:49:20] [INFO] SYMULACJA POMINIĘCIE: 'KONCOWKI D12.tom' (Brak folderu w bazie)
[2026-08-06 12:49:20] [INFO] SYMULACJA POMINIĘCIE: 'KP czyszczarka.D10 45st ostra Z4.tom' (Brak folderu w bazie)
[2026-08-06 12:49:20] [INFO] SYMULACJA POMINIĘCIE: 'KP czyszczarka.D10 45st ostra.tom' (Brak folderu w bazie)
[2026-08-06 12:49:20] [INFO] SYMULACJA POMINIĘCIE: 'KP FREZ D3 Z3.tom' (Brak folderu w bazie)
[2026-08-06 12:49:20] [INFO] SYMULACJA POMINIĘCIE: 'KULA D10 KP.tom' (Brak folderu w bazie)
[2026-08-06 12:49:20] [INFO] SYMULACJA POMINIĘCIE: 'KULA D12 KP.tom' (Brak folderu w bazie)
[2026-08-06 12:49:20] [INFO] SYMULACJA POMINIĘCIE: 'KULA D16 KP.tom' (Brak folderu w bazie)
[2026-08-06 12:49:20] [INFO] SYMULACJA POMINIĘCIE: 'KULA D4 KP.tom' (Brak folderu w bazie)
[2026-08-06 12:49:20] [INFO] SYMULACJA POMINIĘCIE: 'KULA D5,3 KP.tom' (Brak folderu w bazie)
[2026-08-06 12:49:20] [INFO] SYMULACJA POMINIĘCIE: 'KULA D6 KP.tom' (Brak folderu w bazie)
[2026-08-06 12:49:20] [INFO] SYMULACJA POMINIĘCIE: 'MAR-TOM PRZEROBKA NA PRZELOTOWE 60st.tom' (Brak folderu w bazie)
[2026-08-06 12:49:20] [INFO] SYMULACJA POMINIĘCIE: 'MB TRADING Noz Oscylacyjny D6 D0,5 L15 MIECZ.tom' (Dwuznaczność (3 folderów))
[2026-08-06 12:49:20] [INFO] SYMULACJA POMINIĘCIE: 'MULTI OKNA FREZ A1-518.tom' (Brak folderu w bazie)
[2026-08-06 12:49:20] [INFO] SYMULACJA POMINIĘCIE: 'nawiertak 90st D10.tom' (Brak folderu w bazie)
[2026-08-06 12:49:20] [INFO] SYMULACJA POMINIĘCIE: 'nawiertak 90st D12 testy v2.tom' (Brak folderu w bazie)
[2026-08-06 12:49:20] [INFO] SYMULACJA POMINIĘCIE: 'nawiertak 90st D12 testy v3.tom' (Brak folderu w bazie)
[2026-08-06 12:49:20] [INFO] SYMULACJA POMINIĘCIE: 'nawiertak 90st D12 testy.tom' (Brak folderu w bazie)
[2026-08-06 12:49:20] [INFO] SYMULACJA POMINIĘCIE: 'nawiertak 90st D12.tom' (Brak folderu w bazie)
[2026-08-06 12:49:20] [INFO] SYMULACJA POMINIĘCIE: 'nawiertak 90st D6.tom' (Brak folderu w bazie)
[2026-08-06 12:49:20] [INFO] SYMULACJA POMINIĘCIE: 'PREZMET D20 LEWA pilka 6+6.tom' (Dwuznaczność (4 folderów))
[2026-08-06 12:49:20] [INFO] SYMULACJA POMINIĘCIE: 'PREZMET D20 PRAWA pilka 6+6 koncowka.tom' (Brak folderu w bazie)
[2026-08-06 12:49:20] [INFO] SYMULACJA POMINIĘCIE: 'PREZMET D20 PRAWA pilka 6+6.tom' (Dwuznaczność (5 folderów))
[2026-08-06 12:49:20] [INFO] SYMULACJA POMINIĘCIE: 'promien r1.5 maciej syrzistie.tom' (Brak folderu w bazie)
[2026-08-06 12:49:20] [INFO] SYMULACJA POMINIĘCIE: 'Rozwiertak 22.5 Ap.tom' (Brak folderu w bazie)
[2026-08-06 12:49:20] [INFO] SYMULACJA POMINIĘCIE: 'Rozwiertak 6.06.tom' (Brak folderu w bazie)
[2026-08-06 12:49:20] [INFO] SYMULACJA POMINIĘCIE: 'Splaszczenia pod klucz.tom' (Brak folderu w bazie)
[2026-08-06 12:49:20] [INFO] SYMULACJA POMINIĘCIE: 'SZLIF NA OKRAGLO R300.tom' (Brak folderu w bazie)
[2026-08-06 12:49:20] [INFO] SYMULACJA POMINIĘCIE: 'TECHNOCAM D10 Z3 KULKA LOLIPOP.tom' (Dwuznaczność (3 folderów))
[2026-08-06 12:49:20] [INFO] SYMULACJA POMINIĘCIE: 'TECHNOCAM D12 Z3 KULKA LOLIPOP.tom' (Dwuznaczność (3 folderów))
[2026-08-06 12:49:20] [INFO] SYMULACJA POMINIĘCIE: 'TECHNOCAM D14 Z3 KULKA LOLIPOP.tom' (Dwuznaczność (3 folderów))
[2026-08-06 12:49:20] [INFO] SYMULACJA POMINIĘCIE: 'TECHNOCAM D16 Z3 KULKA LOLIPOP.tom' (Dwuznaczność (4 folderów))
[2026-08-06 12:49:20] [INFO] SYMULACJA POMINIĘCIE: 'TECHNOCAM D18 Z3 KULKA LOLIPOP.tom' (Dwuznaczność (4 folderów))
[2026-08-06 12:49:20] [INFO] SYMULACJA OK: 'testBlad.tom' zakwalifikowany do '0 VALEO'
[2026-08-06 12:49:20] [INFO] SYMULACJA POMINIĘCIE: 'VALEO AW900 Rolka MR1.ST6.02.05_1V2.tom' (Dwuznaczność (2 folderów))
[2026-08-06 12:49:20] [INFO] SYMULACJA POMINIĘCIE: 'W1-ST D5.9.tom' (Brak folderu w bazie)
[2026-08-06 12:49:20] [INFO] SYMULACJA POMINIĘCIE: 'W1-ST D6.3.tom' (Brak folderu w bazie)
[2026-08-06 12:49:20] [INFO] SYMULACJA POMINIĘCIE: 'WIERTLO D10 Z2 L100 K60 PRAWE PRZELOTOWE.tom' (Dwuznaczność (2 folderów))
[2026-08-06 12:49:20] [INFO] SYMULACJA POMINIĘCIE: 'WIERTLO D12-LEWE-LAMACZ NA CZOLE.tom' (Dwuznaczność (2 folderów))
[2026-08-06 12:49:20] [INFO] SYMULACJA POMINIĘCIE: 'WIERTLO D12-PRAWE-LAMACZ NA CZOLE.tom' (Dwuznaczność (2 folderów))
[2026-08-06 12:49:20] [INFO] SYMULACJA POMINIĘCIE: 'WIERTLO D12x6 PRAWE K120 NACINAKI.tom' (Dwuznaczność (2 folderów))
[2026-08-06 12:49:20] [INFO] SYMULACJA POMINIĘCIE: 'WIERTLO D14 L120 K90 PRZELOTOWE.tom' (Dwuznaczność (2 folderów))
[2026-08-06 12:49:20] [INFO] SYMULACJA POMINIĘCIE: 'WIERTLO D35.3 L35 MORSE.tom' (Dwuznaczność (2 folderów))
[2026-08-06 12:49:20] [INFO] SYMULACJA POMINIĘCIE: 'wiertlo d6.3.tom' (Brak folderu w bazie)
[2026-08-06 12:49:20] [INFO] SYMULACJA POMINIĘCIE: 'WIERTLO POD KLAMKE D6x12 L6 PRAWE.tom' (Dwuznaczność (3 folderów))
[2026-08-06 12:49:20] [INFO] SYMULACJA POMINIĘCIE: 'WIERTLO- D12 L200 Z1 PRAWE-ROWEK 45STOPNI profil.tom' (Brak folderu w bazie)
[2026-08-06 12:49:20] [INFO] SYMULACJA POMINIĘCIE: 'WiertloGwintujace 4.2 M5 L5.tom' (Brak folderu w bazie)
[2026-08-06 12:49:20] [INFO] SYMULACJA POMINIĘCIE: 'WiertloGwintujace M5.tom' (Brak folderu w bazie)
[2026-08-06 12:49:20] [INFO] SYMULACJA POMINIĘCIE: 'WIERTŁO-D18-L34.5-D15-L5.5-D12-L34.5-D6-L5.5-PRAWE-HS.tom' (Brak folderu w bazie)
[2026-08-06 12:49:27] [INFO] AUTO-ARCHIWIZACJA POMINIĘTO: 'AGAT PLUS D8 Z4 L45.tom'. Powód: Brak folderu w bazie
[2026-08-06 12:49:27] [INFO] AUTO-ARCHIWIZACJA POMINIĘTO: 'ALL WINDOWS D6 Z4 P L30 F1.0 CIETY.tom'. Powód: Brak folderu w bazie
[2026-08-06 12:49:27] [INFO] AUTO-ARCHIWIZACJA POMINIĘTO: 'ALUMNI TEHNO Z4 D12x6 LAMACZ NG.tom'. Powód: Dwuznaczność (3 folderów)
[2026-08-06 12:49:27] [INFO] AUTO-ARCHIWIZACJA POMINIĘTO: 'D10-L70-Z4-LAMACZ-WIERTŁO-HW.tom'. Powód: Brak folderu w bazie
[2026-08-06 12:49:27] [INFO] AUTO-ARCHIWIZACJA POMINIĘTO: 'D16 Z4 RYFEL.tom'. Powód: Brak folderu w bazie
[2026-08-06 12:49:27] [INFO] AUTO-ARCHIWIZACJA POMINIĘTO: 'D5 L30 Z1 PRAWO-LEWY HW POLER JW.tom'. Powód: Brak folderu w bazie
[2026-08-06 12:49:27] [INFO] AUTO-ARCHIWIZACJA POMINIĘTO: 'D5 L30 Z1 PRAWO-LEWY HW POLER.tom'. Powód: Brak folderu w bazie
[2026-08-06 12:49:27] [INFO] AUTO-ARCHIWIZACJA POMINIĘTO: 'D5 L35 Z3 HSS.tom'. Powód: Dwuznaczność (2 folderów)
[2026-08-06 12:49:27] [INFO] AUTO-ARCHIWIZACJA POMINIĘTO: 'D8_Z4_L38_LAMACZ_Hss_CZOŁO JAK  WIERTŁO.tom'. Powód: Brak folderu w bazie
[2026-08-06 12:49:27] [INFO] AUTO-ARCHIWIZACJA POMINIĘTO: 'DIAM-TOOLS FREZ D53 Z10 R21.tom'. Powód: Dwuznaczność (5 folderów)
[2026-08-06 12:49:27] [INFO] AUTO-ARCHIWIZACJA POMINIĘTO: 'EMPOL WIERTLO Z4 6x12 KLAMKA PRAWE stara geometria .tom'. Powód: Dwuznaczność (2 folderów)
[2026-08-06 12:49:27] [INFO] AUTO-ARCHIWIZACJA POMINIĘTO: 'Fazownik D10 k35.tom'. Powód: Brak folderu w bazie
[2026-08-06 12:49:27] [INFO] AUTO-ARCHIWIZACJA POMINIĘTO: 'Fazownik d12 k60 d6.4.tom'. Powód: Brak folderu w bazie
[2026-08-06 12:49:27] [INFO] AUTO-ARCHIWIZACJA POMINIĘTO: 'Fazownik D12 k60.tom'. Powód: Brak folderu w bazie
[2026-08-06 12:49:27] [INFO] AUTO-ARCHIWIZACJA POMINIĘTO: 'FLORAD Frez D25x18 Z3 .tom'. Powód: Dwuznaczność (4 folderów)
[2026-08-06 12:49:27] [INFO] AUTO-ARCHIWIZACJA POMINIĘTO: 'FREZ D14 L20 Z4.tom'. Powód: Brak folderu w bazie
[2026-08-06 12:49:27] [INFO] AUTO-ARCHIWIZACJA POMINIĘTO: 'FREZ D22 Z2 L80 PROSTY PRZESTAWIONY.tom'. Powód: Dwuznaczność (2 folderów)
[2026-08-06 12:49:27] [INFO] AUTO-ARCHIWIZACJA POMINIĘTO: 'FREZ D40 Z18 HW.tom'. Powód: Dwuznaczność (2 folderów)
[2026-08-06 12:49:27] [INFO] AUTO-ARCHIWIZACJA POMINIĘTO: 'FREZ D6 Z2+2 L15x50 v2.tom'. Powód: Brak folderu w bazie
[2026-08-06 12:49:27] [INFO] AUTO-ARCHIWIZACJA POMINIĘTO: 'Frez d85 z8 ostrzenie.tom'. Powód: Brak folderu w bazie
[2026-08-06 12:49:27] [INFO] AUTO-ARCHIWIZACJA POMINIĘTO: 'FREZ K40 Z3 L1.6.tom'. Powód: Brak folderu w bazie
[2026-08-06 12:49:27] [INFO] AUTO-ARCHIWIZACJA POMINIĘTO: 'Frez promieniowy R2 D5.2 K2.tom'. Powód: Brak folderu w bazie
[2026-08-06 12:49:27] [INFO] AUTO-ARCHIWIZACJA POMINIĘTO: 'FREZ STOZKOWY D10 L52 K1.19.tom'. Powód: Dwuznaczność (3 folderów)
[2026-08-06 12:49:27] [INFO] AUTO-ARCHIWIZACJA POMINIĘTO: 'FREZ TEOWY D19.5 PRAWA pilka 4+4.tom'. Powód: Brak folderu w bazie
[2026-08-06 12:49:27] [INFO] AUTO-ARCHIWIZACJA POMINIĘTO: 'FREZWID NAWIERTAK D10 90st.tom'. Powód: Brak folderu w bazie
[2026-08-06 12:49:27] [INFO] AUTO-ARCHIWIZACJA POMINIĘTO: 'FREZWID NAWIERTAK D12 90st.tom'. Powód: Brak folderu w bazie
[2026-08-06 12:49:27] [INFO] AUTO-ARCHIWIZACJA POMINIĘTO: 'FREZWID NAWIERTAK D6 90st.tom'. Powód: Brak folderu w bazie
[2026-08-06 12:49:27] [INFO] AUTO-ARCHIWIZACJA POMINIĘTO: 'GOLD DOOR D16 L45 Z3 WYKANCZAJACO-ZGRUBNY.tom'. Powód: Dwuznaczność (3 folderów)
[2026-08-06 12:49:27] [INFO] AUTO-ARCHIWIZACJA POMINIĘTO: 'KOCZY Z2 D38 PROFIL R5.tom'. Powód: Dwuznaczność (3 folderów)
[2026-08-06 12:49:27] [INFO] AUTO-ARCHIWIZACJA POMINIĘTO: 'KONCOWKI D12.tom'. Powód: Brak folderu w bazie
[2026-08-06 12:49:27] [INFO] AUTO-ARCHIWIZACJA POMINIĘTO: 'KP czyszczarka.D10 45st ostra Z4.tom'. Powód: Brak folderu w bazie
[2026-08-06 12:49:27] [INFO] AUTO-ARCHIWIZACJA POMINIĘTO: 'KP czyszczarka.D10 45st ostra.tom'. Powód: Brak folderu w bazie
[2026-08-06 12:49:27] [INFO] AUTO-ARCHIWIZACJA POMINIĘTO: 'KP FREZ D3 Z3.tom'. Powód: Brak folderu w bazie
[2026-08-06 12:49:27] [INFO] AUTO-ARCHIWIZACJA POMINIĘTO: 'KULA D10 KP.tom'. Powód: Brak folderu w bazie
[2026-08-06 12:49:27] [INFO] AUTO-ARCHIWIZACJA POMINIĘTO: 'KULA D12 KP.tom'. Powód: Brak folderu w bazie
[2026-08-06 12:49:27] [INFO] AUTO-ARCHIWIZACJA POMINIĘTO: 'KULA D16 KP.tom'. Powód: Brak folderu w bazie
[2026-08-06 12:49:27] [INFO] AUTO-ARCHIWIZACJA POMINIĘTO: 'KULA D4 KP.tom'. Powód: Brak folderu w bazie
[2026-08-06 12:49:27] [INFO] AUTO-ARCHIWIZACJA POMINIĘTO: 'KULA D5,3 KP.tom'. Powód: Brak folderu w bazie
[2026-08-06 12:49:27] [INFO] AUTO-ARCHIWIZACJA POMINIĘTO: 'KULA D6 KP.tom'. Powód: Brak folderu w bazie
[2026-08-06 12:49:27] [INFO] AUTO-ARCHIWIZACJA POMINIĘTO: 'MAR-TOM PRZEROBKA NA PRZELOTOWE 60st.tom'. Powód: Brak folderu w bazie
[2026-08-06 12:49:27] [INFO] AUTO-ARCHIWIZACJA POMINIĘTO: 'MB TRADING Noz Oscylacyjny D6 D0,5 L15 MIECZ.tom'. Powód: Dwuznaczność (3 folderów)
[2026-08-06 12:49:27] [INFO] AUTO-ARCHIWIZACJA POMINIĘTO: 'MULTI OKNA FREZ A1-518.tom'. Powód: Brak folderu w bazie
[2026-08-06 12:49:27] [INFO] AUTO-ARCHIWIZACJA POMINIĘTO: 'nawiertak 90st D10.tom'. Powód: Brak folderu w bazie
[2026-08-06 12:49:27] [INFO] AUTO-ARCHIWIZACJA POMINIĘTO: 'nawiertak 90st D12 testy v2.tom'. Powód: Brak folderu w bazie
[2026-08-06 12:49:27] [INFO] AUTO-ARCHIWIZACJA POMINIĘTO: 'nawiertak 90st D12 testy v3.tom'. Powód: Brak folderu w bazie
[2026-08-06 12:49:27] [INFO] AUTO-ARCHIWIZACJA POMINIĘTO: 'nawiertak 90st D12 testy.tom'. Powód: Brak folderu w bazie
[2026-08-06 12:49:27] [INFO] AUTO-ARCHIWIZACJA POMINIĘTO: 'nawiertak 90st D12.tom'. Powód: Brak folderu w bazie
[2026-08-06 12:49:27] [INFO] AUTO-ARCHIWIZACJA POMINIĘTO: 'nawiertak 90st D6.tom'. Powód: Brak folderu w bazie
[2026-08-06 12:49:27] [INFO] AUTO-ARCHIWIZACJA POMINIĘTO: 'PREZMET D20 LEWA pilka 6+6.tom'. Powód: Dwuznaczność (4 folderów)
[2026-08-06 12:49:27] [INFO] AUTO-ARCHIWIZACJA POMINIĘTO: 'PREZMET D20 PRAWA pilka 6+6 koncowka.tom'. Powód: Brak folderu w bazie
[2026-08-06 12:49:27] [INFO] AUTO-ARCHIWIZACJA POMINIĘTO: 'PREZMET D20 PRAWA pilka 6+6.tom'. Powód: Dwuznaczność (5 folderów)
[2026-08-06 12:49:27] [INFO] AUTO-ARCHIWIZACJA POMINIĘTO: 'promien r1.5 maciej syrzistie.tom'. Powód: Brak folderu w bazie
[2026-08-06 12:49:27] [INFO] AUTO-ARCHIWIZACJA POMINIĘTO: 'Rozwiertak 22.5 Ap.tom'. Powód: Brak folderu w bazie
[2026-08-06 12:49:27] [INFO] AUTO-ARCHIWIZACJA POMINIĘTO: 'Rozwiertak 6.06.tom'. Powód: Brak folderu w bazie
[2026-08-06 12:49:27] [INFO] AUTO-ARCHIWIZACJA POMINIĘTO: 'Splaszczenia pod klucz.tom'. Powód: Brak folderu w bazie
[2026-08-06 12:49:27] [INFO] AUTO-ARCHIWIZACJA POMINIĘTO: 'SZLIF NA OKRAGLO R300.tom'. Powód: Brak folderu w bazie
[2026-08-06 12:49:27] [INFO] AUTO-ARCHIWIZACJA POMINIĘTO: 'TECHNOCAM D10 Z3 KULKA LOLIPOP.tom'. Powód: Dwuznaczność (3 folderów)
[2026-08-06 12:49:27] [INFO] AUTO-ARCHIWIZACJA POMINIĘTO: 'TECHNOCAM D12 Z3 KULKA LOLIPOP.tom'. Powód: Dwuznaczność (3 folderów)
[2026-08-06 12:49:27] [INFO] AUTO-ARCHIWIZACJA POMINIĘTO: 'TECHNOCAM D14 Z3 KULKA LOLIPOP.tom'. Powód: Dwuznaczność (3 folderów)
[2026-08-06 12:49:27] [INFO] AUTO-ARCHIWIZACJA POMINIĘTO: 'TECHNOCAM D16 Z3 KULKA LOLIPOP.tom'. Powód: Dwuznaczność (4 folderów)
[2026-08-06 12:49:27] [INFO] AUTO-ARCHIWIZACJA POMINIĘTO: 'TECHNOCAM D18 Z3 KULKA LOLIPOP.tom'. Powód: Dwuznaczność (4 folderów)
[2026-08-06 12:49:27] [INFO] AUTO-ARCHIWIZACJA SUKCES: 'testBlad.tom' -> '0 VALEO'
[2026-08-06 12:49:27] [INFO] AUTO-ARCHIWIZACJA POMINIĘTO: 'VALEO AW900 Rolka MR1.ST6.02.05_1V2.tom'. Powód: Dwuznaczność (2 folderów)
[2026-08-06 12:49:27] [INFO] AUTO-ARCHIWIZACJA POMINIĘTO: 'W1-ST D5.9.tom'. Powód: Brak folderu w bazie
[2026-08-06 12:49:27] [INFO] AUTO-ARCHIWIZACJA POMINIĘTO: 'W1-ST D6.3.tom'. Powód: Brak folderu w bazie
[2026-08-06 12:49:27] [INFO] AUTO-ARCHIWIZACJA POMINIĘTO: 'WIERTLO D10 Z2 L100 K60 PRAWE PRZELOTOWE.tom'. Powód: Dwuznaczność (2 folderów)
[2026-08-06 12:49:27] [INFO] AUTO-ARCHIWIZACJA POMINIĘTO: 'WIERTLO D12-LEWE-LAMACZ NA CZOLE.tom'. Powód: Dwuznaczność (2 folderów)
[2026-08-06 12:49:27] [INFO] AUTO-ARCHIWIZACJA POMINIĘTO: 'WIERTLO D12-PRAWE-LAMACZ NA CZOLE.tom'. Powód: Dwuznaczność (2 folderów)
[2026-08-06 12:49:27] [INFO] AUTO-ARCHIWIZACJA POMINIĘTO: 'WIERTLO D12x6 PRAWE K120 NACINAKI.tom'. Powód: Dwuznaczność (2 folderów)
[2026-08-06 12:49:27] [INFO] AUTO-ARCHIWIZACJA POMINIĘTO: 'WIERTLO D14 L120 K90 PRZELOTOWE.tom'. Powód: Dwuznaczność (2 folderów)
[2026-08-06 12:49:27] [INFO] AUTO-ARCHIWIZACJA POMINIĘTO: 'WIERTLO D35.3 L35 MORSE.tom'. Powód: Dwuznaczność (2 folderów)
[2026-08-06 12:49:27] [INFO] AUTO-ARCHIWIZACJA POMINIĘTO: 'wiertlo d6.3.tom'. Powód: Brak folderu w bazie
[2026-08-06 12:49:27] [INFO] AUTO-ARCHIWIZACJA POMINIĘTO: 'WIERTLO POD KLAMKE D6x12 L6 PRAWE.tom'. Powód: Dwuznaczność (3 folderów)
[2026-08-06 12:49:27] [INFO] AUTO-ARCHIWIZACJA POMINIĘTO: 'WIERTLO- D12 L200 Z1 PRAWE-ROWEK 45STOPNI profil.tom'. Powód: Brak folderu w bazie
[2026-08-06 12:49:27] [INFO] AUTO-ARCHIWIZACJA POMINIĘTO: 'WiertloGwintujace 4.2 M5 L5.tom'. Powód: Brak folderu w bazie
[2026-08-06 12:49:27] [INFO] AUTO-ARCHIWIZACJA POMINIĘTO: 'WiertloGwintujace M5.tom'. Powód: Brak folderu w bazie
[2026-08-06 12:49:27] [INFO] AUTO-ARCHIWIZACJA POMINIĘTO: 'WIERTŁO-D18-L34.5-D15-L5.5-D12-L34.5-D6-L5.5-PRAWE-HS.tom'. Powód: Brak folderu w bazie
[2026-08-06 13:11:10] [INFO] Uruchomiono aplikację Network File Manager.
[2026-08-06 13:11:16] [INFO] SYMULACJA POMINIĘCIE: 'AGAT PLUS D8 Z4 L45.tom' (Brak folderu w bazie)
[2026-08-06 13:11:16] [INFO] SYMULACJA POMINIĘCIE: 'ALL WINDOWS D6 Z4 P L30 F1.0 CIETY.tom' (Brak folderu w bazie)
[2026-08-06 13:11:16] [INFO] SYMULACJA POMINIĘCIE: 'ALUMNI TEHNO Z4 D12x6 LAMACZ NG.tom' (Dwuznaczność (3 folderów))
[2026-08-06 13:11:16] [INFO] SYMULACJA POMINIĘCIE: 'D10-L70-Z4-LAMACZ-WIERTŁO-HW.tom' (Brak folderu w bazie)
[2026-08-06 13:11:16] [INFO] SYMULACJA POMINIĘCIE: 'D16 Z4 RYFEL.tom' (Brak folderu w bazie)
[2026-08-06 13:11:16] [INFO] SYMULACJA POMINIĘCIE: 'D5 L30 Z1 PRAWO-LEWY HW POLER JW.tom' (Brak folderu w bazie)
[2026-08-06 13:11:16] [INFO] SYMULACJA POMINIĘCIE: 'D5 L30 Z1 PRAWO-LEWY HW POLER.tom' (Brak folderu w bazie)
[2026-08-06 13:11:16] [INFO] SYMULACJA POMINIĘCIE: 'D5 L35 Z3 HSS.tom' (Dwuznaczność (2 folderów))
[2026-08-06 13:11:16] [INFO] SYMULACJA POMINIĘCIE: 'D8_Z4_L38_LAMACZ_Hss_CZOŁO JAK  WIERTŁO.tom' (Brak folderu w bazie)
[2026-08-06 13:11:16] [INFO] SYMULACJA POMINIĘCIE: 'DIAM-TOOLS FREZ D53 Z10 R21.tom' (Dwuznaczność (5 folderów))
[2026-08-06 13:11:16] [INFO] SYMULACJA POMINIĘCIE: 'EMPOL WIERTLO Z4 6x12 KLAMKA PRAWE stara geometria .tom' (Dwuznaczność (2 folderów))
[2026-08-06 13:11:16] [INFO] SYMULACJA POMINIĘCIE: 'Fazownik D10 k35.tom' (Brak folderu w bazie)
[2026-08-06 13:11:16] [INFO] SYMULACJA POMINIĘCIE: 'Fazownik d12 k60 d6.4.tom' (Brak folderu w bazie)
[2026-08-06 13:11:16] [INFO] SYMULACJA POMINIĘCIE: 'Fazownik D12 k60.tom' (Brak folderu w bazie)
[2026-08-06 13:11:16] [INFO] SYMULACJA POMINIĘCIE: 'FLORAD Frez D25x18 Z3 .tom' (Dwuznaczność (4 folderów))
[2026-08-06 13:11:16] [INFO] SYMULACJA POMINIĘCIE: 'FREZ D14 L20 Z4.tom' (Brak folderu w bazie)
[2026-08-06 13:11:16] [INFO] SYMULACJA POMINIĘCIE: 'FREZ D22 Z2 L80 PROSTY PRZESTAWIONY.tom' (Dwuznaczność (2 folderów))
[2026-08-06 13:11:16] [INFO] SYMULACJA POMINIĘCIE: 'FREZ D40 Z18 HW.tom' (Dwuznaczność (2 folderów))
[2026-08-06 13:11:16] [INFO] SYMULACJA POMINIĘCIE: 'FREZ D6 Z2+2 L15x50 v2.tom' (Brak folderu w bazie)
[2026-08-06 13:11:16] [INFO] SYMULACJA POMINIĘCIE: 'Frez d85 z8 ostrzenie.tom' (Brak folderu w bazie)
[2026-08-06 13:11:16] [INFO] SYMULACJA POMINIĘCIE: 'FREZ K40 Z3 L1.6.tom' (Brak folderu w bazie)
[2026-08-06 13:11:16] [INFO] SYMULACJA POMINIĘCIE: 'Frez promieniowy R2 D5.2 K2.tom' (Brak folderu w bazie)
[2026-08-06 13:11:16] [INFO] SYMULACJA POMINIĘCIE: 'FREZ STOZKOWY D10 L52 K1.19.tom' (Dwuznaczność (3 folderów))
[2026-08-06 13:11:16] [INFO] SYMULACJA POMINIĘCIE: 'FREZ TEOWY D19.5 PRAWA pilka 4+4.tom' (Brak folderu w bazie)
[2026-08-06 13:11:16] [INFO] SYMULACJA POMINIĘCIE: 'FREZWID NAWIERTAK D10 90st.tom' (Brak folderu w bazie)
[2026-08-06 13:11:16] [INFO] SYMULACJA POMINIĘCIE: 'FREZWID NAWIERTAK D12 90st.tom' (Brak folderu w bazie)
[2026-08-06 13:11:16] [INFO] SYMULACJA POMINIĘCIE: 'FREZWID NAWIERTAK D6 90st.tom' (Brak folderu w bazie)
[2026-08-06 13:11:16] [INFO] SYMULACJA POMINIĘCIE: 'GOLD DOOR D16 L45 Z3 WYKANCZAJACO-ZGRUBNY.tom' (Dwuznaczność (3 folderów))
[2026-08-06 13:11:16] [INFO] SYMULACJA POMINIĘCIE: 'KOCZY Z2 D38 PROFIL R5.tom' (Dwuznaczność (3 folderów))
[2026-08-06 13:11:16] [INFO] SYMULACJA POMINIĘCIE: 'KONCOWKI D12.tom' (Brak folderu w bazie)
[2026-08-06 13:11:16] [INFO] SYMULACJA POMINIĘCIE: 'KP czyszczarka.D10 45st ostra Z4.tom' (Brak folderu w bazie)
[2026-08-06 13:11:16] [INFO] SYMULACJA POMINIĘCIE: 'KP czyszczarka.D10 45st ostra.tom' (Brak folderu w bazie)
[2026-08-06 13:11:16] [INFO] SYMULACJA POMINIĘCIE: 'KP FREZ D3 Z3.tom' (Brak folderu w bazie)
[2026-08-06 13:11:16] [INFO] SYMULACJA POMINIĘCIE: 'KULA D10 KP.tom' (Brak folderu w bazie)
[2026-08-06 13:11:16] [INFO] SYMULACJA POMINIĘCIE: 'KULA D12 KP.tom' (Brak folderu w bazie)
[2026-08-06 13:11:16] [INFO] SYMULACJA POMINIĘCIE: 'KULA D16 KP.tom' (Brak folderu w bazie)
[2026-08-06 13:11:16] [INFO] SYMULACJA POMINIĘCIE: 'KULA D4 KP.tom' (Brak folderu w bazie)
[2026-08-06 13:11:16] [INFO] SYMULACJA POMINIĘCIE: 'KULA D5,3 KP.tom' (Brak folderu w bazie)
[2026-08-06 13:11:16] [INFO] SYMULACJA POMINIĘCIE: 'KULA D6 KP.tom' (Brak folderu w bazie)
[2026-08-06 13:11:16] [INFO] SYMULACJA POMINIĘCIE: 'MAR-TOM PRZEROBKA NA PRZELOTOWE 60st.tom' (Brak folderu w bazie)
[2026-08-06 13:11:16] [INFO] SYMULACJA POMINIĘCIE: 'MB TRADING Noz Oscylacyjny D6 D0,5 L15 MIECZ.tom' (Dwuznaczność (3 folderów))
[2026-08-06 13:11:16] [INFO] SYMULACJA POMINIĘCIE: 'MULTI OKNA FREZ A1-518.tom' (Brak folderu w bazie)
[2026-08-06 13:11:16] [INFO] SYMULACJA POMINIĘCIE: 'nawiertak 90st D10.tom' (Brak folderu w bazie)
[2026-08-06 13:11:16] [INFO] SYMULACJA POMINIĘCIE: 'nawiertak 90st D12 testy v2.tom' (Brak folderu w bazie)
[2026-08-06 13:11:16] [INFO] SYMULACJA POMINIĘCIE: 'nawiertak 90st D12 testy v3.tom' (Brak folderu w bazie)
[2026-08-06 13:11:16] [INFO] SYMULACJA POMINIĘCIE: 'nawiertak 90st D12 testy.tom' (Brak folderu w bazie)
[2026-08-06 13:11:16] [INFO] SYMULACJA POMINIĘCIE: 'nawiertak 90st D12.tom' (Brak folderu w bazie)
[2026-08-06 13:11:16] [INFO] SYMULACJA POMINIĘCIE: 'nawiertak 90st D6.tom' (Brak folderu w bazie)
[2026-08-06 13:11:16] [INFO] SYMULACJA POMINIĘCIE: 'PREZMET D20 LEWA pilka 6+6.tom' (Dwuznaczność (4 folderów))
[2026-08-06 13:11:16] [INFO] SYMULACJA POMINIĘCIE: 'PREZMET D20 PRAWA pilka 6+6 koncowka.tom' (Brak folderu w bazie)
[2026-08-06 13:11:16] [INFO] SYMULACJA POMINIĘCIE: 'PREZMET D20 PRAWA pilka 6+6.tom' (Dwuznaczność (5 folderów))
[2026-08-06 13:11:16] [INFO] SYMULACJA POMINIĘCIE: 'promien r1.5 maciej syrzistie.tom' (Brak folderu w bazie)
[2026-08-06 13:11:16] [INFO] SYMULACJA POMINIĘCIE: 'Rozwiertak 22.5 Ap.tom' (Brak folderu w bazie)
[2026-08-06 13:11:16] [INFO] SYMULACJA POMINIĘCIE: 'Rozwiertak 6.06.tom' (Brak folderu w bazie)
[2026-08-06 13:11:16] [INFO] SYMULACJA POMINIĘCIE: 'Splaszczenia pod klucz.tom' (Brak folderu w bazie)
[2026-08-06 13:11:16] [INFO] SYMULACJA POMINIĘCIE: 'SZLIF NA OKRAGLO R300.tom' (Brak folderu w bazie)
[2026-08-06 13:11:16] [INFO] SYMULACJA POMINIĘCIE: 'TECHNOCAM D10 Z3 KULKA LOLIPOP.tom' (Dwuznaczność (3 folderów))
[2026-08-06 13:11:16] [INFO] SYMULACJA POMINIĘCIE: 'TECHNOCAM D12 Z3 KULKA LOLIPOP.tom' (Dwuznaczność (3 folderów))
[2026-08-06 13:11:16] [INFO] SYMULACJA POMINIĘCIE: 'TECHNOCAM D14 Z3 KULKA LOLIPOP.tom' (Dwuznaczność (3 folderów))
[2026-08-06 13:11:16] [INFO] SYMULACJA POMINIĘCIE: 'TECHNOCAM D16 Z3 KULKA LOLIPOP.tom' (Dwuznaczność (4 folderów))
[2026-08-06 13:11:16] [INFO] SYMULACJA POMINIĘCIE: 'TECHNOCAM D18 Z3 KULKA LOLIPOP.tom' (Dwuznaczność (4 folderów))
[2026-08-06 13:11:16] [INFO] SYMULACJA OK: 'testBlad.tom' zakwalifikowany do '0 VALEO'
[2026-08-06 13:11:16] [INFO] SYMULACJA POMINIĘCIE: 'VALEO AW900 Rolka MR1.ST6.02.05_1V2.tom' (Dwuznaczność (2 folderów))
[2026-08-06 13:11:16] [INFO] SYMULACJA POMINIĘCIE: 'W1-ST D5.9.tom' (Brak folderu w bazie)
[2026-08-06 13:11:16] [INFO] SYMULACJA POMINIĘCIE: 'W1-ST D6.3.tom' (Brak folderu w bazie)
[2026-08-06 13:11:16] [INFO] SYMULACJA POMINIĘCIE: 'WIERTLO D10 Z2 L100 K60 PRAWE PRZELOTOWE.tom' (Dwuznaczność (2 folderów))
[2026-08-06 13:11:16] [INFO] SYMULACJA POMINIĘCIE: 'WIERTLO D12-LEWE-LAMACZ NA CZOLE.tom' (Dwuznaczność (2 folderów))
[2026-08-06 13:11:16] [INFO] SYMULACJA POMINIĘCIE: 'WIERTLO D12-PRAWE-LAMACZ NA CZOLE.tom' (Dwuznaczność (2 folderów))
[2026-08-06 13:11:16] [INFO] SYMULACJA POMINIĘCIE: 'WIERTLO D12x6 PRAWE K120 NACINAKI.tom' (Dwuznaczność (2 folderów))
[2026-08-06 13:11:16] [INFO] SYMULACJA POMINIĘCIE: 'WIERTLO D14 L120 K90 PRZELOTOWE.tom' (Dwuznaczność (2 folderów))
[2026-08-06 13:11:16] [INFO] SYMULACJA POMINIĘCIE: 'WIERTLO D35.3 L35 MORSE.tom' (Dwuznaczność (2 folderów))
[2026-08-06 13:11:16] [INFO] SYMULACJA POMINIĘCIE: 'wiertlo d6.3.tom' (Brak folderu w bazie)
[2026-08-06 13:11:16] [INFO] SYMULACJA POMINIĘCIE: 'WIERTLO POD KLAMKE D6x12 L6 PRAWE.tom' (Dwuznaczność (3 folderów))
[2026-08-06 13:11:16] [INFO] SYMULACJA POMINIĘCIE: 'WIERTLO- D12 L200 Z1 PRAWE-ROWEK 45STOPNI profil.tom' (Brak folderu w bazie)
[2026-08-06 13:11:16] [INFO] SYMULACJA POMINIĘCIE: 'WiertloGwintujace 4.2 M5 L5.tom' (Brak folderu w bazie)
[2026-08-06 13:11:16] [INFO] SYMULACJA POMINIĘCIE: 'WiertloGwintujace M5.tom' (Brak folderu w bazie)
[2026-08-06 13:11:16] [INFO] SYMULACJA POMINIĘCIE: 'WIERTŁO-D18-L34.5-D15-L5.5-D12-L34.5-D6-L5.5-PRAWE-HS.tom' (Brak folderu w bazie)
[2026-08-06 13:11:20] [INFO] AUTO-ARCHIWIZACJA POMINIĘTO: 'AGAT PLUS D8 Z4 L45.tom'. Powód: Brak folderu w bazie
[2026-08-06 13:11:20] [INFO] AUTO-ARCHIWIZACJA POMINIĘTO: 'ALL WINDOWS D6 Z4 P L30 F1.0 CIETY.tom'. Powód: Brak folderu w bazie
[2026-08-06 13:11:20] [INFO] AUTO-ARCHIWIZACJA POMINIĘTO: 'ALUMNI TEHNO Z4 D12x6 LAMACZ NG.tom'. Powód: Dwuznaczność (3 folderów)
[2026-08-06 13:11:20] [INFO] AUTO-ARCHIWIZACJA POMINIĘTO: 'D10-L70-Z4-LAMACZ-WIERTŁO-HW.tom'. Powód: Brak folderu w bazie
[2026-08-06 13:11:20] [INFO] AUTO-ARCHIWIZACJA POMINIĘTO: 'D16 Z4 RYFEL.tom'. Powód: Brak folderu w bazie
[2026-08-06 13:11:20] [INFO] AUTO-ARCHIWIZACJA POMINIĘTO: 'D5 L30 Z1 PRAWO-LEWY HW POLER JW.tom'. Powód: Brak folderu w bazie
[2026-08-06 13:11:20] [INFO] AUTO-ARCHIWIZACJA POMINIĘTO: 'D5 L30 Z1 PRAWO-LEWY HW POLER.tom'. Powód: Brak folderu w bazie
[2026-08-06 13:11:20] [INFO] AUTO-ARCHIWIZACJA POMINIĘTO: 'D5 L35 Z3 HSS.tom'. Powód: Dwuznaczność (2 folderów)
[2026-08-06 13:11:20] [INFO] AUTO-ARCHIWIZACJA POMINIĘTO: 'D8_Z4_L38_LAMACZ_Hss_CZOŁO JAK  WIERTŁO.tom'. Powód: Brak folderu w bazie
[2026-08-06 13:11:20] [INFO] AUTO-ARCHIWIZACJA POMINIĘTO: 'DIAM-TOOLS FREZ D53 Z10 R21.tom'. Powód: Dwuznaczność (5 folderów)
[2026-08-06 13:11:20] [INFO] AUTO-ARCHIWIZACJA POMINIĘTO: 'EMPOL WIERTLO Z4 6x12 KLAMKA PRAWE stara geometria .tom'. Powód: Dwuznaczność (2 folderów)
[2026-08-06 13:11:20] [INFO] AUTO-ARCHIWIZACJA POMINIĘTO: 'Fazownik D10 k35.tom'. Powód: Brak folderu w bazie
[2026-08-06 13:11:20] [INFO] AUTO-ARCHIWIZACJA POMINIĘTO: 'Fazownik d12 k60 d6.4.tom'. Powód: Brak folderu w bazie
[2026-08-06 13:11:20] [INFO] AUTO-ARCHIWIZACJA POMINIĘTO: 'Fazownik D12 k60.tom'. Powód: Brak folderu w bazie
[2026-08-06 13:11:20] [INFO] AUTO-ARCHIWIZACJA POMINIĘTO: 'FLORAD Frez D25x18 Z3 .tom'. Powód: Dwuznaczność (4 folderów)
[2026-08-06 13:11:20] [INFO] AUTO-ARCHIWIZACJA POMINIĘTO: 'FREZ D14 L20 Z4.tom'. Powód: Brak folderu w bazie
[2026-08-06 13:11:20] [INFO] AUTO-ARCHIWIZACJA POMINIĘTO: 'FREZ D22 Z2 L80 PROSTY PRZESTAWIONY.tom'. Powód: Dwuznaczność (2 folderów)
[2026-08-06 13:11:20] [INFO] AUTO-ARCHIWIZACJA POMINIĘTO: 'FREZ D40 Z18 HW.tom'. Powód: Dwuznaczność (2 folderów)
[2026-08-06 13:11:20] [INFO] AUTO-ARCHIWIZACJA POMINIĘTO: 'FREZ D6 Z2+2 L15x50 v2.tom'. Powód: Brak folderu w bazie
[2026-08-06 13:11:20] [INFO] AUTO-ARCHIWIZACJA POMINIĘTO: 'Frez d85 z8 ostrzenie.tom'. Powód: Brak folderu w bazie
[2026-08-06 13:11:20] [INFO] AUTO-ARCHIWIZACJA POMINIĘTO: 'FREZ K40 Z3 L1.6.tom'. Powód: Brak folderu w bazie
[2026-08-06 13:11:20] [INFO] AUTO-ARCHIWIZACJA POMINIĘTO: 'Frez promieniowy R2 D5.2 K2.tom'. Powód: Brak folderu w bazie
[2026-08-06 13:11:20] [INFO] AUTO-ARCHIWIZACJA POMINIĘTO: 'FREZ STOZKOWY D10 L52 K1.19.tom'. Powód: Dwuznaczność (3 folderów)
[2026-08-06 13:11:20] [INFO] AUTO-ARCHIWIZACJA POMINIĘTO: 'FREZ TEOWY D19.5 PRAWA pilka 4+4.tom'. Powód: Brak folderu w bazie
[2026-08-06 13:11:20] [INFO] AUTO-ARCHIWIZACJA POMINIĘTO: 'FREZWID NAWIERTAK D10 90st.tom'. Powód: Brak folderu w bazie
[2026-08-06 13:11:20] [INFO] AUTO-ARCHIWIZACJA POMINIĘTO: 'FREZWID NAWIERTAK D12 90st.tom'. Powód: Brak folderu w bazie
[2026-08-06 13:11:20] [INFO] AUTO-ARCHIWIZACJA POMINIĘTO: 'FREZWID NAWIERTAK D6 90st.tom'. Powód: Brak folderu w bazie
[2026-08-06 13:11:20] [INFO] AUTO-ARCHIWIZACJA POMINIĘTO: 'GOLD DOOR D16 L45 Z3 WYKANCZAJACO-ZGRUBNY.tom'. Powód: Dwuznaczność (3 folderów)
[2026-08-06 13:11:20] [INFO] AUTO-ARCHIWIZACJA POMINIĘTO: 'KOCZY Z2 D38 PROFIL R5.tom'. Powód: Dwuznaczność (3 folderów)
[2026-08-06 13:11:20] [INFO] AUTO-ARCHIWIZACJA POMINIĘTO: 'KONCOWKI D12.tom'. Powód: Brak folderu w bazie
[2026-08-06 13:11:20] [INFO] AUTO-ARCHIWIZACJA POMINIĘTO: 'KP czyszczarka.D10 45st ostra Z4.tom'. Powód: Brak folderu w bazie
[2026-08-06 13:11:20] [INFO] AUTO-ARCHIWIZACJA POMINIĘTO: 'KP czyszczarka.D10 45st ostra.tom'. Powód: Brak folderu w bazie
[2026-08-06 13:11:20] [INFO] AUTO-ARCHIWIZACJA POMINIĘTO: 'KP FREZ D3 Z3.tom'. Powód: Brak folderu w bazie
[2026-08-06 13:11:20] [INFO] AUTO-ARCHIWIZACJA POMINIĘTO: 'KULA D10 KP.tom'. Powód: Brak folderu w bazie
[2026-08-06 13:11:20] [INFO] AUTO-ARCHIWIZACJA POMINIĘTO: 'KULA D12 KP.tom'. Powód: Brak folderu w bazie
[2026-08-06 13:11:20] [INFO] AUTO-ARCHIWIZACJA POMINIĘTO: 'KULA D16 KP.tom'. Powód: Brak folderu w bazie
[2026-08-06 13:11:20] [INFO] AUTO-ARCHIWIZACJA POMINIĘTO: 'KULA D4 KP.tom'. Powód: Brak folderu w bazie
[2026-08-06 13:11:20] [INFO] AUTO-ARCHIWIZACJA POMINIĘTO: 'KULA D5,3 KP.tom'. Powód: Brak folderu w bazie
[2026-08-06 13:11:20] [INFO] AUTO-ARCHIWIZACJA POMINIĘTO: 'KULA D6 KP.tom'. Powód: Brak folderu w bazie
[2026-08-06 13:11:20] [INFO] AUTO-ARCHIWIZACJA POMINIĘTO: 'MAR-TOM PRZEROBKA NA PRZELOTOWE 60st.tom'. Powód: Brak folderu w bazie
[2026-08-06 13:11:20] [INFO] AUTO-ARCHIWIZACJA POMINIĘTO: 'MB TRADING Noz Oscylacyjny D6 D0,5 L15 MIECZ.tom'. Powód: Dwuznaczność (3 folderów)
[2026-08-06 13:11:20] [INFO] AUTO-ARCHIWIZACJA POMINIĘTO: 'MULTI OKNA FREZ A1-518.tom'. Powód: Brak folderu w bazie
[2026-08-06 13:11:20] [INFO] AUTO-ARCHIWIZACJA POMINIĘTO: 'nawiertak 90st D10.tom'. Powód: Brak folderu w bazie
[2026-08-06 13:11:20] [INFO] AUTO-ARCHIWIZACJA POMINIĘTO: 'nawiertak 90st D12 testy v2.tom'. Powód: Brak folderu w bazie
[2026-08-06 13:11:20] [INFO] AUTO-ARCHIWIZACJA POMINIĘTO: 'nawiertak 90st D12 testy v3.tom'. Powód: Brak folderu w bazie
[2026-08-06 13:11:20] [INFO] AUTO-ARCHIWIZACJA POMINIĘTO: 'nawiertak 90st D12 testy.tom'. Powód: Brak folderu w bazie
[2026-08-06 13:11:20] [INFO] AUTO-ARCHIWIZACJA POMINIĘTO: 'nawiertak 90st D12.tom'. Powód: Brak folderu w bazie
[2026-08-06 13:11:20] [INFO] AUTO-ARCHIWIZACJA POMINIĘTO: 'nawiertak 90st D6.tom'. Powód: Brak folderu w bazie
[2026-08-06 13:11:20] [INFO] AUTO-ARCHIWIZACJA POMINIĘTO: 'PREZMET D20 LEWA pilka 6+6.tom'. Powód: Dwuznaczność (4 folderów)
[2026-08-06 13:11:20] [INFO] AUTO-ARCHIWIZACJA POMINIĘTO: 'PREZMET D20 PRAWA pilka 6+6 koncowka.tom'. Powód: Brak folderu w bazie
[2026-08-06 13:11:20] [INFO] AUTO-ARCHIWIZACJA POMINIĘTO: 'PREZMET D20 PRAWA pilka 6+6.tom'. Powód: Dwuznaczność (5 folderów)
[2026-08-06 13:11:20] [INFO] AUTO-ARCHIWIZACJA POMINIĘTO: 'promien r1.5 maciej syrzistie.tom'. Powód: Brak folderu w bazie
[2026-08-06 13:11:20] [INFO] AUTO-ARCHIWIZACJA POMINIĘTO: 'Rozwiertak 22.5 Ap.tom'. Powód: Brak folderu w bazie
[2026-08-06 13:11:20] [INFO] AUTO-ARCHIWIZACJA POMINIĘTO: 'Rozwiertak 6.06.tom'. Powód: Brak folderu w bazie
[2026-08-06 13:11:20] [INFO] AUTO-ARCHIWIZACJA POMINIĘTO: 'Splaszczenia pod klucz.tom'. Powód: Brak folderu w bazie
[2026-08-06 13:11:20] [INFO] AUTO-ARCHIWIZACJA POMINIĘTO: 'SZLIF NA OKRAGLO R300.tom'. Powód: Brak folderu w bazie
[2026-08-06 13:11:20] [INFO] AUTO-ARCHIWIZACJA POMINIĘTO: 'TECHNOCAM D10 Z3 KULKA LOLIPOP.tom'. Powód: Dwuznaczność (3 folderów)
[2026-08-06 13:11:20] [INFO] AUTO-ARCHIWIZACJA POMINIĘTO: 'TECHNOCAM D12 Z3 KULKA LOLIPOP.tom'. Powód: Dwuznaczność (3 folderów)
[2026-08-06 13:11:20] [INFO] AUTO-ARCHIWIZACJA POMINIĘTO: 'TECHNOCAM D14 Z3 KULKA LOLIPOP.tom'. Powód: Dwuznaczność (3 folderów)
[2026-08-06 13:11:20] [INFO] AUTO-ARCHIWIZACJA POMINIĘTO: 'TECHNOCAM D16 Z3 KULKA LOLIPOP.tom'. Powód: Dwuznaczność (4 folderów)
[2026-08-06 13:11:20] [INFO] AUTO-ARCHIWIZACJA POMINIĘTO: 'TECHNOCAM D18 Z3 KULKA LOLIPOP.tom'. Powód: Dwuznaczność (4 folderów)
[2026-08-06 13:11:21] [INFO] AUTO-ARCHIWIZACJA SUKCES: 'testBlad.tom' -> 'WYKONANIE MX7_ULTRA 16_07_26 13_18'
[2026-08-06 13:11:21] [INFO] AUTO-ARCHIWIZACJA POMINIĘTO: 'VALEO AW900 Rolka MR1.ST6.02.05_1V2.tom'. Powód: Dwuznaczność (2 folderów)
[2026-08-06 13:11:21] [INFO] AUTO-ARCHIWIZACJA POMINIĘTO: 'W1-ST D5.9.tom'. Powód: Brak folderu w bazie
[2026-08-06 13:11:21] [INFO] AUTO-ARCHIWIZACJA POMINIĘTO: 'W1-ST D6.3.tom'. Powód: Brak folderu w bazie
[2026-08-06 13:11:21] [INFO] AUTO-ARCHIWIZACJA POMINIĘTO: 'WIERTLO D10 Z2 L100 K60 PRAWE PRZELOTOWE.tom'. Powód: Dwuznaczność (2 folderów)
[2026-08-06 13:11:21] [INFO] AUTO-ARCHIWIZACJA POMINIĘTO: 'WIERTLO D12-LEWE-LAMACZ NA CZOLE.tom'. Powód: Dwuznaczność (2 folderów)
[2026-08-06 13:11:21] [INFO] AUTO-ARCHIWIZACJA POMINIĘTO: 'WIERTLO D12-PRAWE-LAMACZ NA CZOLE.tom'. Powód: Dwuznaczność (2 folderów)
[2026-08-06 13:11:21] [INFO] AUTO-ARCHIWIZACJA POMINIĘTO: 'WIERTLO D12x6 PRAWE K120 NACINAKI.tom'. Powód: Dwuznaczność (2 folderów)
[2026-08-06 13:11:21] [INFO] AUTO-ARCHIWIZACJA POMINIĘTO: 'WIERTLO D14 L120 K90 PRZELOTOWE.tom'. Powód: Dwuznaczność (2 folderów)
[2026-08-06 13:11:21] [INFO] AUTO-ARCHIWIZACJA POMINIĘTO: 'WIERTLO D35.3 L35 MORSE.tom'. Powód: Dwuznaczność (2 folderów)
[2026-08-06 13:11:21] [INFO] AUTO-ARCHIWIZACJA POMINIĘTO: 'wiertlo d6.3.tom'. Powód: Brak folderu w bazie
[2026-08-06 13:11:21] [INFO] AUTO-ARCHIWIZACJA POMINIĘTO: 'WIERTLO POD KLAMKE D6x12 L6 PRAWE.tom'. Powód: Dwuznaczność (3 folderów)
[2026-08-06 13:11:21] [INFO] AUTO-ARCHIWIZACJA POMINIĘTO: 'WIERTLO- D12 L200 Z1 PRAWE-ROWEK 45STOPNI profil.tom'. Powód: Brak folderu w bazie
[2026-08-06 13:11:21] [INFO] AUTO-ARCHIWIZACJA POMINIĘTO: 'WiertloGwintujace 4.2 M5 L5.tom'. Powód: Brak folderu w bazie
[2026-08-06 13:11:21] [INFO] AUTO-ARCHIWIZACJA POMINIĘTO: 'WiertloGwintujace M5.tom'. Powód: Brak folderu w bazie
[2026-08-06 13:11:21] [INFO] AUTO-ARCHIWIZACJA POMINIĘTO: 'WIERTŁO-D18-L34.5-D15-L5.5-D12-L34.5-D6-L5.5-PRAWE-HS.tom'. Powód: Brak folderu w bazie
[2026-08-06 13:20:05] [INFO] Uruchomiono aplikację Network File Manager.
[2026-08-06 13:22:33] [INFO] Uruchomiono aplikację Network File Manager.
[2026-08-06 13:28:08] [INFO] Uruchomiono aplikację Network File Manager.
[2026-08-06 13:28:22] [INFO] Uruchomiono aplikację Network File Manager.
[2026-08-06 13:28:37] [INFO] Uruchomiono aplikację Network File Manager.
[2026-08-06 13:28:50] [INFO] AUTO-ARCHIWIZACJA POMINIĘTO: 'AGAT PLUS D8 Z4 L45.tom'. Powód: Brak folderu w bazie
[2026-08-06 13:28:50] [INFO] AUTO-ARCHIWIZACJA POMINIĘTO: 'ALL WINDOWS D6 Z4 P L30 F1.0 CIETY.tom'. Powód: Brak folderu w bazie
[2026-08-06 13:28:50] [INFO] AUTO-ARCHIWIZACJA POMINIĘTO: 'ALUMNI TEHNO Z4 D12x6 LAMACZ NG.tom'. Powód: Dwuznaczność (3 folderów)
[2026-08-06 13:28:50] [INFO] AUTO-ARCHIWIZACJA POMINIĘTO: 'D10-L70-Z4-LAMACZ-WIERTŁO-HW.tom'. Powód: Brak folderu w bazie
[2026-08-06 13:28:50] [INFO] AUTO-ARCHIWIZACJA POMINIĘTO: 'D16 Z4 RYFEL.tom'. Powód: Brak folderu w bazie
[2026-08-06 13:28:50] [INFO] AUTO-ARCHIWIZACJA POMINIĘTO: 'D5 L30 Z1 PRAWO-LEWY HW POLER JW.tom'. Powód: Brak folderu w bazie
[2026-08-06 13:28:50] [INFO] AUTO-ARCHIWIZACJA POMINIĘTO: 'D5 L30 Z1 PRAWO-LEWY HW POLER.tom'. Powód: Brak folderu w bazie
[2026-08-06 13:28:50] [INFO] AUTO-ARCHIWIZACJA POMINIĘTO: 'D5 L35 Z3 HSS.tom'. Powód: Dwuznaczność (2 folderów)
[2026-08-06 13:28:50] [INFO] AUTO-ARCHIWIZACJA POMINIĘTO: 'D8_Z4_L38_LAMACZ_Hss_CZOŁO JAK  WIERTŁO.tom'. Powód: Brak folderu w bazie
[2026-08-06 13:28:50] [INFO] AUTO-ARCHIWIZACJA POMINIĘTO: 'DIAM-TOOLS FREZ D53 Z10 R21.tom'. Powód: Dwuznaczność (5 folderów)
[2026-08-06 13:28:50] [INFO] AUTO-ARCHIWIZACJA POMINIĘTO: 'EMPOL WIERTLO Z4 6x12 KLAMKA PRAWE stara geometria .tom'. Powód: Dwuznaczność (2 folderów)
[2026-08-06 13:28:50] [INFO] AUTO-ARCHIWIZACJA POMINIĘTO: 'Fazownik D10 k35.tom'. Powód: Brak folderu w bazie
[2026-08-06 13:28:50] [INFO] AUTO-ARCHIWIZACJA POMINIĘTO: 'Fazownik d12 k60 d6.4.tom'. Powód: Brak folderu w bazie
[2026-08-06 13:28:50] [INFO] AUTO-ARCHIWIZACJA POMINIĘTO: 'Fazownik D12 k60.tom'. Powód: Brak folderu w bazie
[2026-08-06 13:28:50] [INFO] AUTO-ARCHIWIZACJA POMINIĘTO: 'FLORAD Frez D25x18 Z3 .tom'. Powód: Dwuznaczność (4 folderów)
[2026-08-06 13:28:50] [INFO] AUTO-ARCHIWIZACJA POMINIĘTO: 'FREZ D14 L20 Z4.tom'. Powód: Brak folderu w bazie
[2026-08-06 13:28:50] [INFO] AUTO-ARCHIWIZACJA POMINIĘTO: 'FREZ D22 Z2 L80 PROSTY PRZESTAWIONY.tom'. Powód: Dwuznaczność (2 folderów)
[2026-08-06 13:28:50] [INFO] AUTO-ARCHIWIZACJA POMINIĘTO: 'FREZ D40 Z18 HW.tom'. Powód: Dwuznaczność (2 folderów)
[2026-08-06 13:28:50] [INFO] AUTO-ARCHIWIZACJA POMINIĘTO: 'FREZ D6 Z2+2 L15x50 v2.tom'. Powód: Brak folderu w bazie
[2026-08-06 13:28:50] [INFO] AUTO-ARCHIWIZACJA POMINIĘTO: 'Frez d85 z8 ostrzenie.tom'. Powód: Brak folderu w bazie
[2026-08-06 13:28:50] [INFO] AUTO-ARCHIWIZACJA POMINIĘTO: 'FREZ K40 Z3 L1.6.tom'. Powód: Brak folderu w bazie
[2026-08-06 13:28:50] [INFO] AUTO-ARCHIWIZACJA POMINIĘTO: 'Frez promieniowy R2 D5.2 K2.tom'. Powód: Brak folderu w bazie
[2026-08-06 13:28:50] [INFO] AUTO-ARCHIWIZACJA POMINIĘTO: 'FREZ STOZKOWY D10 L52 K1.19.tom'. Powód: Dwuznaczność (3 folderów)
[2026-08-06 13:28:50] [INFO] AUTO-ARCHIWIZACJA POMINIĘTO: 'FREZ TEOWY D19.5 PRAWA pilka 4+4.tom'. Powód: Brak folderu w bazie
[2026-08-06 13:28:50] [INFO] AUTO-ARCHIWIZACJA POMINIĘTO: 'FREZWID NAWIERTAK D10 90st.tom'. Powód: Brak folderu w bazie
[2026-08-06 13:28:50] [INFO] AUTO-ARCHIWIZACJA POMINIĘTO: 'FREZWID NAWIERTAK D12 90st.tom'. Powód: Brak folderu w bazie
[2026-08-06 13:28:50] [INFO] AUTO-ARCHIWIZACJA POMINIĘTO: 'FREZWID NAWIERTAK D6 90st.tom'. Powód: Brak folderu w bazie
[2026-08-06 13:28:50] [INFO] AUTO-ARCHIWIZACJA POMINIĘTO: 'GOLD DOOR D16 L45 Z3 WYKANCZAJACO-ZGRUBNY.tom'. Powód: Dwuznaczność (3 folderów)
[2026-08-06 13:28:50] [INFO] AUTO-ARCHIWIZACJA POMINIĘTO: 'KOCZY Z2 D38 PROFIL R5.tom'. Powód: Dwuznaczność (3 folderów)
[2026-08-06 13:28:50] [INFO] AUTO-ARCHIWIZACJA POMINIĘTO: 'KONCOWKI D12.tom'. Powód: Brak folderu w bazie
[2026-08-06 13:28:50] [INFO] AUTO-ARCHIWIZACJA POMINIĘTO: 'KP czyszczarka.D10 45st ostra Z4.tom'. Powód: Brak folderu w bazie
[2026-08-06 13:28:50] [INFO] AUTO-ARCHIWIZACJA POMINIĘTO: 'KP czyszczarka.D10 45st ostra.tom'. Powód: Brak folderu w bazie
[2026-08-06 13:28:50] [INFO] AUTO-ARCHIWIZACJA POMINIĘTO: 'KP FREZ D3 Z3.tom'. Powód: Brak folderu w bazie
[2026-08-06 13:28:50] [INFO] AUTO-ARCHIWIZACJA POMINIĘTO: 'KULA D10 KP.tom'. Powód: Brak folderu w bazie
[2026-08-06 13:28:50] [INFO] AUTO-ARCHIWIZACJA POMINIĘTO: 'KULA D12 KP.tom'. Powód: Brak folderu w bazie
[2026-08-06 13:28:50] [INFO] AUTO-ARCHIWIZACJA POMINIĘTO: 'KULA D16 KP.tom'. Powód: Brak folderu w bazie
[2026-08-06 13:28:50] [INFO] AUTO-ARCHIWIZACJA POMINIĘTO: 'KULA D4 KP.tom'. Powód: Brak folderu w bazie
[2026-08-06 13:28:50] [INFO] AUTO-ARCHIWIZACJA POMINIĘTO: 'KULA D5,3 KP.tom'. Powód: Brak folderu w bazie
[2026-08-06 13:28:50] [INFO] AUTO-ARCHIWIZACJA POMINIĘTO: 'KULA D6 KP.tom'. Powód: Brak folderu w bazie
[2026-08-06 13:28:50] [INFO] AUTO-ARCHIWIZACJA POMINIĘTO: 'MAR-TOM PRZEROBKA NA PRZELOTOWE 60st.tom'. Powód: Brak folderu w bazie
[2026-08-06 13:28:50] [INFO] AUTO-ARCHIWIZACJA POMINIĘTO: 'MB TRADING Noz Oscylacyjny D6 D0,5 L15 MIECZ.tom'. Powód: Dwuznaczność (3 folderów)
[2026-08-06 13:28:50] [INFO] AUTO-ARCHIWIZACJA POMINIĘTO: 'MULTI OKNA FREZ A1-518.tom'. Powód: Brak folderu w bazie
[2026-08-06 13:28:50] [INFO] AUTO-ARCHIWIZACJA POMINIĘTO: 'nawiertak 90st D10.tom'. Powód: Brak folderu w bazie
[2026-08-06 13:28:50] [INFO] AUTO-ARCHIWIZACJA POMINIĘTO: 'nawiertak 90st D12 testy v2.tom'. Powód: Brak folderu w bazie
[2026-08-06 13:28:50] [INFO] AUTO-ARCHIWIZACJA POMINIĘTO: 'nawiertak 90st D12 testy v3.tom'. Powód: Brak folderu w bazie
[2026-08-06 13:28:50] [INFO] AUTO-ARCHIWIZACJA POMINIĘTO: 'nawiertak 90st D12 testy.tom'. Powód: Brak folderu w bazie
[2026-08-06 13:28:50] [INFO] AUTO-ARCHIWIZACJA POMINIĘTO: 'nawiertak 90st D12.tom'. Powód: Brak folderu w bazie
[2026-08-06 13:28:50] [INFO] AUTO-ARCHIWIZACJA POMINIĘTO: 'nawiertak 90st D6.tom'. Powód: Brak folderu w bazie
[2026-08-06 13:28:50] [INFO] AUTO-ARCHIWIZACJA POMINIĘTO: 'PREZMET D20 LEWA pilka 6+6.tom'. Powód: Dwuznaczność (4 folderów)
[2026-08-06 13:28:50] [INFO] AUTO-ARCHIWIZACJA POMINIĘTO: 'PREZMET D20 PRAWA pilka 6+6 koncowka.tom'. Powód: Brak folderu w bazie
[2026-08-06 13:28:50] [INFO] AUTO-ARCHIWIZACJA POMINIĘTO: 'PREZMET D20 PRAWA pilka 6+6.tom'. Powód: Dwuznaczność (5 folderów)
[2026-08-06 13:28:50] [INFO] AUTO-ARCHIWIZACJA POMINIĘTO: 'promien r1.5 maciej syrzistie.tom'. Powód: Brak folderu w bazie
[2026-08-06 13:28:50] [INFO] AUTO-ARCHIWIZACJA POMINIĘTO: 'Rozwiertak 22.5 Ap.tom'. Powód: Brak folderu w bazie
[2026-08-06 13:28:50] [INFO] AUTO-ARCHIWIZACJA POMINIĘTO: 'Rozwiertak 6.06.tom'. Powód: Brak folderu w bazie
[2026-08-06 13:28:50] [INFO] AUTO-ARCHIWIZACJA POMINIĘTO: 'Splaszczenia pod klucz.tom'. Powód: Brak folderu w bazie
[2026-08-06 13:28:50] [INFO] AUTO-ARCHIWIZACJA POMINIĘTO: 'SZLIF NA OKRAGLO R300.tom'. Powód: Brak folderu w bazie
[2026-08-06 13:28:50] [INFO] AUTO-ARCHIWIZACJA POMINIĘTO: 'TECHNOCAM D10 Z3 KULKA LOLIPOP.tom'. Powód: Dwuznaczność (3 folderów)
[2026-08-06 13:28:50] [INFO] AUTO-ARCHIWIZACJA POMINIĘTO: 'TECHNOCAM D12 Z3 KULKA LOLIPOP.tom'. Powód: Dwuznaczność (3 folderów)
[2026-08-06 13:28:50] [INFO] AUTO-ARCHIWIZACJA POMINIĘTO: 'TECHNOCAM D14 Z3 KULKA LOLIPOP.tom'. Powód: Dwuznaczność (3 folderów)
[2026-08-06 13:28:50] [INFO] AUTO-ARCHIWIZACJA POMINIĘTO: 'TECHNOCAM D16 Z3 KULKA LOLIPOP.tom'. Powód: Dwuznaczność (4 folderów)
[2026-08-06 13:28:50] [INFO] AUTO-ARCHIWIZACJA POMINIĘTO: 'TECHNOCAM D18 Z3 KULKA LOLIPOP.tom'. Powód: Dwuznaczność (4 folderów)
[2026-08-06 13:28:51] [INFO] AUTO-ARCHIWIZACJA SUKCES: 'testBlad.tom' -> 'WYKONANIE MX7_ULTRA 16_07_26 13_18'
[2026-08-06 13:28:51] [INFO] AUTO-ARCHIWIZACJA POMINIĘTO: 'VALEO AW900 Rolka MR1.ST6.02.05_1V2.tom'. Powód: Dwuznaczność (2 folderów)
[2026-08-06 13:28:51] [INFO] AUTO-ARCHIWIZACJA POMINIĘTO: 'W1-ST D5.9.tom'. Powód: Brak folderu w bazie
[2026-08-06 13:28:51] [INFO] AUTO-ARCHIWIZACJA POMINIĘTO: 'W1-ST D6.3.tom'. Powód: Brak folderu w bazie
[2026-08-06 13:28:51] [INFO] AUTO-ARCHIWIZACJA POMINIĘTO: 'WIERTLO D10 Z2 L100 K60 PRAWE PRZELOTOWE.tom'. Powód: Dwuznaczność (2 folderów)
[2026-08-06 13:28:51] [INFO] AUTO-ARCHIWIZACJA POMINIĘTO: 'WIERTLO D12-LEWE-LAMACZ NA CZOLE.tom'. Powód: Dwuznaczność (2 folderów)
[2026-08-06 13:28:51] [INFO] AUTO-ARCHIWIZACJA POMINIĘTO: 'WIERTLO D12-PRAWE-LAMACZ NA CZOLE.tom'. Powód: Dwuznaczność (2 folderów)
[2026-08-06 13:28:51] [INFO] AUTO-ARCHIWIZACJA POMINIĘTO: 'WIERTLO D12x6 PRAWE K120 NACINAKI.tom'. Powód: Dwuznaczność (2 folderów)
[2026-08-06 13:28:51] [INFO] AUTO-ARCHIWIZACJA POMINIĘTO: 'WIERTLO D14 L120 K90 PRZELOTOWE.tom'. Powód: Dwuznaczność (2 folderów)
[2026-08-06 13:28:51] [INFO] AUTO-ARCHIWIZACJA POMINIĘTO: 'WIERTLO D35.3 L35 MORSE.tom'. Powód: Dwuznaczność (2 folderów)
[2026-08-06 13:28:51] [INFO] AUTO-ARCHIWIZACJA POMINIĘTO: 'wiertlo d6.3.tom'. Powód: Brak folderu w bazie
[2026-08-06 13:28:51] [INFO] AUTO-ARCHIWIZACJA POMINIĘTO: 'WIERTLO POD KLAMKE D6x12 L6 PRAWE.tom'. Powód: Dwuznaczność (3 folderów)
[2026-08-06 13:28:51] [INFO] AUTO-ARCHIWIZACJA POMINIĘTO: 'WIERTLO- D12 L200 Z1 PRAWE-ROWEK 45STOPNI profil.tom'. Powód: Brak folderu w bazie
[2026-08-06 13:28:51] [INFO] AUTO-ARCHIWIZACJA POMINIĘTO: 'WiertloGwintujace 4.2 M5 L5.tom'. Powód: Brak folderu w bazie
[2026-08-06 13:28:51] [INFO] AUTO-ARCHIWIZACJA POMINIĘTO: 'WiertloGwintujace M5.tom'. Powód: Brak folderu w bazie
[2026-08-06 13:28:51] [INFO] AUTO-ARCHIWIZACJA POMINIĘTO: 'WIERTŁO-D18-L34.5-D15-L5.5-D12-L34.5-D6-L5.5-PRAWE-HS.tom'. Powód: Brak folderu w bazie
[2026-08-06 14:05:16] [INFO] Uruchomiono aplikację Network File Manager.
[2026-08-06 14:05:36] [INFO] AUTO-ARCHIWIZACJA SUKCES: 'testBlad.tom' -> 'WYKONANIE MX7_ULTRA 16_07_26 13_18'
